{
    "makespan": 76500,
    "avg_reschedule_exec_time": 0.09916723023376783,
    "avg_queue_size": 0.0,
    "avg_n_uncertainty_delay": 0.0006951685783802572,
    "avg_n_scheduler_delay": 0.009384775808133473,
    "avg_n_delay": 0.010079944386513731,
    "conflicts": 0
}