{
    "makespan": 32370,
    "avg_queue_size": 0.004629629629629629,
    "avg_reschedule_exec_time": 0.5228095487106678,
    "n_uncertainty_delay": 10,
    "conflicts": 0,
    "n_scheduler_delay": 348,
    "n_delay": 358,
    "avg_active_aircrafts": 10.999074074074073
}