{
    "avg_n_delay": 0.022408963585434174,
    "avg_n_scheduler_delay": 0.02030812324929972,
    "avg_queue_size": 0.06442577030812324,
    "avg_n_uncertainty_delay": 0.0021008403361344537,
    "conflicts": 0,
    "avg_reschedule_exec_time": 0.2763478755950928,
    "makespan": 76590
}