{
    "n_scheduler_delay": 398,
    "makespan": 32370,
    "avg_reschedule_exec_time": 0.5205280825149181,
    "n_delay": 405,
    "n_uncertainty_delay": 7,
    "avg_queue_size": 0.002777777777777778,
    "conflicts": 0,
    "avg_active_aircrafts": 11.08148148148148
}