{
    "conflicts": 0,
    "avg_n_delay": 0.016783216783216783,
    "avg_n_scheduler_delay": 0.00944055944055944,
    "avg_reschedule_exec_time": 0.2152883234158368,
    "makespan": 76680,
    "avg_queue_size": 0.033566433566433566,
    "avg_n_uncertainty_delay": 0.0073426573426573424
}