{
    "n_scheduler_delay": 342,
    "makespan": 32370,
    "avg_reschedule_exec_time": 0.477039022223894,
    "n_delay": 344,
    "n_uncertainty_delay": 2,
    "avg_queue_size": 0.010185185185185186,
    "conflicts": 0,
    "avg_active_aircrafts": 10.968518518518518
}