{
    "avg_n_delay": 0.01288300835654596,
    "avg_n_scheduler_delay": 0.009052924791086351,
    "avg_queue_size": 0.0020891364902506965,
    "avg_n_uncertainty_delay": 0.00383008356545961,
    "conflicts": 0,
    "avg_reschedule_exec_time": 0.12805326091510624,
    "makespan": 76770
}