{
    "avg_n_uncertainty_delay": 0.006954102920723227,
    "avg_reschedule_exec_time": 0.37864880243051685,
    "conflicts": 0,
    "avg_n_delay": 0.02086230876216968,
    "avg_queue_size": 0.0,
    "avg_n_scheduler_delay": 0.013908205841446454,
    "makespan": 76380
}