{
    "avg_n_scheduler_delay": 0.006606397774687065,
    "avg_queue_size": 0.0006954102920723226,
    "avg_n_delay": 0.013908205841446454,
    "avg_reschedule_exec_time": 0.5853667551428494,
    "conflicts": 0,
    "avg_n_uncertainty_delay": 0.007301808066759388,
    "makespan": 76290
}