{
    "avg_reschedule_exec_time": 0.05411504636567947,
    "avg_n_delay": 0.015994436717663423,
    "avg_queue_size": 0.0,
    "conflicts": 0,
    "makespan": 76380,
    "avg_n_scheduler_delay": 0.005563282336578581,
    "avg_n_uncertainty_delay": 0.01043115438108484
}