{
    "conflicts": 0,
    "n_scheduler_delay": 396,
    "avg_reschedule_exec_time": 0.4287556050878475,
    "avg_active_aircrafts": 10.989814814814816,
    "makespan": 32370,
    "n_uncertainty_delay": 10,
    "n_delay": 406,
    "avg_queue_size": 0.006481481481481481
}