{
    "n_delay": 347,
    "n_scheduler_delay": 332,
    "avg_active_aircrafts": 10.769444444444444,
    "n_uncertainty_delay": 15,
    "makespan": 32370,
    "avg_reschedule_exec_time": 0.4855039929234704,
    "avg_queue_size": 0.002777777777777778,
    "conflicts": 0
}