{
    "avg_reschedule_exec_time": 0.10076178680887461,
    "avg_n_delay": 0.013212795549374129,
    "avg_queue_size": 0.0,
    "conflicts": 0,
    "makespan": 76440,
    "avg_n_scheduler_delay": 0.010083449235048678,
    "avg_n_uncertainty_delay": 0.003129346314325452
}