{
    "conflicts": 0,
    "avg_n_delay": 0.012937062937062937,
    "avg_n_scheduler_delay": 0.00909090909090909,
    "avg_reschedule_exec_time": 0.2188210470575682,
    "makespan": 76440,
    "avg_queue_size": 0.02727272727272727,
    "avg_n_uncertainty_delay": 0.0038461538461538464
}