{
    "conflicts": 0,
    "avg_n_delay": 0.012937062937062937,
    "avg_n_scheduler_delay": 0.0073426573426573424,
    "avg_reschedule_exec_time": 0.22013402992570905,
    "makespan": 76830,
    "avg_queue_size": 0.024125874125874126,
    "avg_n_uncertainty_delay": 0.005594405594405594
}