{
    "n_delay": 323,
    "n_scheduler_delay": 322,
    "avg_active_aircrafts": 10.832407407407407,
    "n_uncertainty_delay": 1,
    "makespan": 32370,
    "avg_reschedule_exec_time": 0.4670578357785247,
    "avg_queue_size": 0.001851851851851852,
    "conflicts": 0
}