{
    "conflicts": 0,
    "avg_n_delay": 0.01748251748251748,
    "avg_n_scheduler_delay": 0.016083916083916083,
    "avg_reschedule_exec_time": 0.2356182420757455,
    "makespan": 76440,
    "avg_queue_size": 0.021678321678321677,
    "avg_n_uncertainty_delay": 0.0013986013986013986
}