{
    "makespan": 76650,
    "avg_reschedule_exec_time": 0.11890143417730564,
    "avg_queue_size": 0.0,
    "avg_n_uncertainty_delay": 0.0006951685783802572,
    "avg_n_scheduler_delay": 0.005561348627042058,
    "avg_n_delay": 0.006256517205422315,
    "conflicts": 0
}