{
    "n_delay": 369,
    "n_scheduler_delay": 360,
    "avg_active_aircrafts": 11.237962962962962,
    "n_uncertainty_delay": 9,
    "makespan": 32370,
    "avg_reschedule_exec_time": 0.5146346369455027,
    "avg_queue_size": 0.007407407407407408,
    "conflicts": 0
}