{
    "makespan": 32370,
    "avg_queue_size": 0.000925925925925926,
    "avg_reschedule_exec_time": 0.451802921295166,
    "n_uncertainty_delay": 0,
    "conflicts": 0,
    "n_scheduler_delay": 311,
    "n_delay": 311,
    "avg_active_aircrafts": 10.815740740740742
}