{
    "n_delay": 255,
    "conflicts": 0,
    "n_scheduler_delay": 248,
    "avg_reschedule_exec_time": 0.22277265593063,
    "avg_active_aircrafts": 11.576851851851853,
    "avg_queue_size": 0.06759259259259259,
    "n_uncertainty_delay": 7,
    "makespan": 32370
}