{
    "n_scheduler_delay": 363,
    "n_uncertainty_delay": 4,
    "avg_active_aircrafts": 12.187962962962963,
    "n_delay": 367,
    "avg_reschedule_exec_time": 0.5204624586327131,
    "conflicts": 0,
    "makespan": 32370,
    "avg_queue_size": 0.058333333333333334
}