{
    "n_delay": 388,
    "n_scheduler_delay": 378,
    "avg_active_aircrafts": 10.821296296296296,
    "n_uncertainty_delay": 10,
    "makespan": 32370,
    "avg_reschedule_exec_time": 0.5130483749300935,
    "avg_queue_size": 0.004629629629629629,
    "conflicts": 0
}