{
    "conflicts": 0,
    "avg_n_delay": 0.015034965034965035,
    "avg_n_scheduler_delay": 0.00944055944055944,
    "avg_reschedule_exec_time": 0.2275252040003387,
    "makespan": 76770,
    "avg_queue_size": 0.017482517482517484,
    "avg_n_uncertainty_delay": 0.005594405594405594
}