{
    "avg_n_scheduler_delay": 0.007997218358831711,
    "avg_queue_size": 0.0013908205841446453,
    "avg_n_delay": 0.009388038942976356,
    "avg_reschedule_exec_time": 0.6057231681924676,
    "conflicts": 0,
    "avg_n_uncertainty_delay": 0.0013908205841446453,
    "makespan": 76380
}