{
    "avg_n_delay": 0.02867132867132867,
    "avg_n_scheduler_delay": 0.024125874125874126,
    "avg_queue_size": 0.07027972027972028,
    "avg_n_uncertainty_delay": 0.004545454545454545,
    "conflicts": 0,
    "avg_reschedule_exec_time": 0.16248402901745718,
    "makespan": 77310
}