{
    "avg_reschedule_exec_time": 0.27994361589121264,
    "avg_active_aircrafts": 10.864814814814816,
    "avg_queue_size": 0.003703703703703704,
    "n_uncertainty_delay": 4,
    "n_delay": 364,
    "conflicts": 0,
    "makespan": 32370,
    "n_scheduler_delay": 360
}