{
    "n_uncertainty_delay": 14,
    "avg_queue_size": 0.003703703703703704,
    "conflicts": 0,
    "avg_reschedule_exec_time": 0.34434218739354333,
    "n_delay": 415,
    "makespan": 32370,
    "n_scheduler_delay": 401,
    "avg_active_aircrafts": 11.071296296296296
}