{
    "conflicts": 0,
    "avg_n_delay": 0.015734265734265736,
    "avg_n_scheduler_delay": 0.011188811188811189,
    "avg_reschedule_exec_time": 0.23747583845971335,
    "makespan": 76470,
    "avg_queue_size": 0.04895104895104895,
    "avg_n_uncertainty_delay": 0.004545454545454545
}