{
    "makespan": 32370,
    "n_delay": 379,
    "conflicts": 0,
    "avg_reschedule_exec_time": 0.29432243495792537,
    "n_scheduler_delay": 374,
    "avg_active_aircrafts": 10.983333333333333,
    "avg_queue_size": 0.002777777777777778,
    "n_uncertainty_delay": 5
}