{
    "conflicts": 0,
    "n_scheduler_delay": 384,
    "avg_reschedule_exec_time": 0.2389309331083563,
    "avg_active_aircrafts": 11.242592592592592,
    "makespan": 32370,
    "n_uncertainty_delay": 9,
    "n_delay": 393,
    "avg_queue_size": 0.005555555555555556
}