{
    "avg_n_delay": 0.035416666666666666,
    "avg_queue_size": 0.003472222222222222,
    "makespan": 33570,
    "avg_n_scheduler_delay": 0.03125,
    "avg_n_uncertainty_delay": 0.004166666666666667,
    "conflicts": 0,
    "avg_reschedule_exec_time": 0.10145388008160179
}