{
    "avg_n_delay": 0.009735744089012517,
    "avg_queue_size": 0.0,
    "avg_n_scheduler_delay": 0.007997218358831711,
    "avg_reschedule_exec_time": 0.37545379058232214,
    "avg_n_uncertainty_delay": 0.0017385257301808068,
    "makespan": 76230,
    "conflicts": 0
}