{
    "n_scheduler_delay": 373,
    "makespan": 32370,
    "avg_reschedule_exec_time": 0.5372669763343279,
    "n_delay": 378,
    "n_uncertainty_delay": 5,
    "avg_queue_size": 0.007407407407407408,
    "conflicts": 0,
    "avg_active_aircrafts": 10.921296296296296
}