{
    "avg_n_delay": 0.01288300835654596,
    "avg_n_scheduler_delay": 0.008008356545961003,
    "avg_queue_size": 0.0,
    "avg_n_uncertainty_delay": 0.004874651810584958,
    "conflicts": 0,
    "avg_reschedule_exec_time": 0.12465585676651428,
    "makespan": 76530
}