{
    "avg_reschedule_exec_time": 0.10291127872998336,
    "avg_n_delay": 0.014951321279554938,
    "avg_queue_size": 0.0,
    "conflicts": 0,
    "makespan": 76440,
    "avg_n_scheduler_delay": 0.009388038942976356,
    "avg_n_uncertainty_delay": 0.005563282336578581
}