{
    "avg_reschedule_exec_time": 0.49190769750018454,
    "avg_queue_size": 0.001851851851851852,
    "conflicts": 0,
    "n_scheduler_delay": 312,
    "avg_active_aircrafts": 11.016666666666667,
    "n_delay": 317,
    "makespan": 32370,
    "n_uncertainty_delay": 5
}