{
    "n_scheduler_delay": 391,
    "n_uncertainty_delay": 3,
    "makespan": 32370,
    "conflicts": 0,
    "avg_queue_size": 0.004629629629629629,
    "avg_reschedule_exec_time": 0.5435093824253526,
    "n_delay": 394,
    "avg_active_aircrafts": 11.037037037037036
}