{
    "makespan": 32370,
    "avg_queue_size": 0.004629629629629629,
    "avg_reschedule_exec_time": 0.5449180669562761,
    "n_uncertainty_delay": 5,
    "conflicts": 0,
    "n_scheduler_delay": 392,
    "n_delay": 397,
    "avg_active_aircrafts": 10.987962962962962
}