{
    "makespan": 76230,
    "avg_reschedule_exec_time": 0.10539257878842562,
    "avg_queue_size": 0.0010420284821118443,
    "avg_n_uncertainty_delay": 0.0003473428273706148,
    "avg_n_scheduler_delay": 0.0093782563390066,
    "avg_n_delay": 0.009725599166377216,
    "conflicts": 0
}