{
    "conflicts": 306,
    "makespan": 78840,
    "avg_queue_size": 0.28210526315789475,
    "avg_reschedule_exec_time": 2.1751658746174405,
    "avg_n_delay": 0.9163346613545816,
    "avg_n_scheduler_delay": 0.6613545816733067,
    "avg_n_uncertainty_delay": 0.2549800796812749
}