time,rs_exec_time
00:00:00,
00:25:00,0.4228050708770752
00:50:00,1.067878007888794
01:15:00,0.36245012283325195
01:40:00,1.786201000213623
02:05:00,1.4341621398925781
02:30:00,1.5990259647369385
02:55:00,1.1910121440887451
03:20:00,1.181610107421875
03:45:00,0.4971027374267578
04:10:00,2.3476927280426025
04:35:00,0.9033849239349365
05:00:00,1.2906880378723145
05:25:00,1.2693209648132324
05:50:00,5.797143220901489
06:15:00,204.56231927871704
06:40:00,0.565791130065918
07:05:00,2.2231411933898926
07:30:00,0.8820202350616455
07:55:00,0.4563629627227783
08:20:00,12.63506293296814
08:45:00,1.5377700328826904
09:10:00,3.9375879764556885
09:35:00,4.8950300216674805
10:00:00,7.202267169952393
10:25:00,1.548304796218872
10:50:00,1.5500540733337402
11:15:00,1.6063499450683594
11:40:00,3.235119104385376
12:05:00,205.5798101425171
12:30:00,2.1873340606689453
12:55:00,1.149350881576538
13:20:00,1.708261251449585
13:45:00,15.458615779876709
14:10:00,6.061481952667236
14:35:00,1.2042300701141357
15:00:00,0.633732795715332
15:25:00,1.098710060119629
15:50:00,0.6845860481262207
16:15:00,4.584167003631592
16:40:00,2.486846923828125
17:05:00,3.2336320877075195
17:30:00,210.7326889038086
17:55:00,1.3120980262756348
18:20:00,3.1860198974609375
18:45:00,1.3435840606689453
19:10:00,6.1790430545806885
19:35:00,1.9923489093780518
20:00:00,2.507554054260254
20:25:00,1.4415490627288818
20:50:00,4.855803966522217
21:15:00,5.664445877075195
21:40:00,0.7544879913330078
22:05:00,0.6289799213409424
22:30:00,0.5892610549926758
22:55:00,0.6613450050354004
23:20:00,0.5757551193237305
