{
    "conflicts": 1264,
    "makespan": 79050,
    "avg_queue_size": 0.5887719298245614,
    "avg_reschedule_exec_time": 13.574314496346883,
    "avg_n_delay": 7.556420233463036,
    "avg_n_scheduler_delay": 0.6770428015564203,
    "avg_n_uncertainty_delay": 6.879377431906615
}