{
    "conflicts": 93,
    "makespan": 76860,
    "avg_queue_size": 0.07447552447552448,
    "avg_reschedule_exec_time": 0.7237352165607137,
    "avg_n_delay": 0.050980392156862744,
    "avg_n_scheduler_delay": 0.050980392156862744,
    "avg_n_uncertainty_delay": 0.0
}