time,rs_exec_time
00:00:00,
00:22:00,0.42795491218566895
00:44:00,1.3927569389343262
01:06:00,1.3661561012268066
01:28:00,0.4224729537963867
01:50:00,0.9831709861755371
02:12:00,6.0339789390563965
02:34:00,1.0478577613830566
02:56:00,1.4344079494476318
03:18:00,0.7859537601470947
03:40:00,0.8424749374389648
04:02:00,1.7477812767028809
04:24:00,1.0378389358520508
04:46:00,0.8371520042419434
05:08:00,1.2623093128204346
05:30:00,0.4718170166015625
05:52:00,3.494821786880493
06:14:00,2.279996156692505
06:36:00,2.546420097351074
06:58:00,4.625738143920898
07:20:00,4.276179075241089
07:42:00,2.5324981212615967
08:04:00,2.8630802631378174
08:26:00,0.4013350009918213
08:48:00,0.5222909450531006
09:10:00,1.3690769672393799
09:32:00,0.9236781597137451
09:54:00,1.439410924911499
10:16:00,1.3813579082489014
10:38:00,0.9982409477233887
11:00:00,313.54567193984985
11:22:00,3.344860076904297
11:44:00,0.6345326900482178
12:06:00,1.543318748474121
12:28:00,1.0469248294830322
12:50:00,12.959479093551636
13:12:00,0.5833861827850342
13:34:00,1.4497971534729004
13:56:00,1.9606668949127197
14:18:00,0.6696469783782959
14:40:00,4.427259683609009
15:02:00,0.657019853591919
15:24:00,1.117203950881958
15:46:00,5.138363838195801
16:08:00,3.268864870071411
16:30:00,2.1060471534729004
16:52:00,0.6279699802398682
17:14:00,208.59305000305176
17:36:00,1.269286870956421
17:58:00,0.679358959197998
18:20:00,1.8104162216186523
18:42:00,0.6456491947174072
19:04:00,1.7191107273101807
19:26:00,7.875679016113281
19:48:00,5.564413070678711
20:10:00,3.5848500728607178
20:32:00,2.3495538234710693
20:54:00,1.7645058631896973
21:16:00,0.7194712162017822
21:38:00,0.582054853439331
22:00:00,0.5496509075164795
22:22:00,0.5365147590637207
22:44:00,0.5294399261474609
23:06:00,0.5234391689300537
23:28:00,0.5833871364593506
