{
    "n_uncertainty_delay": 0,
    "makespan": 32370,
    "n_delay": 372,
    "avg_queue_size": 0.005555555555555556,
    "avg_active_aircrafts": 10.873148148148148,
    "n_scheduler_delay": 372,
    "conflicts": 0,
    "avg_reschedule_exec_time": 0.12451522166912372
}