{
    "n_uncertainty_delay": 12,
    "avg_queue_size": 0.002777777777777778,
    "conflicts": 0,
    "avg_reschedule_exec_time": 0.29927335007246153,
    "n_delay": 364,
    "makespan": 32370,
    "n_scheduler_delay": 352,
    "avg_active_aircrafts": 11.030555555555555
}