{
    "n_scheduler_delay": 305,
    "n_uncertainty_delay": 14,
    "makespan": 32370,
    "conflicts": 0,
    "avg_queue_size": 0.000925925925925926,
    "avg_reschedule_exec_time": 0.2559457313182742,
    "n_delay": 319,
    "avg_active_aircrafts": 11.05
}