{
    "makespan": 32370,
    "avg_queue_size": 0.000925925925925926,
    "avg_reschedule_exec_time": 0.4547323315642601,
    "n_uncertainty_delay": 16,
    "conflicts": 0,
    "n_scheduler_delay": 310,
    "n_delay": 326,
    "avg_active_aircrafts": 10.838888888888889
}