{
    "conflicts": 0,
    "avg_n_delay": 0.014335664335664336,
    "avg_n_scheduler_delay": 0.01048951048951049,
    "avg_reschedule_exec_time": 0.2365284822356533,
    "makespan": 76710,
    "avg_queue_size": 0.031818181818181815,
    "avg_n_uncertainty_delay": 0.0038461538461538464
}