{
    "makespan": 32370,
    "avg_queue_size": 0.003703703703703704,
    "avg_reschedule_exec_time": 0.49028963266417036,
    "n_uncertainty_delay": 0,
    "conflicts": 0,
    "n_scheduler_delay": 337,
    "n_delay": 337,
    "avg_active_aircrafts": 10.962962962962964
}