{
    "makespan": 32370,
    "avg_queue_size": 0.002777777777777778,
    "avg_reschedule_exec_time": 0.535391472661218,
    "n_uncertainty_delay": 6,
    "conflicts": 0,
    "n_scheduler_delay": 368,
    "n_delay": 374,
    "avg_active_aircrafts": 10.641666666666667
}