{
    "avg_n_delay": 0.015034965034965035,
    "avg_n_scheduler_delay": 0.01048951048951049,
    "avg_queue_size": 0.01818181818181818,
    "avg_n_uncertainty_delay": 0.004545454545454545,
    "conflicts": 0,
    "avg_reschedule_exec_time": 0.23200503033651432,
    "makespan": 76710
}