{
    "makespan": 32370,
    "avg_queue_size": 0.002777777777777778,
    "avg_reschedule_exec_time": 0.29828896633414337,
    "n_uncertainty_delay": 39,
    "conflicts": 0,
    "n_scheduler_delay": 365,
    "n_delay": 404,
    "avg_active_aircrafts": 11.239814814814816
}