{
    "conflicts": 0,
    "n_scheduler_delay": 324,
    "avg_reschedule_exec_time": 2.2750825387126996,
    "avg_active_aircrafts": 10.941666666666666,
    "makespan": 32370,
    "n_uncertainty_delay": 5,
    "n_delay": 329,
    "avg_queue_size": 0.001851851851851852
}