{
    "conflicts": 0,
    "makespan": 33090,
    "avg_n_delay": 0.02847222222222222,
    "avg_n_scheduler_delay": 0.027083333333333334,
    "avg_n_uncertainty_delay": 0.001388888888888889,
    "avg_queue_size": 0.001388888888888889,
    "avg_reschedule_exec_time": 0.052987437394336076
}