uncertainty.prob_hold,avg_active_aircrafts,conflicts,makespan,avg_queue_size,avg_reschedule_exec_time,n_delay,n_scheduler_delay,n_uncertainty_delay
0.04,10.898333333333333,0.0,32370.0,0.004444444444444444,0.24467060388520703,375.6,311.2,64.4
0.05,10.942037037037036,0.0,32370.0,0.00824074074074074,0.26048051534697064,417.1,329.0,88.1
0.060000000000000005,10.979537037037037,0.0,32370.0,0.007037037037037036,0.2823314167732416,446.5,358.8,87.7
0.07,10.922685185185186,0.0,32370.0,0.012037037037037037,0.25466868722161584,457.6,331.8,125.8
0.08000000000000002,10.978425925925924,0.0,32370.0,0.013240740740740742,0.2576717161577802,488.4,342.2,146.2
0.09000000000000001,11.020462962962963,0.0,32370.0,0.009166666666666667,0.261262564437334,513.0,355.9,157.1
