{
    "conflicts": 0,
    "avg_n_delay": 0.02062937062937063,
    "avg_n_scheduler_delay": 0.012237762237762238,
    "avg_reschedule_exec_time": 0.13372649441302661,
    "makespan": 76680,
    "avg_queue_size": 0.03671328671328671,
    "avg_n_uncertainty_delay": 0.008391608391608392
}