{
    "n_delay": 402,
    "n_scheduler_delay": 387,
    "avg_active_aircrafts": 10.74537037037037,
    "n_uncertainty_delay": 15,
    "makespan": 32370,
    "avg_reschedule_exec_time": 0.5118380247160446,
    "avg_queue_size": 0.002777777777777778,
    "conflicts": 0
}