{
    "makespan": 76230,
    "avg_reschedule_exec_time": 0.10833819721056068,
    "avg_queue_size": 0.0003473428273706148,
    "avg_n_uncertainty_delay": 0.0010420284821118443,
    "avg_n_scheduler_delay": 0.009030913511635985,
    "avg_n_delay": 0.010072941993747829,
    "conflicts": 0
}