{
    "avg_reschedule_exec_time": 0.49461574221766275,
    "avg_active_aircrafts": 10.939814814814815,
    "avg_queue_size": 0.003703703703703704,
    "n_uncertainty_delay": 0,
    "n_delay": 327,
    "conflicts": 0,
    "makespan": 32370,
    "n_scheduler_delay": 327
}