{
    "n_uncertainty_delay": 0,
    "avg_queue_size": 0.009259259259259259,
    "conflicts": 0,
    "avg_reschedule_exec_time": 0.5694950026135112,
    "n_delay": 384,
    "makespan": 32370,
    "n_scheduler_delay": 384,
    "avg_active_aircrafts": 10.837962962962964
}