{
    "n_scheduler_delay": 357,
    "makespan": 32370,
    "avg_reschedule_exec_time": 0.4894942449968915,
    "n_delay": 373,
    "n_uncertainty_delay": 16,
    "avg_queue_size": 0.003703703703703704,
    "conflicts": 0,
    "avg_active_aircrafts": 10.700925925925926
}