{
    "n_delay": 330,
    "avg_queue_size": 0.0712962962962963,
    "n_scheduler_delay": 325,
    "n_uncertainty_delay": 5,
    "makespan": 32370,
    "conflicts": 0,
    "avg_reschedule_exec_time": 0.4629797902218131,
    "avg_active_aircrafts": 11.894444444444444
}