{
    "makespan": 32370,
    "avg_queue_size": 0.005555555555555556,
    "avg_reschedule_exec_time": 0.49683648930039515,
    "n_uncertainty_delay": 0,
    "conflicts": 0,
    "n_scheduler_delay": 353,
    "n_delay": 353,
    "avg_active_aircrafts": 10.891666666666667
}