{
    "avg_n_scheduler_delay": 0.005910987482614743,
    "avg_queue_size": 0.0,
    "avg_n_delay": 0.01321279554937413,
    "avg_reschedule_exec_time": 0.5885994792980735,
    "conflicts": 0,
    "avg_n_uncertainty_delay": 0.007301808066759388,
    "makespan": 76530
}