{
    "conflicts": 0,
    "makespan": 33150,
    "avg_n_delay": 0.04722222222222222,
    "avg_n_scheduler_delay": 0.029166666666666667,
    "avg_n_uncertainty_delay": 0.018055555555555554,
    "avg_queue_size": 0.002777777777777778,
    "avg_reschedule_exec_time": 0.09491794023009063
}