{
    "conflicts": 0,
    "avg_n_delay": 0.01888111888111888,
    "avg_n_scheduler_delay": 0.012237762237762238,
    "avg_reschedule_exec_time": 0.2425516961326062,
    "makespan": 77370,
    "avg_queue_size": 0.06293706293706294,
    "avg_n_uncertainty_delay": 0.006643356643356644
}