{
    "makespan": 76140,
    "avg_queue_size": 0.0,
    "conflicts": 0,
    "avg_reschedule_exec_time": 0.5875655298272824,
    "avg_n_delay": 0.011114970475859673,
    "avg_n_uncertainty_delay": 0.0013893713094824591,
    "avg_n_scheduler_delay": 0.009725599166377214
}