{
    "makespan": 76380,
    "avg_reschedule_exec_time": 0.09629839354187902,
    "avg_queue_size": 0.0,
    "avg_n_uncertainty_delay": 0.0003473428273706148,
    "avg_n_scheduler_delay": 0.010072941993747829,
    "avg_n_delay": 0.010420284821118444,
    "conflicts": 0
}