{
    "conflicts": 54,
    "makespan": 75780,
    "avg_queue_size": 0.09052631578947369,
    "avg_reschedule_exec_time": 0.2109501894484175,
    "avg_n_delay": 1.0809716599190282,
    "avg_n_scheduler_delay": 0.6558704453441295,
    "avg_n_uncertainty_delay": 0.4251012145748988
}