{
    "avg_n_scheduler_delay": 0.010083449235048678,
    "avg_queue_size": 0.0,
    "avg_n_delay": 0.020166898470097356,
    "avg_reschedule_exec_time": 0.5998930715252762,
    "conflicts": 0,
    "avg_n_uncertainty_delay": 0.010083449235048678,
    "makespan": 76410
}