{
    "avg_reschedule_exec_time": 0.10222899847375981,
    "avg_n_delay": 0.019819193324061197,
    "avg_queue_size": 0.0,
    "conflicts": 0,
    "makespan": 76140,
    "avg_n_scheduler_delay": 0.01321279554937413,
    "avg_n_uncertainty_delay": 0.006606397774687065
}