simulation.reschedule_cycle,avg_active_aircrafts,conflicts,makespan,avg_queue_size,avg_reschedule_exec_time,n_delay,n_scheduler_delay,n_uncertainty_delay
30.0,10.829351851851854,0.0,32370.0,0.0032870370370370375,0.16205548500992614,326.85,326.85,0.0
60.0,10.969074074074072,0.0,32370.0,0.003611111111111111,0.2887665563478983,366.45,366.45,0.0
90.0,10.934166666666666,0.0,32370.0,0.0036111111111111114,0.3630768658058888,353.25,353.25,0.0
120.0,10.920601851851853,0.0,32370.0,0.002824074074074074,0.4318031762612353,349.65,349.65,0.0
150.0,10.889166666666664,0.0,32370.0,0.004675925925925926,0.5182403575542363,347.9,347.9,0.0
