{
    "avg_reschedule_exec_time": 0.48970542064932887,
    "avg_queue_size": 0.001851851851851852,
    "conflicts": 0,
    "n_scheduler_delay": 322,
    "avg_active_aircrafts": 10.548148148148147,
    "n_delay": 357,
    "makespan": 32370,
    "n_uncertainty_delay": 35
}