{
    "n_scheduler_delay": 343,
    "makespan": 32370,
    "avg_reschedule_exec_time": 0.4891578862833422,
    "n_delay": 354,
    "n_uncertainty_delay": 11,
    "avg_queue_size": 0.001851851851851852,
    "conflicts": 0,
    "avg_active_aircrafts": 10.876851851851852
}