{
    "n_delay": 313,
    "conflicts": 0,
    "n_scheduler_delay": 312,
    "avg_reschedule_exec_time": 0.2494342227314794,
    "avg_active_aircrafts": 11.648148148148149,
    "avg_queue_size": 0.06851851851851852,
    "n_uncertainty_delay": 1,
    "makespan": 32370
}