{
    "makespan": 32370,
    "avg_queue_size": 0.002777777777777778,
    "avg_reschedule_exec_time": 0.4748082815214645,
    "n_uncertainty_delay": 4,
    "conflicts": 0,
    "n_scheduler_delay": 333,
    "n_delay": 337,
    "avg_active_aircrafts": 10.617592592592592
}