{
    "conflicts": 0,
    "avg_n_delay": 0.010489510489510488,
    "avg_n_scheduler_delay": 0.005944055944055944,
    "avg_reschedule_exec_time": 0.21794368851352747,
    "makespan": 76530,
    "avg_queue_size": 0.04230769230769231,
    "avg_n_uncertainty_delay": 0.004545454545454545
}