{
    "n_delay": 395,
    "conflicts": 0,
    "n_scheduler_delay": 394,
    "avg_reschedule_exec_time": 0.30829795349475947,
    "avg_active_aircrafts": 12.225,
    "avg_queue_size": 0.06851851851851852,
    "n_uncertainty_delay": 1,
    "makespan": 32370
}