{
    "n_scheduler_delay": 317,
    "makespan": 32370,
    "avg_reschedule_exec_time": 0.44700547151787334,
    "n_delay": 343,
    "n_uncertainty_delay": 26,
    "avg_queue_size": 0.001851851851851852,
    "conflicts": 0,
    "avg_active_aircrafts": 10.561111111111112
}