{
    "n_uncertainty_delay": 0,
    "makespan": 32370,
    "n_delay": 403,
    "avg_queue_size": 0.002777777777777778,
    "avg_active_aircrafts": 11.328703703703704,
    "n_scheduler_delay": 403,
    "conflicts": 0,
    "avg_reschedule_exec_time": 0.3180159823571596
}