{
    "avg_queue_size": 0.003703703703703704,
    "n_uncertainty_delay": 7,
    "makespan": 32370,
    "n_scheduler_delay": 395,
    "avg_reschedule_exec_time": 0.15498322856669522,
    "conflicts": 0,
    "n_delay": 402,
    "avg_active_aircrafts": 11.077777777777778
}