{
    "avg_n_delay": 0.015034965034965035,
    "avg_n_scheduler_delay": 0.010839160839160839,
    "avg_queue_size": 0.045454545454545456,
    "avg_n_uncertainty_delay": 0.004195804195804196,
    "conflicts": 0,
    "avg_reschedule_exec_time": 0.26063662536384524,
    "makespan": 77010
}