{
    "conflicts": 7,
    "makespan": 76680,
    "avg_queue_size": 0.17403508771929824,
    "avg_reschedule_exec_time": 0.8439012791248078,
    "avg_n_delay": 0.06827309236947791,
    "avg_n_scheduler_delay": 0.06827309236947791,
    "avg_n_uncertainty_delay": 0.0
}