{
    "conflicts": 0,
    "makespan": 33150,
    "avg_n_delay": 0.03263888888888889,
    "avg_n_scheduler_delay": 0.029861111111111113,
    "avg_n_uncertainty_delay": 0.002777777777777778,
    "avg_queue_size": 0.001388888888888889,
    "avg_reschedule_exec_time": 0.05195286745480508
}