{
    "n_delay": 387,
    "avg_queue_size": 0.062037037037037036,
    "n_scheduler_delay": 381,
    "n_uncertainty_delay": 6,
    "makespan": 32370,
    "conflicts": 0,
    "avg_reschedule_exec_time": 0.5403679115827693,
    "avg_active_aircrafts": 11.798148148148147
}