{
    "n_uncertainty_delay": 2,
    "avg_queue_size": 0.005555555555555556,
    "conflicts": 0,
    "avg_reschedule_exec_time": 0.5153265842171603,
    "n_delay": 327,
    "makespan": 32370,
    "n_scheduler_delay": 325,
    "avg_active_aircrafts": 10.522222222222222
}