{
    "conflicts": 0,
    "avg_n_delay": 0.014335664335664336,
    "avg_n_scheduler_delay": 0.012237762237762238,
    "avg_reschedule_exec_time": 0.23954736682730662,
    "makespan": 76440,
    "avg_queue_size": 0.03391608391608392,
    "avg_n_uncertainty_delay": 0.002097902097902098
}