{
    "n_delay": 470,
    "n_scheduler_delay": 462,
    "avg_active_aircrafts": 11.407407407407407,
    "n_uncertainty_delay": 8,
    "makespan": 32370,
    "avg_reschedule_exec_time": 0.6218694409658743,
    "avg_queue_size": 0.004629629629629629,
    "conflicts": 0
}