{
    "n_scheduler_delay": 419,
    "n_uncertainty_delay": 8,
    "avg_active_aircrafts": 12.118518518518519,
    "n_delay": 427,
    "avg_reschedule_exec_time": 0.568068427817766,
    "conflicts": 0,
    "makespan": 32370,
    "avg_queue_size": 0.06851851851851852
}