{
    "makespan": 32370,
    "avg_queue_size": 0.002777777777777778,
    "avg_reschedule_exec_time": 0.5013396617978119,
    "n_uncertainty_delay": 0,
    "conflicts": 0,
    "n_scheduler_delay": 350,
    "n_delay": 350,
    "avg_active_aircrafts": 10.954629629629629
}