{
    "n_delay": 357,
    "n_scheduler_delay": 356,
    "avg_active_aircrafts": 10.907407407407407,
    "n_uncertainty_delay": 1,
    "makespan": 32370,
    "avg_reschedule_exec_time": 0.522649751707565,
    "avg_queue_size": 0.006481481481481481,
    "conflicts": 0
}