{
    "conflicts": 0,
    "n_scheduler_delay": 388,
    "avg_reschedule_exec_time": 1.0255147252127388,
    "avg_active_aircrafts": 10.940740740740742,
    "makespan": 32370,
    "n_uncertainty_delay": 8,
    "n_delay": 396,
    "avg_queue_size": 0.002777777777777778
}