{
    "avg_reschedule_exec_time": 0.5718789632930312,
    "avg_queue_size": 0.000925925925925926,
    "conflicts": 0,
    "n_scheduler_delay": 419,
    "avg_active_aircrafts": 11.185185185185185,
    "n_delay": 421,
    "makespan": 32370,
    "n_uncertainty_delay": 2
}