{
    "avg_reschedule_exec_time": 0.24803124915721805,
    "avg_active_aircrafts": 10.753703703703703,
    "avg_queue_size": 0.006481481481481481,
    "n_uncertainty_delay": 8,
    "n_delay": 277,
    "conflicts": 0,
    "makespan": 32370,
    "n_scheduler_delay": 269
}