{
    "n_delay": 301,
    "avg_queue_size": 0.04814814814814815,
    "n_scheduler_delay": 298,
    "n_uncertainty_delay": 3,
    "makespan": 32370,
    "conflicts": 0,
    "avg_reschedule_exec_time": 0.4542471652807191,
    "avg_active_aircrafts": 11.792592592592593
}