{
    "avg_n_delay": 0.022727272727272728,
    "avg_n_scheduler_delay": 0.019580419580419582,
    "avg_queue_size": 0.08356643356643356,
    "avg_n_uncertainty_delay": 0.003146853146853147,
    "conflicts": 0,
    "avg_reschedule_exec_time": 0.2601070863391281,
    "makespan": 76830
}