{"total_conflicts": 598, "makespan": 81540, "delay_added": 30, "avg_queue_size": 1.658038941354778, "avg_reschedule_exec_time": 0.0893325898253802}