{
    "total_conflicts": 589,
    "makespan": 79320,
    "delay_added": 90,
    "avg_queue_size": 1.1580972367960813,
    "avg_reschedule_exec_time": 0.3320709247033573
}