{
    "total_conflicts": 654,
    "makespan": 79350,
    "delay_added": 60,
    "avg_queue_size": 1.1549492829660712,
    "avg_reschedule_exec_time": 0.2803331787146411
}