{"total_conflicts": 661, "makespan": 81330, "delay_added": 90, "avg_queue_size": 2.0439547627375454, "avg_reschedule_exec_time": 0.10897449150826168}