{"total_conflicts": 571, "makespan": 81870, "delay_added": 60, "avg_queue_size": 1.9516147837239184, "avg_reschedule_exec_time": 0.07749281114744909}