{
    "n_delay": 321,
    "conflicts": 0,
    "n_scheduler_delay": 320,
    "avg_reschedule_exec_time": 0.2661947339080101,
    "avg_active_aircrafts": 11.591666666666667,
    "avg_queue_size": 0.04351851851851852,
    "n_uncertainty_delay": 1,
    "makespan": 32370
}