{
    "n_uncertainty_delay": 7,
    "avg_queue_size": 0.006481481481481481,
    "conflicts": 0,
    "avg_reschedule_exec_time": 0.6025417039560718,
    "n_delay": 382,
    "makespan": 32370,
    "n_scheduler_delay": 375,
    "avg_active_aircrafts": 10.864814814814816
}