{
    "avg_reschedule_exec_time": 0.4782158419143322,
    "avg_active_aircrafts": 10.771296296296295,
    "avg_queue_size": 0.007407407407407408,
    "n_uncertainty_delay": 4,
    "n_delay": 318,
    "conflicts": 0,
    "makespan": 32370,
    "n_scheduler_delay": 314
}