{
    "makespan": 76500,
    "avg_queue_size": 0.0,
    "conflicts": 0,
    "avg_reschedule_exec_time": 0.5874868414844999,
    "avg_n_delay": 0.004168113928447377,
    "avg_n_uncertainty_delay": 0.0006946856547412296,
    "avg_n_scheduler_delay": 0.0034734282737061478
}