{
    "makespan": 32370,
    "avg_queue_size": 0.002777777777777778,
    "avg_reschedule_exec_time": 0.4520983230235965,
    "n_uncertainty_delay": 13,
    "conflicts": 0,
    "n_scheduler_delay": 291,
    "n_delay": 304,
    "avg_active_aircrafts": 10.88888888888889
}