{
    "conflicts": 0,
    "avg_n_delay": 0.013286713286713287,
    "avg_n_scheduler_delay": 0.008391608391608392,
    "avg_reschedule_exec_time": 0.2340772655648245,
    "makespan": 76770,
    "avg_queue_size": 0.05874125874125874,
    "avg_n_uncertainty_delay": 0.0048951048951048955
}