{
    "n_uncertainty_delay": 3,
    "avg_queue_size": 0.000925925925925926,
    "conflicts": 0,
    "avg_reschedule_exec_time": 0.5080511880475421,
    "n_delay": 360,
    "makespan": 32370,
    "n_scheduler_delay": 357,
    "avg_active_aircrafts": 11.040740740740741
}