{
    "avg_reschedule_exec_time": 0.4755784456119981,
    "avg_active_aircrafts": 10.774074074074074,
    "avg_queue_size": 0.004629629629629629,
    "n_uncertainty_delay": 1,
    "n_delay": 329,
    "conflicts": 0,
    "makespan": 32370,
    "n_scheduler_delay": 328
}