{
    "conflicts": 0,
    "avg_n_delay": 0.016783216783216783,
    "avg_n_scheduler_delay": 0.008741258741258742,
    "avg_reschedule_exec_time": 0.2156108836053123,
    "makespan": 76440,
    "avg_queue_size": 0.05104895104895105,
    "avg_n_uncertainty_delay": 0.008041958041958041
}