{
    "n_scheduler_delay": 357,
    "makespan": 32370,
    "avg_reschedule_exec_time": 0.4993802924488866,
    "n_delay": 372,
    "n_uncertainty_delay": 15,
    "avg_queue_size": 0.001851851851851852,
    "conflicts": 0,
    "avg_active_aircrafts": 11.05462962962963
}