{
    "n_scheduler_delay": 306,
    "n_uncertainty_delay": 0,
    "avg_active_aircrafts": 11.652777777777779,
    "n_delay": 306,
    "avg_reschedule_exec_time": 0.47616682163504664,
    "conflicts": 0,
    "makespan": 32370,
    "avg_queue_size": 0.06481481481481481
}