{
    "conflicts": 0,
    "avg_n_delay": 0.01783216783216783,
    "avg_n_scheduler_delay": 0.01013986013986014,
    "avg_reschedule_exec_time": 0.23185566781272351,
    "makespan": 76440,
    "avg_queue_size": 0.023776223776223775,
    "avg_n_uncertainty_delay": 0.007692307692307693
}