time,rs_exec_time
00:00:00,
00:16:00,0.25602102279663086
00:32:00,0.925494909286499
00:48:00,0.42614316940307617
01:04:00,0.6480309963226318
01:20:00,0.41058874130249023
01:36:00,0.6612398624420166
01:52:00,0.39404988288879395
02:08:00,1.3503358364105225
02:24:00,0.4330000877380371
02:40:00,0.6788110733032227
02:56:00,1.0567731857299805
03:12:00,1.850416898727417
03:28:00,0.32225584983825684
03:44:00,0.4305579662322998
04:00:00,1.0823652744293213
04:16:00,0.4369809627532959
04:32:00,1.553476095199585
04:48:00,0.7449557781219482
05:04:00,2.650660753250122
05:20:00,1.1466031074523926
05:36:00,0.8236961364746094
05:52:00,0.7679779529571533
06:08:00,0.4505021572113037
06:24:00,0.4495680332183838
06:40:00,0.37509822845458984
06:56:00,2.0566248893737793
07:12:00,0.47771596908569336
07:28:00,1.213012933731079
07:44:00,0.46750426292419434
08:00:00,0.5058791637420654
08:16:00,0.47812819480895996
08:32:00,1.826050043106079
08:48:00,1.4593868255615234
09:04:00,1.3558757305145264
09:20:00,0.39618778228759766
09:36:00,1.2333500385284424
09:52:00,0.5101490020751953
10:08:00,1.7485988140106201
10:24:00,2.3244292736053467
10:40:00,1.44862699508667
10:56:00,0.9599709510803223
11:12:00,0.5276641845703125
11:28:00,0.4367969036102295
11:44:00,0.5202569961547852
12:00:00,0.48846912384033203
12:16:00,0.4925382137298584
12:32:00,0.4854898452758789
12:48:00,0.5052728652954102
13:04:00,0.5314958095550537
13:20:00,1.0060551166534424
13:36:00,0.5778779983520508
13:52:00,4.99753999710083
14:08:00,1.5086121559143066
14:24:00,0.5972800254821777
14:40:00,0.5531530380249023
14:56:00,0.45825719833374023
15:12:00,0.5532660484313965
15:28:00,0.5139436721801758
15:44:00,1.4924368858337402
16:00:00,0.553339958190918
16:16:00,0.5252590179443359
16:32:00,1.0089941024780273
16:48:00,1.0302231311798096
17:04:00,0.6193809509277344
17:20:00,1.5717430114746094
17:36:00,0.5874261856079102
17:52:00,0.5866677761077881
18:08:00,0.5677850246429443
18:24:00,0.5778491497039795
18:40:00,2.1598410606384277
18:56:00,1.1877460479736328
19:12:00,0.5893220901489258
19:28:00,1.0973868370056152
19:44:00,0.6166379451751709
20:00:00,0.5771491527557373
20:16:00,0.5872466564178467
20:32:00,1.1417341232299805
20:48:00,0.5978000164031982
21:04:00,0.5707800388336182
21:20:00,0.575775146484375
21:36:00,0.5303127765655518
21:52:00,0.5557577610015869
22:08:00,0.5060510635375977
22:24:00,0.539625883102417
22:40:00,0.5268831253051758
22:56:00,0.5071291923522949
23:12:00,0.5133209228515625
23:28:00,0.506331205368042
