{
    "avg_n_delay": 0.03125,
    "avg_queue_size": 0.010416666666666666,
    "makespan": 33180,
    "avg_n_scheduler_delay": 0.027777777777777776,
    "avg_n_uncertainty_delay": 0.003472222222222222,
    "conflicts": 0,
    "avg_reschedule_exec_time": 0.11578035853397896
}