{
    "makespan": 32370,
    "avg_queue_size": 0.001851851851851852,
    "avg_reschedule_exec_time": 0.49180966976077056,
    "n_uncertainty_delay": 9,
    "conflicts": 0,
    "n_scheduler_delay": 329,
    "n_delay": 338,
    "avg_active_aircrafts": 10.95648148148148
}