{
    "n_scheduler_delay": 337,
    "n_uncertainty_delay": 17,
    "makespan": 32370,
    "conflicts": 0,
    "avg_queue_size": 0.005555555555555556,
    "avg_reschedule_exec_time": 0.2783044815063477,
    "n_delay": 354,
    "avg_active_aircrafts": 10.906481481481482
}