{
    "conflicts": 0,
    "avg_n_delay": 0.013986013986013988,
    "avg_n_scheduler_delay": 0.009790209790209791,
    "avg_reschedule_exec_time": 0.23189390377259592,
    "makespan": 76500,
    "avg_queue_size": 0.022377622377622378,
    "avg_n_uncertainty_delay": 0.004195804195804196
}