uncertainty.prob_hold,conflicts,makespan,avg_queue_size,avg_reschedule_exec_time,avg_n_delay,avg_n_scheduler_delay,avg_n_uncertainty_delay
0.0,0.0,76464.0,0.0,0.41856254462080084,0.008205841446453407,0.008205841446453407,0.0
0.005,0.0,76332.0,0.0,0.37605364209762193,0.009040333796940195,0.008275382475660639,0.0007649513212795549
0.01,0.0,76476.0,0.00013908205841446452,0.3650600143129779,0.011752433936022254,0.010987482614742698,0.0007649513212795549
0.015,0.4,76284.0,0.0,0.3604813462844466,0.012656467315716272,0.010987482614742698,0.0016689847009735744
0.02,0.0,76470.0,0.0,0.3556778190527786,0.010013908205841448,0.008762169680111266,0.0012517385257301808
0.025,0.0,76488.0,0.00027816411682892903,7.089758852863047,0.01008344923504868,0.007997218358831711,0.002086230876216968
