uncertainty.prob_hold,conflicts,makespan,delay_added,avg_queue_size,avg_reschedule_exec_time
0.0,625.0,76980.0,3690.0,0.011052631578947448,1.4510231804340443
0.1,556.0,77040.0,3840.0,0.01102756892230584,1.2742591969510342
0.2,546.0,77070.0,3480.0,0.01117794486215547,1.3086551706841651
0.30000000000000004,693.0,76950.0,4140.0,0.011127819548872257,1.7625855663989454
0.4,572.0,76950.0,3930.0,0.011177944862155469,1.7359088583195463
0.5,604.0,77070.0,3630.0,0.011002506265664236,1.0757260804480695
0.6000000000000001,611.0,76920.0,3630.0,0.01100250626566424,1.0409627189027502
0.7000000000000001,648.0,77010.0,4080.0,0.01117794486215547,1.1624838823967791
