uncertainty.prob_hold,conflicts,makespan,delay_added,avg_queue_size,avg_reschedule_exec_time
0.0,7425.0,80610.0,14700.0,0.016564233248388543,27.089037689190466
0.1,8235.0,81960.0,15990.0,0.012891620446709636,28.488373173093333
0.2,7619.0,84660.0,13860.0,0.012466896517263827,24.003179860346524
0.30000000000000004,7141.0,80820.0,12420.0,0.01631439564283214,21.75766397216945
0.4,9410.0,81960.0,20460.0,0.012142107630040507,35.625633792969786
0.5,8210.0,82530.0,19620.0,0.017888372557837432,42.553349430121266
0.6000000000000001,8274.0,81600.0,14400.0,0.011467546095038294,24.486159185761387
0.7000000000000001,8392.0,80700.0,15390.0,0.012766701643931469,29.03145235950507
