uncertainty.prob_hold,conflicts,makespan,avg_queue_size,avg_reschedule_exec_time,avg_n_delay,avg_n_scheduler_delay,avg_n_uncertainty_delay
0.0,0.0,76554.0,0.0,0.3736702569679962,0.007788595271210013,0.007788595271210013,0.0
0.005,0.0,76458.0,0.0,0.3734430748772156,0.008692628650904033,0.008414464534075104,0.00027816411682892903
0.01,0.0,76470.0,0.0,0.37724800289175303,0.010013908205841447,0.009179415855354658,0.0008344923504867872
0.015,0.0,76422.0,0.0,0.3836597967944769,0.010639777468706537,0.009109874826147429,0.0015299026425591097
0.02,0.0,76308.0,0.0,0.38114779161543566,0.010222531293463143,0.00890125173852573,0.001321279554937413
0.025,0.0,76272.0,0.0,0.3746251705961307,0.011265646731571627,0.0088317107093185,0.0024339360222531297
