{
    "n_delay": 286,
    "avg_queue_size": 0.04351851851851852,
    "n_scheduler_delay": 286,
    "n_uncertainty_delay": 0,
    "makespan": 32370,
    "conflicts": 0,
    "avg_reschedule_exec_time": 0.43675331736719886,
    "avg_active_aircrafts": 11.565740740740742
}