{
    "conflicts": 0,
    "n_scheduler_delay": 300,
    "avg_reschedule_exec_time": 0.6885099286463723,
    "avg_active_aircrafts": 10.687037037037037,
    "makespan": 32370,
    "n_uncertainty_delay": 7,
    "n_delay": 307,
    "avg_queue_size": 0.004629629629629629
}