{
    "conflicts": 2,
    "makespan": 77460,
    "avg_queue_size": 3.355438596491228,
    "avg_reschedule_exec_time": 0.20745155659127743,
    "avg_n_delay": 0.6941176470588235,
    "avg_n_scheduler_delay": 0.6666666666666666,
    "avg_n_uncertainty_delay": 0.027450980392156862
}