{
    "avg_n_uncertainty_delay": 0.0034770514603616135,
    "avg_n_delay": 0.008344923504867872,
    "avg_n_scheduler_delay": 0.004867872044506259,
    "conflicts": 0,
    "avg_queue_size": 0.0,
    "avg_reschedule_exec_time": 0.10017304965048447,
    "makespan": 76530
}