{
    "avg_n_scheduler_delay": 0.006258692628650904,
    "avg_queue_size": 0.0,
    "avg_n_delay": 0.012169680111265646,
    "avg_reschedule_exec_time": 0.5931640544641649,
    "conflicts": 0,
    "avg_n_uncertainty_delay": 0.005910987482614743,
    "makespan": 76200
}