{
    "avg_n_uncertainty_delay": 0.004520166898470098,
    "avg_reschedule_exec_time": 0.37519995382569293,
    "conflicts": 0,
    "avg_n_delay": 0.012169680111265648,
    "avg_queue_size": 0.0,
    "avg_n_scheduler_delay": 0.0076495132127955496,
    "makespan": 76710
}