{
    "avg_active_aircrafts": 10.432407407407407,
    "avg_queue_size": 0.004629629629629629,
    "n_scheduler_delay": 288,
    "n_delay": 290,
    "conflicts": 0,
    "makespan": 32370,
    "n_uncertainty_delay": 2,
    "avg_reschedule_exec_time": 0.23752272738966831
}