{
    "makespan": 32370,
    "avg_queue_size": 0.001851851851851852,
    "avg_reschedule_exec_time": 0.5079830868299617,
    "n_uncertainty_delay": 4,
    "conflicts": 0,
    "n_scheduler_delay": 349,
    "n_delay": 353,
    "avg_active_aircrafts": 11.180555555555555
}