{
    "makespan": 32370,
    "n_delay": 392,
    "conflicts": 0,
    "avg_reschedule_exec_time": 0.4503063337126775,
    "n_scheduler_delay": 378,
    "avg_active_aircrafts": 10.914814814814815,
    "avg_queue_size": 0.000925925925925926,
    "n_uncertainty_delay": 14
}