{
    "avg_n_uncertainty_delay": 0.0006946856547412296,
    "makespan": 76350,
    "avg_n_delay": 0.012851684612712747,
    "avg_reschedule_exec_time": 0.3474557471822085,
    "conflicts": 0,
    "avg_queue_size": 0.0,
    "avg_n_scheduler_delay": 0.012156998957971519
}