{
    "conflicts": 0,
    "avg_n_delay": 0.01818181818181818,
    "avg_n_scheduler_delay": 0.00909090909090909,
    "avg_reschedule_exec_time": 0.23892271686607683,
    "makespan": 76440,
    "avg_queue_size": 0.025874125874125874,
    "avg_n_uncertainty_delay": 0.00909090909090909
}