{
    "conflicts": 0,
    "n_scheduler_delay": 377,
    "avg_reschedule_exec_time": 0.6033117904343419,
    "avg_active_aircrafts": 11.137962962962963,
    "makespan": 32370,
    "n_uncertainty_delay": 7,
    "n_delay": 384,
    "avg_queue_size": 0.000925925925925926
}