{
    "conflicts": 0,
    "n_scheduler_delay": 373,
    "avg_reschedule_exec_time": 0.2836153206444848,
    "avg_active_aircrafts": 11.105555555555556,
    "makespan": 32370,
    "n_uncertainty_delay": 8,
    "n_delay": 381,
    "avg_queue_size": 0.003703703703703704
}