{
    "conflicts": 0,
    "n_scheduler_delay": 394,
    "avg_reschedule_exec_time": 1.0588821272983728,
    "avg_active_aircrafts": 11.221296296296297,
    "makespan": 32370,
    "n_uncertainty_delay": 6,
    "n_delay": 400,
    "avg_queue_size": 0.003703703703703704
}