{
    "n_uncertainty_delay": 5,
    "avg_queue_size": 0.001851851851851852,
    "conflicts": 0,
    "avg_reschedule_exec_time": 0.4996653346128242,
    "n_delay": 313,
    "makespan": 32370,
    "n_scheduler_delay": 308,
    "avg_active_aircrafts": 10.862037037037037
}