{
    "avg_reschedule_exec_time": 0.43577027764431264,
    "avg_active_aircrafts": 10.420370370370371,
    "avg_queue_size": 0.001851851851851852,
    "n_uncertainty_delay": 3,
    "n_delay": 288,
    "conflicts": 0,
    "makespan": 32370,
    "n_scheduler_delay": 285
}