{
    "avg_n_delay": 0.016456582633053222,
    "avg_n_scheduler_delay": 0.011554621848739496,
    "avg_queue_size": 0.035364145658263305,
    "avg_n_uncertainty_delay": 0.004901960784313725,
    "conflicts": 0,
    "avg_reschedule_exec_time": 0.2436265743384927,
    "makespan": 76710
}