{
    "n_delay": 409,
    "n_scheduler_delay": 392,
    "avg_active_aircrafts": 10.766666666666667,
    "n_uncertainty_delay": 17,
    "makespan": 32370,
    "avg_reschedule_exec_time": 0.4845442760822385,
    "avg_queue_size": 0.000925925925925926,
    "conflicts": 0
}