{
    "makespan": 76470,
    "avg_queue_size": 0.0,
    "conflicts": 0,
    "avg_reschedule_exec_time": 0.5747133666562736,
    "avg_n_delay": 0.012851684612712747,
    "avg_n_uncertainty_delay": 0.0013893713094824591,
    "avg_n_scheduler_delay": 0.011462313303230288
}