{
    "avg_queue_size": 0.0006954102920723226,
    "makespan": 76440,
    "conflicts": 0,
    "avg_n_delay": 0.0076495132127955496,
    "avg_reschedule_exec_time": 0.1023487277681781,
    "avg_n_uncertainty_delay": 0.0,
    "avg_n_scheduler_delay": 0.0076495132127955496
}