{
    "n_scheduler_delay": 301,
    "makespan": 32370,
    "avg_reschedule_exec_time": 0.41529652462449185,
    "n_delay": 301,
    "n_uncertainty_delay": 0,
    "avg_queue_size": 0.001851851851851852,
    "conflicts": 0,
    "avg_active_aircrafts": 10.25462962962963
}