{
    "conflicts": 0,
    "n_scheduler_delay": 344,
    "avg_reschedule_exec_time": 0.2713819142838798,
    "avg_active_aircrafts": 11.175925925925926,
    "makespan": 32370,
    "n_uncertainty_delay": 8,
    "n_delay": 352,
    "avg_queue_size": 0.004629629629629629
}