{
    "n_scheduler_delay": 337,
    "makespan": 32370,
    "avg_reschedule_exec_time": 0.5059876952060434,
    "n_delay": 353,
    "n_uncertainty_delay": 16,
    "avg_queue_size": 0.001851851851851852,
    "conflicts": 0,
    "avg_active_aircrafts": 11.08611111111111
}