{
    "n_delay": 396,
    "conflicts": 0,
    "n_scheduler_delay": 390,
    "avg_reschedule_exec_time": 0.31604662717774856,
    "avg_active_aircrafts": 12.264814814814814,
    "avg_queue_size": 0.09814814814814815,
    "n_uncertainty_delay": 6,
    "makespan": 32370
}