{
    "conflicts": 0,
    "makespan": 33180,
    "avg_n_delay": 0.05416666666666667,
    "avg_n_scheduler_delay": 0.04027777777777778,
    "avg_n_uncertainty_delay": 0.013888888888888888,
    "avg_queue_size": 0.004861111111111111,
    "avg_reschedule_exec_time": 0.10099955720821795
}