{
    "n_uncertainty_delay": 3,
    "avg_queue_size": 0.000925925925925926,
    "conflicts": 0,
    "avg_reschedule_exec_time": 0.5528185522833536,
    "n_delay": 369,
    "makespan": 32370,
    "n_scheduler_delay": 366,
    "avg_active_aircrafts": 11.118518518518519
}