{
    "avg_n_delay": 0.011482254697286011,
    "avg_n_scheduler_delay": 0.007306889352818371,
    "avg_queue_size": 0.0006958942240779402,
    "avg_n_uncertainty_delay": 0.0041753653444676405,
    "conflicts": 0,
    "avg_reschedule_exec_time": 0.11113898624436128,
    "makespan": 76170
}