{
    "avg_n_scheduler_delay": 0.007301808066759388,
    "avg_queue_size": 0.0,
    "avg_n_delay": 0.017037552155771907,
    "avg_reschedule_exec_time": 0.5906264871607916,
    "conflicts": 0,
    "avg_n_uncertainty_delay": 0.009735744089012517,
    "makespan": 76470
}