{
    "avg_n_uncertainty_delay": 0.009040333796940195,
    "avg_reschedule_exec_time": 0.3675154902476786,
    "conflicts": 0,
    "avg_n_delay": 0.017385257301808066,
    "avg_queue_size": 0.0003477051460361613,
    "avg_n_scheduler_delay": 0.008344923504867872,
    "makespan": 76530
}