{
    "avg_reschedule_exec_time": 0.4905295549437057,
    "avg_active_aircrafts": 10.902777777777779,
    "avg_queue_size": 0.007407407407407408,
    "n_uncertainty_delay": 0,
    "n_delay": 300,
    "conflicts": 0,
    "makespan": 32370,
    "n_scheduler_delay": 300
}