{
    "conflicts": 24,
    "makespan": 76710,
    "avg_queue_size": 0.6378947368421053,
    "avg_reschedule_exec_time": 0.21418274970764808,
    "avg_n_delay": 0.7628458498023716,
    "avg_n_scheduler_delay": 0.6640316205533597,
    "avg_n_uncertainty_delay": 0.09881422924901186
}