{
    "n_scheduler_delay": 268,
    "makespan": 32370,
    "avg_reschedule_exec_time": 0.3858121561449628,
    "n_delay": 274,
    "n_uncertainty_delay": 6,
    "avg_queue_size": 0.001851851851851852,
    "conflicts": 0,
    "avg_active_aircrafts": 10.22037037037037
}