{
    "conflicts": 0,
    "avg_n_delay": 0.015034965034965035,
    "avg_n_scheduler_delay": 0.007692307692307693,
    "avg_reschedule_exec_time": 0.22081613540649414,
    "makespan": 76710,
    "avg_queue_size": 0.02937062937062937,
    "avg_n_uncertainty_delay": 0.0073426573426573424
}