{
    "avg_n_delay": 0.027719298245614036,
    "avg_n_scheduler_delay": 0.02526315789473684,
    "avg_queue_size": 0.07368421052631578,
    "avg_n_uncertainty_delay": 0.002456140350877193,
    "conflicts": 0,
    "avg_reschedule_exec_time": 0.42735698375296083,
    "makespan": 76770
}