{
    "conflicts": 0,
    "makespan": 33480,
    "avg_n_delay": 0.04583333333333334,
    "avg_n_scheduler_delay": 0.03888888888888889,
    "avg_n_uncertainty_delay": 0.006944444444444444,
    "avg_queue_size": 0.0020833333333333333,
    "avg_reschedule_exec_time": 0.07867842862865054
}