{
    "conflicts": 0,
    "makespan": 33300,
    "avg_n_delay": 0.03888888888888889,
    "avg_n_scheduler_delay": 0.027777777777777776,
    "avg_n_uncertainty_delay": 0.011111111111111112,
    "avg_queue_size": 0.001388888888888889,
    "avg_reschedule_exec_time": 0.0943894114002876
}