{
    "makespan": 32370,
    "avg_queue_size": 0.003703703703703704,
    "avg_reschedule_exec_time": 0.480654678788296,
    "n_uncertainty_delay": 3,
    "conflicts": 0,
    "n_scheduler_delay": 326,
    "n_delay": 329,
    "avg_active_aircrafts": 10.735185185185186
}