{
    "n_scheduler_delay": 352,
    "n_uncertainty_delay": 15,
    "makespan": 32370,
    "conflicts": 0,
    "avg_queue_size": 0.004629629629629629,
    "avg_reschedule_exec_time": 0.2761983937995378,
    "n_delay": 367,
    "avg_active_aircrafts": 10.64074074074074
}