{
    "avg_active_aircrafts": 10.939814814814815,
    "avg_queue_size": 0.002777777777777778,
    "n_scheduler_delay": 378,
    "n_delay": 391,
    "conflicts": 0,
    "makespan": 32370,
    "n_uncertainty_delay": 13,
    "avg_reschedule_exec_time": 0.27985926561577373
}