{
    "n_delay": 432,
    "n_scheduler_delay": 417,
    "avg_active_aircrafts": 11.48425925925926,
    "n_uncertainty_delay": 15,
    "makespan": 32370,
    "avg_reschedule_exec_time": 0.5910844769588737,
    "avg_queue_size": 0.009259259259259259,
    "conflicts": 0
}