{
    "n_scheduler_delay": 282,
    "n_uncertainty_delay": 9,
    "makespan": 32370,
    "conflicts": 0,
    "avg_queue_size": 0.002777777777777778,
    "avg_reschedule_exec_time": 0.24825154903323152,
    "n_delay": 291,
    "avg_active_aircrafts": 10.672222222222222
}