{
    "makespan": 32370,
    "avg_queue_size": 0.001851851851851852,
    "avg_reschedule_exec_time": 0.5322954832121384,
    "n_uncertainty_delay": 11,
    "conflicts": 0,
    "n_scheduler_delay": 368,
    "n_delay": 379,
    "avg_active_aircrafts": 11.128703703703703
}