{
    "avg_n_delay": 0.034027777777777775,
    "avg_queue_size": 0.001388888888888889,
    "makespan": 33450,
    "avg_n_scheduler_delay": 0.02847222222222222,
    "avg_n_uncertainty_delay": 0.005555555555555556,
    "conflicts": 0,
    "avg_reschedule_exec_time": 0.11363178616288316
}