{
    "total_conflicts": 625,
    "makespan": 76620,
    "delay_added": 180,
    "avg_queue_size": 0.03426573426573415,
    "avg_reschedule_exec_time": 0.4955006258203349
}