{
    "avg_n_delay": 0.013231197771587745,
    "avg_n_scheduler_delay": 0.008356545961002786,
    "avg_queue_size": 0.0,
    "avg_n_uncertainty_delay": 0.004874651810584958,
    "conflicts": 0,
    "avg_reschedule_exec_time": 0.1266837559598784,
    "makespan": 76230
}