{
    "conflicts": 0,
    "n_scheduler_delay": 350,
    "avg_reschedule_exec_time": 0.595487713147808,
    "avg_active_aircrafts": 11.068518518518518,
    "makespan": 32370,
    "n_uncertainty_delay": 9,
    "n_delay": 359,
    "avg_queue_size": 0.002777777777777778
}