{
    "n_delay": 370,
    "n_scheduler_delay": 356,
    "avg_active_aircrafts": 11.035185185185185,
    "n_uncertainty_delay": 14,
    "makespan": 32370,
    "avg_reschedule_exec_time": 0.5069078545237696,
    "avg_queue_size": 0.004629629629629629,
    "conflicts": 0
}