{
    "conflicts": 0,
    "avg_n_delay": 0.013286713286713287,
    "avg_n_scheduler_delay": 0.008391608391608392,
    "avg_reschedule_exec_time": 0.22701619208698542,
    "makespan": 76800,
    "avg_queue_size": 0.032867132867132866,
    "avg_n_uncertainty_delay": 0.0048951048951048955
}