{
    "conflicts": 948,
    "makespan": 77490,
    "delay_added": 5610,
    "avg_queue_size": 0.21964912280701754,
    "avg_reschedule_exec_time": 1.6771594382621147,
    "avg_n_delay": 3.494208494208494,
    "avg_n_scheduler_delay": 0.3088803088803089,
    "avg_n_uncertainty_delay": 3.1853281853281854
}