{
    "makespan": 32370,
    "avg_queue_size": 0.000925925925925926,
    "avg_reschedule_exec_time": 0.43949791220731516,
    "n_uncertainty_delay": 0,
    "conflicts": 0,
    "n_scheduler_delay": 301,
    "n_delay": 301,
    "avg_active_aircrafts": 10.824074074074074
}