{
    "n_uncertainty_delay": 4,
    "avg_queue_size": 0.001851851851851852,
    "conflicts": 0,
    "avg_reschedule_exec_time": 0.6161094909490541,
    "n_delay": 429,
    "makespan": 32370,
    "n_scheduler_delay": 425,
    "avg_active_aircrafts": 10.981481481481481
}