{
    "n_delay": 376,
    "n_scheduler_delay": 367,
    "avg_active_aircrafts": 11.169444444444444,
    "n_uncertainty_delay": 9,
    "makespan": 32370,
    "avg_reschedule_exec_time": 0.5478968121284662,
    "avg_queue_size": 0.006481481481481481,
    "conflicts": 0
}