{
    "conflicts": 0,
    "n_scheduler_delay": 432,
    "avg_reschedule_exec_time": 0.3243217707122633,
    "avg_active_aircrafts": 11.00925925925926,
    "makespan": 32370,
    "n_uncertainty_delay": 6,
    "n_delay": 438,
    "avg_queue_size": 0.007407407407407408
}