{
    "avg_n_delay": 0.010778859527121001,
    "avg_n_scheduler_delay": 0.006606397774687065,
    "avg_queue_size": 0.0003477051460361613,
    "avg_n_uncertainty_delay": 0.004172461752433936,
    "conflicts": 0,
    "avg_reschedule_exec_time": 0.09693910716967995,
    "makespan": 76320
}