{
    "avg_reschedule_exec_time": 0.29249235530232276,
    "avg_active_aircrafts": 11.062962962962963,
    "avg_queue_size": 0.004629629629629629,
    "n_uncertainty_delay": 4,
    "n_delay": 374,
    "conflicts": 0,
    "makespan": 32370,
    "n_scheduler_delay": 370
}