{
    "n_uncertainty_delay": 12,
    "avg_queue_size": 0.010185185185185186,
    "conflicts": 0,
    "avg_reschedule_exec_time": 0.6576856668605361,
    "n_delay": 436,
    "makespan": 32370,
    "n_scheduler_delay": 424,
    "avg_active_aircrafts": 11.213888888888889
}