{
    "conflicts": 0,
    "makespan": 33120,
    "avg_n_delay": 0.03680555555555556,
    "avg_n_scheduler_delay": 0.021527777777777778,
    "avg_n_uncertainty_delay": 0.015277777777777777,
    "avg_queue_size": 0.0020833333333333333,
    "avg_reschedule_exec_time": 0.09109420962320397
}