{
    "avg_n_delay": 0.03611111111111111,
    "avg_queue_size": 0.003472222222222222,
    "makespan": 33480,
    "avg_n_scheduler_delay": 0.027777777777777776,
    "avg_n_uncertainty_delay": 0.008333333333333333,
    "conflicts": 0,
    "avg_reschedule_exec_time": 0.06587746951370559
}