{
    "avg_n_delay": 0.022058823529411766,
    "avg_n_scheduler_delay": 0.018557422969187675,
    "avg_queue_size": 0.10224089635854341,
    "avg_n_uncertainty_delay": 0.0035014005602240898,
    "conflicts": 0,
    "avg_reschedule_exec_time": 0.173263679636587,
    "makespan": 77220
}