{
    "n_delay": 314,
    "avg_queue_size": 0.07314814814814814,
    "n_scheduler_delay": 311,
    "n_uncertainty_delay": 3,
    "makespan": 32370,
    "conflicts": 0,
    "avg_reschedule_exec_time": 0.47264248603998227,
    "avg_active_aircrafts": 12.27962962962963
}