{
    "avg_n_delay": 0.01882845188284519,
    "avg_n_scheduler_delay": 0.016387726638772665,
    "avg_queue_size": 0.003486750348675035,
    "avg_n_uncertainty_delay": 0.0024407252440725243,
    "conflicts": 0,
    "avg_reschedule_exec_time": 0.16379268129332727,
    "makespan": 76380
}