{
    "makespan": 32370,
    "avg_queue_size": 0.007407407407407408,
    "avg_reschedule_exec_time": 0.47348474125529444,
    "n_uncertainty_delay": 7,
    "conflicts": 0,
    "n_scheduler_delay": 322,
    "n_delay": 329,
    "avg_active_aircrafts": 10.762962962962963
}