{
    "makespan": 32370,
    "avg_queue_size": 0.001851851851851852,
    "avg_reschedule_exec_time": 0.4989879231120265,
    "n_uncertainty_delay": 13,
    "conflicts": 0,
    "n_scheduler_delay": 348,
    "n_delay": 361,
    "avg_active_aircrafts": 10.852777777777778
}