{
    "conflicts": 0,
    "n_scheduler_delay": 300,
    "avg_reschedule_exec_time": 1.5386969392949885,
    "avg_active_aircrafts": 10.73320895522388,
    "makespan": 32130,
    "n_uncertainty_delay": 4,
    "n_delay": 304,
    "avg_queue_size": 0.0009328358208955224
}