{
    "conflicts": 7,
    "makespan": 76560,
    "avg_queue_size": 0.19017543859649122,
    "avg_reschedule_exec_time": 0.20609275838162036,
    "avg_n_delay": 0.678714859437751,
    "avg_n_scheduler_delay": 0.6586345381526104,
    "avg_n_uncertainty_delay": 0.020080321285140562
}