{
    "avg_n_delay": 0.023076923076923078,
    "avg_n_scheduler_delay": 0.01818181818181818,
    "avg_queue_size": 0.07727272727272727,
    "avg_n_uncertainty_delay": 0.0048951048951048955,
    "conflicts": 0,
    "avg_reschedule_exec_time": 0.26777251269839225,
    "makespan": 76890
}