{
    "n_uncertainty_delay": 11,
    "avg_queue_size": 0.002777777777777778,
    "conflicts": 0,
    "avg_reschedule_exec_time": 0.45337536279545276,
    "n_delay": 316,
    "makespan": 32370,
    "n_scheduler_delay": 305,
    "avg_active_aircrafts": 10.692592592592593
}