{
    "avg_reschedule_exec_time": 0.23245181150214617,
    "avg_active_aircrafts": 10.768518518518519,
    "avg_queue_size": 0.003703703703703704,
    "n_uncertainty_delay": 9,
    "n_delay": 284,
    "conflicts": 0,
    "makespan": 32370,
    "n_scheduler_delay": 275
}