{
    "conflicts": 11,
    "makespan": 76350,
    "avg_queue_size": 0.0020891364902506965,
    "avg_reschedule_exec_time": 0.39831169956889234,
    "avg_n_delay": 0.0,
    "avg_n_scheduler_delay": 0.0,
    "avg_n_uncertainty_delay": 0.0
}