{
    "avg_n_delay": 0.029166666666666667,
    "avg_queue_size": 0.03194444444444444,
    "makespan": 33360,
    "avg_n_scheduler_delay": 0.027083333333333334,
    "avg_n_uncertainty_delay": 0.0020833333333333333,
    "conflicts": 0,
    "avg_reschedule_exec_time": 0.07888923676986268
}