{
    "conflicts": 0,
    "makespan": 33450,
    "avg_n_delay": 0.049305555555555554,
    "avg_n_scheduler_delay": 0.0375,
    "avg_n_uncertainty_delay": 0.011805555555555555,
    "avg_queue_size": 0.0,
    "avg_reschedule_exec_time": 0.054440327673569364
}