{
    "avg_active_aircrafts": 11.335185185185185,
    "avg_queue_size": 0.003703703703703704,
    "n_scheduler_delay": 402,
    "n_delay": 413,
    "conflicts": 0,
    "makespan": 32370,
    "n_uncertainty_delay": 11,
    "avg_reschedule_exec_time": 0.3074281803397245
}