{
    "n_delay": 396,
    "avg_queue_size": 0.06574074074074074,
    "n_scheduler_delay": 392,
    "n_uncertainty_delay": 4,
    "makespan": 32370,
    "conflicts": 0,
    "avg_reschedule_exec_time": 0.5726270420606746,
    "avg_active_aircrafts": 12.428703703703704
}