{
    "conflicts": 0,
    "avg_n_delay": 0.016083916083916083,
    "avg_n_scheduler_delay": 0.010839160839160839,
    "avg_reschedule_exec_time": 0.1203392911964739,
    "makespan": 76770,
    "avg_queue_size": 0.038811188811188814,
    "avg_n_uncertainty_delay": 0.005244755244755245
}