{
    "conflicts": 0,
    "avg_n_delay": 0.013636363636363637,
    "avg_n_scheduler_delay": 0.013286713286713287,
    "avg_reschedule_exec_time": 0.23900252328792088,
    "makespan": 76710,
    "avg_queue_size": 0.01888111888111888,
    "avg_n_uncertainty_delay": 0.00034965034965034965
}