{
    "conflicts": 0,
    "avg_n_delay": 0.01853146853146853,
    "avg_n_scheduler_delay": 0.00909090909090909,
    "avg_reschedule_exec_time": 0.21711154387030804,
    "makespan": 76710,
    "avg_queue_size": 0.046153846153846156,
    "avg_n_uncertainty_delay": 0.00944055944055944
}