{
    "n_scheduler_delay": 382,
    "n_uncertainty_delay": 25,
    "makespan": 32370,
    "conflicts": 0,
    "avg_queue_size": 0.009259259259259259,
    "avg_reschedule_exec_time": 0.5396128887353941,
    "n_delay": 407,
    "avg_active_aircrafts": 11.157407407407407
}