{
    "n_uncertainty_delay": 0,
    "makespan": 32370,
    "n_delay": 402,
    "avg_queue_size": 0.007407407407407408,
    "avg_active_aircrafts": 11.156481481481482,
    "n_scheduler_delay": 402,
    "conflicts": 0,
    "avg_reschedule_exec_time": 0.31979338092131604
}