{
    "avg_n_scheduler_delay": 0.009388038942976356,
    "avg_queue_size": 0.0,
    "avg_n_delay": 0.009388038942976356,
    "avg_reschedule_exec_time": 0.608516739935596,
    "conflicts": 0,
    "avg_n_uncertainty_delay": 0.0,
    "makespan": 76410
}