{
    "avg_queue_size": 0.0,
    "makespan": 76530,
    "conflicts": 0,
    "avg_n_delay": 0.008344923504867872,
    "avg_reschedule_exec_time": 0.10096002554827081,
    "avg_n_uncertainty_delay": 0.0,
    "avg_n_scheduler_delay": 0.008344923504867872
}