{
    "conflicts": 0,
    "n_scheduler_delay": 283,
    "avg_reschedule_exec_time": 0.8243274733284923,
    "avg_active_aircrafts": 10.875,
    "makespan": 32370,
    "n_uncertainty_delay": 6,
    "n_delay": 289,
    "avg_queue_size": 0.003703703703703704
}