{
    "avg_reschedule_exec_time": 0.10380943273103337,
    "avg_n_delay": 0.011474269819193323,
    "avg_queue_size": 0.0,
    "conflicts": 0,
    "makespan": 76770,
    "avg_n_scheduler_delay": 0.008344923504867872,
    "avg_n_uncertainty_delay": 0.003129346314325452
}