{
    "avg_reschedule_exec_time": 0.4878200697344403,
    "avg_active_aircrafts": 10.942592592592593,
    "avg_queue_size": 0.000925925925925926,
    "n_uncertainty_delay": 3,
    "n_delay": 332,
    "conflicts": 0,
    "makespan": 32370,
    "n_scheduler_delay": 329
}