{
    "n_scheduler_delay": 323,
    "makespan": 32370,
    "avg_reschedule_exec_time": 0.45566883530727653,
    "n_delay": 328,
    "n_uncertainty_delay": 5,
    "avg_queue_size": 0.002777777777777778,
    "conflicts": 0,
    "avg_active_aircrafts": 10.875925925925927
}