{
    "avg_reschedule_exec_time": 0.4602973416794178,
    "avg_queue_size": 0.003703703703703704,
    "conflicts": 0,
    "n_scheduler_delay": 299,
    "avg_active_aircrafts": 10.991666666666667,
    "n_delay": 328,
    "makespan": 32370,
    "n_uncertainty_delay": 29
}