{
    "conflicts": 0,
    "makespan": 78570,
    "avg_queue_size": 0.13263157894736843,
    "avg_reschedule_exec_time": 0.9232805282511609,
    "avg_n_delay": 0.03571428571428571,
    "avg_n_scheduler_delay": 0.03571428571428571,
    "avg_n_uncertainty_delay": 0.0
}