{
    "makespan": 32370,
    "n_delay": 341,
    "conflicts": 0,
    "avg_reschedule_exec_time": 0.42173557476483314,
    "n_scheduler_delay": 334,
    "avg_active_aircrafts": 11.170370370370371,
    "avg_queue_size": 0.004629629629629629,
    "n_uncertainty_delay": 7
}