{
    "conflicts": 0,
    "n_scheduler_delay": 365,
    "avg_reschedule_exec_time": 0.4096896152070907,
    "avg_active_aircrafts": 11.139814814814814,
    "makespan": 32370,
    "n_uncertainty_delay": 8,
    "n_delay": 373,
    "avg_queue_size": 0.000925925925925926
}