{
    "avg_n_delay": 0.012534818941504178,
    "avg_n_scheduler_delay": 0.009401114206128134,
    "avg_queue_size": 0.0020891364902506965,
    "avg_n_uncertainty_delay": 0.0031337047353760445,
    "conflicts": 0,
    "avg_reschedule_exec_time": 0.12485026447466632,
    "makespan": 76650
}