{
    "conflicts": 0,
    "avg_n_delay": 0.015734265734265732,
    "avg_n_scheduler_delay": 0.014685314685314685,
    "avg_reschedule_exec_time": 0.25965008601336415,
    "makespan": 77130,
    "avg_queue_size": 0.04825174825174825,
    "avg_n_uncertainty_delay": 0.001048951048951049
}