{
    "avg_n_uncertainty_delay": 0.005563282336578581,
    "avg_reschedule_exec_time": 0.3779657780293967,
    "conflicts": 0,
    "avg_n_delay": 0.013908205841446454,
    "avg_queue_size": 0.0006954102920723226,
    "avg_n_scheduler_delay": 0.008344923504867872,
    "makespan": 76440
}