{
    "conflicts": 0,
    "makespan": 33450,
    "avg_n_delay": 0.03819444444444445,
    "avg_n_scheduler_delay": 0.03333333333333333,
    "avg_n_uncertainty_delay": 0.004861111111111111,
    "avg_queue_size": 0.0020833333333333333,
    "avg_reschedule_exec_time": 0.05722172413031703
}