{
    "makespan": 76470,
    "avg_reschedule_exec_time": 0.10752461970060129,
    "avg_queue_size": 0.0,
    "avg_n_uncertainty_delay": 0.0006956521739130435,
    "avg_n_scheduler_delay": 0.008347826086956521,
    "avg_n_delay": 0.009043478260869564,
    "conflicts": 0
}