{
    "avg_reschedule_exec_time": 0.5103412983029387,
    "avg_queue_size": 0.006481481481481481,
    "conflicts": 0,
    "n_scheduler_delay": 328,
    "avg_active_aircrafts": 10.828703703703704,
    "n_delay": 358,
    "makespan": 32370,
    "n_uncertainty_delay": 30
}