{
    "n_scheduler_delay": 404,
    "n_uncertainty_delay": 23,
    "makespan": 32370,
    "conflicts": 0,
    "avg_queue_size": 0.001851851851851852,
    "avg_reschedule_exec_time": 0.5377218490423158,
    "n_delay": 427,
    "avg_active_aircrafts": 10.852777777777778
}