{
    "n_scheduler_delay": 295,
    "makespan": 32370,
    "avg_reschedule_exec_time": 0.43220358116682184,
    "n_delay": 303,
    "n_uncertainty_delay": 8,
    "avg_queue_size": 0.006481481481481481,
    "conflicts": 0,
    "avg_active_aircrafts": 10.825
}