{
    "n_delay": 337,
    "n_scheduler_delay": 333,
    "avg_active_aircrafts": 10.798148148148147,
    "n_uncertainty_delay": 4,
    "makespan": 32370,
    "avg_reschedule_exec_time": 0.47308831214904784,
    "avg_queue_size": 0.001851851851851852,
    "conflicts": 0
}