{
    "n_scheduler_delay": 369,
    "n_uncertainty_delay": 13,
    "makespan": 32370,
    "conflicts": 0,
    "avg_queue_size": 0.010185185185185186,
    "avg_reschedule_exec_time": 0.3034949934759805,
    "n_delay": 382,
    "avg_active_aircrafts": 10.975
}