{
    "avg_active_aircrafts": 11.008333333333333,
    "avg_queue_size": 0.002777777777777778,
    "n_scheduler_delay": 297,
    "n_delay": 318,
    "conflicts": 0,
    "makespan": 32370,
    "n_uncertainty_delay": 21,
    "avg_reschedule_exec_time": 0.2409573843312818
}