{
    "avg_reschedule_exec_time": 0.10501954880929591,
    "avg_n_delay": 0.013560500695410291,
    "avg_queue_size": 0.0,
    "conflicts": 0,
    "makespan": 76140,
    "avg_n_scheduler_delay": 0.010083449235048678,
    "avg_n_uncertainty_delay": 0.0034770514603616135
}