{
    "avg_n_scheduler_delay": 0.006606397774687065,
    "avg_queue_size": 0.0,
    "avg_n_delay": 0.016689847009735744,
    "avg_reschedule_exec_time": 0.5926537483847573,
    "conflicts": 0,
    "avg_n_uncertainty_delay": 0.010083449235048678,
    "makespan": 76650
}