{
    "avg_n_uncertainty_delay": 0.009040333796940195,
    "avg_reschedule_exec_time": 0.3732104484085253,
    "conflicts": 0,
    "avg_n_delay": 0.02086230876216968,
    "avg_queue_size": 0.0003477051460361613,
    "avg_n_scheduler_delay": 0.011821974965229486,
    "makespan": 76770
}