{
    "n_scheduler_delay": 385,
    "n_uncertainty_delay": 1,
    "avg_active_aircrafts": 11.743518518518519,
    "n_delay": 386,
    "avg_reschedule_exec_time": 0.5359291242998699,
    "conflicts": 0,
    "makespan": 32370,
    "avg_queue_size": 0.05092592592592592
}