{
    "conflicts": 0,
    "avg_n_delay": 0.016083916083916083,
    "avg_n_scheduler_delay": 0.012937062937062937,
    "avg_reschedule_exec_time": 0.2314935972992803,
    "makespan": 76770,
    "avg_queue_size": 0.02937062937062937,
    "avg_n_uncertainty_delay": 0.003146853146853147
}