{
    "n_delay": 361,
    "avg_queue_size": 0.11203703703703703,
    "n_scheduler_delay": 354,
    "n_uncertainty_delay": 7,
    "makespan": 32370,
    "conflicts": 0,
    "avg_reschedule_exec_time": 0.5177260409953982,
    "avg_active_aircrafts": 12.148148148148149
}