{
    "avg_reschedule_exec_time": 0.4950280511102011,
    "avg_active_aircrafts": 10.64537037037037,
    "avg_queue_size": 0.002777777777777778,
    "n_uncertainty_delay": 4,
    "n_delay": 351,
    "conflicts": 0,
    "makespan": 32370,
    "n_scheduler_delay": 347
}