{
    "avg_n_scheduler_delay": 0.009040333796940195,
    "avg_queue_size": 0.0,
    "avg_n_delay": 0.011474269819193325,
    "avg_reschedule_exec_time": 0.6001192537190855,
    "conflicts": 0,
    "avg_n_uncertainty_delay": 0.0024339360222531293,
    "makespan": 76380
}