{
    "avg_n_uncertainty_delay": 0.0027816411682892906,
    "avg_n_delay": 0.014255910987482615,
    "avg_n_scheduler_delay": 0.011474269819193325,
    "conflicts": 0,
    "avg_queue_size": 0.0,
    "avg_reschedule_exec_time": 0.10100812400615979,
    "makespan": 76380
}