{
    "avg_reschedule_exec_time": 0.10530127788320558,
    "avg_n_delay": 0.01808066759388039,
    "avg_queue_size": 0.0,
    "conflicts": 0,
    "makespan": 76770,
    "avg_n_scheduler_delay": 0.011126564673157162,
    "avg_n_uncertainty_delay": 0.006954102920723227
}