{
    "avg_reschedule_exec_time": 0.5626263452130694,
    "avg_queue_size": 0.001851851851851852,
    "conflicts": 0,
    "n_scheduler_delay": 376,
    "avg_active_aircrafts": 10.936111111111112,
    "n_delay": 386,
    "makespan": 32370,
    "n_uncertainty_delay": 10
}