{
    "avg_reschedule_exec_time": 0.5721346112184746,
    "avg_queue_size": 0.005555555555555556,
    "conflicts": 0,
    "n_scheduler_delay": 395,
    "avg_active_aircrafts": 11.016666666666667,
    "n_delay": 430,
    "makespan": 32370,
    "n_uncertainty_delay": 35
}