{
    "avg_queue_size": 0.005555555555555556,
    "n_uncertainty_delay": 7,
    "makespan": 32370,
    "n_scheduler_delay": 444,
    "avg_reschedule_exec_time": 0.22049482154314898,
    "conflicts": 0,
    "n_delay": 451,
    "avg_active_aircrafts": 11.084259259259259
}