{
    "n_uncertainty_delay": 0,
    "makespan": 32370,
    "n_delay": 332,
    "avg_queue_size": 0.005555555555555556,
    "avg_active_aircrafts": 10.972222222222221,
    "n_scheduler_delay": 332,
    "conflicts": 0,
    "avg_reschedule_exec_time": 0.35539511518558087
}