{
    "makespan": 32370,
    "avg_queue_size": 0.002777777777777778,
    "avg_reschedule_exec_time": 0.5257645473923794,
    "n_uncertainty_delay": 5,
    "conflicts": 0,
    "n_scheduler_delay": 343,
    "n_delay": 348,
    "avg_active_aircrafts": 10.930555555555555
}