{
    "makespan": 32370,
    "avg_queue_size": 0.003703703703703704,
    "avg_reschedule_exec_time": 0.5152557228886804,
    "n_uncertainty_delay": 9,
    "conflicts": 0,
    "n_scheduler_delay": 361,
    "n_delay": 370,
    "avg_active_aircrafts": 11.041666666666666
}