{
    "conflicts": 0,
    "makespan": 33570,
    "avg_n_delay": 0.03680555555555556,
    "avg_n_scheduler_delay": 0.03125,
    "avg_n_uncertainty_delay": 0.005555555555555556,
    "avg_queue_size": 0.0020833333333333333,
    "avg_reschedule_exec_time": 0.052600842664500796
}