{
    "avg_n_delay": 0.014295676429567642,
    "avg_n_scheduler_delay": 0.009762900976290097,
    "avg_queue_size": 0.002789400278940028,
    "avg_n_uncertainty_delay": 0.004532775453277545,
    "conflicts": 0,
    "avg_reschedule_exec_time": 0.14371657271345123,
    "makespan": 76500
}