{
    "conflicts": 0,
    "makespan": 76620,
    "avg_queue_size": 0.44035087719298244,
    "avg_reschedule_exec_time": 0.1989189919005049,
    "avg_n_delay": 0.66,
    "avg_n_scheduler_delay": 0.656,
    "avg_n_uncertainty_delay": 0.004
}