{
    "avg_reschedule_exec_time": 0.48294358253479003,
    "avg_active_aircrafts": 10.84074074074074,
    "avg_queue_size": 0.001851851851851852,
    "n_uncertainty_delay": 1,
    "n_delay": 322,
    "conflicts": 0,
    "makespan": 32370,
    "n_scheduler_delay": 321
}