{
    "conflicts": 0,
    "makespan": 33240,
    "avg_n_delay": 0.04097222222222222,
    "avg_n_scheduler_delay": 0.025694444444444443,
    "avg_n_uncertainty_delay": 0.015277777777777777,
    "avg_queue_size": 0.0,
    "avg_reschedule_exec_time": 0.05249856308642204
}