{
    "conflicts": 0,
    "n_scheduler_delay": 372,
    "avg_reschedule_exec_time": 2.424786999540509,
    "avg_active_aircrafts": 11.098148148148148,
    "makespan": 32370,
    "n_uncertainty_delay": 6,
    "n_delay": 378,
    "avg_queue_size": 0.001851851851851852
}