{
    "n_uncertainty_delay": 0,
    "makespan": 32370,
    "n_delay": 347,
    "avg_queue_size": 0.003703703703703704,
    "avg_active_aircrafts": 10.893518518518519,
    "n_scheduler_delay": 347,
    "conflicts": 0,
    "avg_reschedule_exec_time": 0.27515120187805403
}