{
    "avg_queue_size": 0.003703703703703704,
    "n_uncertainty_delay": 12,
    "makespan": 32370,
    "n_scheduler_delay": 328,
    "avg_reschedule_exec_time": 0.15092308224906284,
    "conflicts": 0,
    "n_delay": 340,
    "avg_active_aircrafts": 10.809259259259258
}