{
    "conflicts": 16,
    "makespan": 77520,
    "avg_queue_size": 1.0326315789473683,
    "avg_reschedule_exec_time": 0.23778540022829744,
    "avg_n_delay": 0.71875,
    "avg_n_scheduler_delay": 0.6640625,
    "avg_n_uncertainty_delay": 0.0546875
}