{
    "conflicts": 0,
    "avg_n_delay": 0.015034965034965035,
    "avg_n_scheduler_delay": 0.012587412587412588,
    "avg_reschedule_exec_time": 0.23378314266742115,
    "makespan": 76530,
    "avg_queue_size": 0.03566433566433566,
    "avg_n_uncertainty_delay": 0.0024475524475524478
}