{
    "n_scheduler_delay": 347,
    "n_uncertainty_delay": 7,
    "avg_active_aircrafts": 11.94537037037037,
    "n_delay": 354,
    "avg_reschedule_exec_time": 0.4830694132072981,
    "conflicts": 0,
    "makespan": 32370,
    "avg_queue_size": 0.08055555555555556
}