{
    "conflicts": 0,
    "n_scheduler_delay": 294,
    "avg_reschedule_exec_time": 1.0357113393504969,
    "avg_active_aircrafts": 10.478703703703705,
    "makespan": 32370,
    "n_uncertainty_delay": 2,
    "n_delay": 296,
    "avg_queue_size": 0.000925925925925926
}