{
    "n_delay": 420,
    "n_scheduler_delay": 399,
    "avg_active_aircrafts": 11.135185185185184,
    "n_uncertainty_delay": 21,
    "makespan": 32370,
    "avg_reschedule_exec_time": 0.5515307792397433,
    "avg_queue_size": 0.001851851851851852,
    "conflicts": 0
}