{
    "conflicts": 0,
    "makespan": 33270,
    "avg_n_delay": 0.04027777777777777,
    "avg_n_scheduler_delay": 0.03611111111111111,
    "avg_n_uncertainty_delay": 0.004166666666666667,
    "avg_queue_size": 0.004166666666666667,
    "avg_reschedule_exec_time": 0.05416966945680071
}