{
    "n_scheduler_delay": 344,
    "makespan": 32370,
    "avg_reschedule_exec_time": 0.49174307667931844,
    "n_delay": 361,
    "n_uncertainty_delay": 17,
    "avg_queue_size": 0.003703703703703704,
    "conflicts": 0,
    "avg_active_aircrafts": 11.03425925925926
}