{
    "makespan": 32370,
    "avg_queue_size": 0.006481481481481481,
    "avg_reschedule_exec_time": 0.51601091540137,
    "n_uncertainty_delay": 3,
    "conflicts": 0,
    "n_scheduler_delay": 346,
    "n_delay": 349,
    "avg_active_aircrafts": 10.719444444444445
}