{
    "avg_n_delay": 0.03256302521008403,
    "avg_n_scheduler_delay": 0.028711484593837534,
    "avg_queue_size": 0.06302521008403361,
    "avg_n_uncertainty_delay": 0.003851540616246499,
    "conflicts": 0,
    "avg_reschedule_exec_time": 0.3535067704644534,
    "makespan": 76740
}