{
    "n_scheduler_delay": 352,
    "makespan": 32370,
    "avg_reschedule_exec_time": 0.49678317003471906,
    "n_delay": 371,
    "n_uncertainty_delay": 19,
    "avg_queue_size": 0.002777777777777778,
    "conflicts": 0,
    "avg_active_aircrafts": 11.158333333333333
}