{
    "n_uncertainty_delay": 0,
    "makespan": 32370,
    "n_delay": 372,
    "avg_queue_size": 0.001851851851851852,
    "avg_active_aircrafts": 10.948148148148148,
    "n_scheduler_delay": 372,
    "conflicts": 0,
    "avg_reschedule_exec_time": 0.3707540872037245
}