{
    "avg_queue_size": 0.003703703703703704,
    "n_uncertainty_delay": 6,
    "makespan": 32370,
    "n_scheduler_delay": 351,
    "avg_reschedule_exec_time": 0.1877815238612608,
    "conflicts": 0,
    "n_delay": 357,
    "avg_active_aircrafts": 10.897222222222222
}