{
    "conflicts": 0,
    "n_scheduler_delay": 370,
    "avg_reschedule_exec_time": 0.4147509438397716,
    "avg_active_aircrafts": 10.857407407407408,
    "makespan": 32370,
    "n_uncertainty_delay": 8,
    "n_delay": 378,
    "avg_queue_size": 0.007407407407407408
}