{
    "n_delay": 319,
    "conflicts": 0,
    "n_scheduler_delay": 318,
    "avg_reschedule_exec_time": 0.2613965733106746,
    "avg_active_aircrafts": 11.62037037037037,
    "avg_queue_size": 0.06018518518518518,
    "n_uncertainty_delay": 1,
    "makespan": 32370
}