{
    "avg_reschedule_exec_time": 0.43203159043955247,
    "avg_queue_size": 0.004629629629629629,
    "conflicts": 0,
    "n_scheduler_delay": 270,
    "avg_active_aircrafts": 10.773148148148149,
    "n_delay": 308,
    "makespan": 32370,
    "n_uncertainty_delay": 38
}