{
    "avg_reschedule_exec_time": 0.09624864796077973,
    "avg_n_delay": 0.014951321279554938,
    "avg_queue_size": 0.0,
    "conflicts": 0,
    "makespan": 76530,
    "avg_n_scheduler_delay": 0.008344923504867872,
    "avg_n_uncertainty_delay": 0.006606397774687065
}