{
    "n_scheduler_delay": 355,
    "n_uncertainty_delay": 3,
    "makespan": 32370,
    "conflicts": 0,
    "avg_queue_size": 0.004629629629629629,
    "avg_reschedule_exec_time": 0.5136786505233409,
    "n_delay": 358,
    "avg_active_aircrafts": 10.7
}