{
    "conflicts": 0,
    "avg_n_delay": 0.012237762237762238,
    "avg_n_scheduler_delay": 0.00909090909090909,
    "avg_reschedule_exec_time": 0.2494579167433188,
    "makespan": 76680,
    "avg_queue_size": 0.06363636363636363,
    "avg_n_uncertainty_delay": 0.003146853146853147
}