{
    "avg_reschedule_exec_time": 0.1012097125597983,
    "avg_n_delay": 0.01286509040333797,
    "avg_queue_size": 0.0,
    "conflicts": 0,
    "makespan": 76590,
    "avg_n_scheduler_delay": 0.0076495132127955496,
    "avg_n_uncertainty_delay": 0.00521557719054242
}