{
    "makespan": 76380,
    "avg_reschedule_exec_time": 0.10057540298005636,
    "avg_queue_size": 0.0,
    "avg_n_uncertainty_delay": 0.0010420284821118443,
    "avg_n_scheduler_delay": 0.00868357068426537,
    "avg_n_delay": 0.009725599166377214,
    "conflicts": 0
}