{
    "avg_n_uncertainty_delay": 0.0013893713094824591,
    "makespan": 76260,
    "avg_n_delay": 0.007294199374782911,
    "avg_reschedule_exec_time": 0.36917443865695154,
    "conflicts": 0,
    "avg_queue_size": 0.0,
    "avg_n_scheduler_delay": 0.005904828065300452
}