{
    "conflicts": 0,
    "avg_n_delay": 0.016083916083916083,
    "avg_n_scheduler_delay": 0.013636363636363636,
    "avg_reschedule_exec_time": 0.24564395320247595,
    "makespan": 77370,
    "avg_queue_size": 0.03531468531468532,
    "avg_n_uncertainty_delay": 0.0024475524475524478
}