{
    "conflicts": 0,
    "avg_n_delay": 0.015384615384615385,
    "avg_n_scheduler_delay": 0.015384615384615385,
    "avg_reschedule_exec_time": 0.2640621863620382,
    "makespan": 76710,
    "avg_queue_size": 0.044055944055944055,
    "avg_n_uncertainty_delay": 0.0
}