simulation.reschedule_cycle,conflicts,makespan,avg_queue_size,avg_reschedule_exec_time,avg_n_delay,avg_n_scheduler_delay,avg_n_uncertainty_delay
60.0,0.0,33286.5,0.0002777777777777778,0.08251451084776285,0.0340625,0.027013888888888886,0.007048611111111112
120.0,0.0,33358.5,0.0020486111111111113,0.09666624504211553,0.03618055555555555,0.02965277777777777,0.006527777777777778
180.0,0.0,33351.0,0.00545138888888889,0.10385364693079036,0.03013888888888889,0.02451388888888889,0.005625
240.0,0.0,33391.5,0.016354166666666666,0.07773236655656186,0.036875000000000005,0.03072916666666666,0.006145833333333334
300.0,0.0,33432.0,0.028611111111111115,0.0926755830958173,0.045138888888888895,0.03947916666666667,0.005659722222222221
360.0,0.0,33433.5,0.037500000000000006,0.10467568445606393,0.04534722222222222,0.040590277777777774,0.004756944444444444
420.0,0.0,33516.0,0.05808823529411765,0.12153734877558035,0.043242296918767506,0.03778011204481792,0.0054621848739495795
