simulation.reschedule_cycle,conflicts,makespan,avg_queue_size,avg_reschedule_exec_time,avg_n_delay,avg_n_scheduler_delay,avg_n_uncertainty_delay
30.0,0.0,76386.0,0.0,0.3530932397789389,0.009517193469954844,0.008753039249739492,0.0007641542202153525
60.0,0.0,76416.0,0.0,0.3662467132523263,0.0113273106323836,0.010354412786657403,0.0009728978457261986
90.0,0.0,76284.0,6.951685783802573e-05,0.37369502944587907,0.010079944386513728,0.00910670837678137,0.0009732360097323601
120.0,0.0,76560.0,0.0,0.3792219932364886,0.009040333796940195,0.008136300417246176,0.0009040333796940195
150.0,0.0,76458.0,6.956521739130436e-05,0.3863513914965586,0.011617391304347826,0.010504347826086956,0.0011130434782608697
