{
    "n_delay": 298,
    "conflicts": 0,
    "n_scheduler_delay": 295,
    "avg_reschedule_exec_time": 0.26063263582628826,
    "avg_active_aircrafts": 12.128703703703703,
    "avg_queue_size": 0.07407407407407407,
    "n_uncertainty_delay": 3,
    "makespan": 32370
}