{
    "conflicts": 0,
    "n_scheduler_delay": 382,
    "avg_reschedule_exec_time": 0.5726348847650283,
    "avg_active_aircrafts": 10.838888888888889,
    "makespan": 32370,
    "n_uncertainty_delay": 8,
    "n_delay": 390,
    "avg_queue_size": 0.002777777777777778
}