{
    "avg_queue_size": 0.006481481481481481,
    "n_uncertainty_delay": 12,
    "makespan": 32370,
    "n_scheduler_delay": 322,
    "avg_reschedule_exec_time": 0.21730943417460502,
    "conflicts": 0,
    "n_delay": 334,
    "avg_active_aircrafts": 10.862962962962962
}