{
    "makespan": 32370,
    "avg_queue_size": 0.009259259259259259,
    "avg_reschedule_exec_time": 0.5283768698226574,
    "n_uncertainty_delay": 7,
    "conflicts": 0,
    "n_scheduler_delay": 358,
    "n_delay": 365,
    "avg_active_aircrafts": 10.85
}