{
    "n_delay": 398,
    "n_scheduler_delay": 386,
    "avg_active_aircrafts": 11.181481481481482,
    "n_uncertainty_delay": 12,
    "makespan": 32370,
    "avg_reschedule_exec_time": 0.2832214810127436,
    "avg_queue_size": 0.000925925925925926,
    "conflicts": 0
}