{
    "avg_n_delay": 0.02485994397759104,
    "avg_n_scheduler_delay": 0.02030812324929972,
    "avg_queue_size": 0.09593837535014006,
    "avg_n_uncertainty_delay": 0.004551820728291317,
    "conflicts": 0,
    "avg_reschedule_exec_time": 0.2871224678168863,
    "makespan": 76530
}