{
    "avg_reschedule_exec_time": 0.2914689485416856,
    "avg_active_aircrafts": 10.887037037037038,
    "avg_queue_size": 0.003703703703703704,
    "n_uncertainty_delay": 4,
    "n_delay": 364,
    "conflicts": 0,
    "makespan": 32370,
    "n_scheduler_delay": 360
}