{
    "n_uncertainty_delay": 8,
    "avg_queue_size": 0.003703703703703704,
    "conflicts": 0,
    "avg_reschedule_exec_time": 0.5420479896456696,
    "n_delay": 363,
    "makespan": 32370,
    "n_scheduler_delay": 355,
    "avg_active_aircrafts": 10.911111111111111
}