{
    "n_delay": 361,
    "n_scheduler_delay": 361,
    "avg_active_aircrafts": 10.738888888888889,
    "n_uncertainty_delay": 0,
    "makespan": 32370,
    "avg_reschedule_exec_time": 0.4782231829887213,
    "avg_queue_size": 0.001851851851851852,
    "conflicts": 0
}