{
    "n_delay": 314,
    "n_scheduler_delay": 305,
    "avg_active_aircrafts": 10.823148148148148,
    "n_uncertainty_delay": 9,
    "makespan": 32370,
    "avg_reschedule_exec_time": 0.44780191377151846,
    "avg_queue_size": 0.003703703703703704,
    "conflicts": 0
}