{
    "avg_n_delay": 0.01008344923504868,
    "avg_n_scheduler_delay": 0.0076495132127955496,
    "avg_queue_size": 0.0,
    "avg_n_uncertainty_delay": 0.0024339360222531293,
    "conflicts": 0,
    "avg_reschedule_exec_time": 0.09934637871957423,
    "makespan": 76380
}