{
    "n_scheduler_delay": 355,
    "makespan": 32370,
    "avg_reschedule_exec_time": 0.5228407859802247,
    "n_delay": 359,
    "n_uncertainty_delay": 4,
    "avg_queue_size": 0.004629629629629629,
    "conflicts": 0,
    "avg_active_aircrafts": 11.327777777777778
}