{
    "conflicts": 0,
    "n_scheduler_delay": 369,
    "avg_reschedule_exec_time": 0.8249578333612698,
    "avg_active_aircrafts": 10.975,
    "makespan": 32370,
    "n_uncertainty_delay": 5,
    "n_delay": 374,
    "avg_queue_size": 0.001851851851851852
}