{
    "makespan": 32370,
    "avg_queue_size": 0.003703703703703704,
    "avg_reschedule_exec_time": 0.4761461845664091,
    "n_uncertainty_delay": 11,
    "conflicts": 0,
    "n_scheduler_delay": 330,
    "n_delay": 341,
    "avg_active_aircrafts": 10.925925925925926
}