{
    "makespan": 76680,
    "avg_reschedule_exec_time": 0.09680052241602123,
    "avg_queue_size": 0.0,
    "avg_n_uncertainty_delay": 0.0003475842891901286,
    "avg_n_scheduler_delay": 0.007994438651372959,
    "avg_n_delay": 0.008342022940563087,
    "conflicts": 0
}