{
    "conflicts": 0,
    "avg_n_delay": 0.016083916083916083,
    "avg_n_scheduler_delay": 0.013986013986013986,
    "avg_reschedule_exec_time": 0.22572227095214414,
    "makespan": 76770,
    "avg_queue_size": 0.02972027972027972,
    "avg_n_uncertainty_delay": 0.002097902097902098
}