{
    "makespan": 76080,
    "avg_queue_size": 0.0,
    "conflicts": 0,
    "avg_reschedule_exec_time": 0.5763847489446589,
    "avg_n_delay": 0.004866180048661801,
    "avg_n_uncertainty_delay": 0.0006951685783802572,
    "avg_n_scheduler_delay": 0.004171011470281543
}