{
    "n_uncertainty_delay": 2,
    "avg_queue_size": 0.000925925925925926,
    "conflicts": 0,
    "avg_reschedule_exec_time": 0.5026909684025964,
    "n_delay": 335,
    "makespan": 32370,
    "n_scheduler_delay": 333,
    "avg_active_aircrafts": 10.781481481481482
}