{
    "avg_reschedule_exec_time": 0.5350505695786587,
    "avg_active_aircrafts": 10.871296296296297,
    "avg_queue_size": 0.003703703703703704,
    "n_uncertainty_delay": 1,
    "n_delay": 386,
    "conflicts": 0,
    "makespan": 32370,
    "n_scheduler_delay": 385
}