{
    "makespan": 32370,
    "avg_queue_size": 0.004629629629629629,
    "avg_reschedule_exec_time": 0.5775765951289688,
    "n_uncertainty_delay": 9,
    "conflicts": 0,
    "n_scheduler_delay": 434,
    "n_delay": 443,
    "avg_active_aircrafts": 11.15462962962963
}