{
    "n_scheduler_delay": 323,
    "n_uncertainty_delay": 9,
    "makespan": 32370,
    "conflicts": 0,
    "avg_queue_size": 0.003703703703703704,
    "avg_reschedule_exec_time": 0.26369771624720373,
    "n_delay": 332,
    "avg_active_aircrafts": 10.851851851851851
}