{
    "makespan": 32370,
    "avg_queue_size": 0.005555555555555556,
    "avg_reschedule_exec_time": 0.5541090610415437,
    "n_uncertainty_delay": 8,
    "conflicts": 0,
    "n_scheduler_delay": 365,
    "n_delay": 373,
    "avg_active_aircrafts": 11.174074074074074
}