{
    "makespan": 76650,
    "avg_queue_size": 0.0,
    "conflicts": 0,
    "avg_reschedule_exec_time": 0.6060934231027432,
    "avg_n_delay": 0.007641542202153525,
    "avg_n_uncertainty_delay": 0.0006946856547412296,
    "avg_n_scheduler_delay": 0.0069468565474122956
}