{
    "avg_reschedule_exec_time": 0.054812361270936416,
    "avg_n_delay": 0.017037552155771907,
    "avg_queue_size": 0.0,
    "conflicts": 0,
    "makespan": 76530,
    "avg_n_scheduler_delay": 0.009040333796940195,
    "avg_n_uncertainty_delay": 0.007997218358831711
}