{
    "makespan": 32370,
    "avg_queue_size": 0.006481481481481481,
    "avg_reschedule_exec_time": 0.5226464870364167,
    "n_uncertainty_delay": 23,
    "conflicts": 0,
    "n_scheduler_delay": 341,
    "n_delay": 364,
    "avg_active_aircrafts": 11.150925925925925
}