{
    "avg_n_delay": 0.011846689895470382,
    "avg_n_scheduler_delay": 0.008362369337979094,
    "avg_queue_size": 0.012543554006968641,
    "avg_n_uncertainty_delay": 0.003484320557491289,
    "conflicts": 0,
    "avg_reschedule_exec_time": 0.17995317893869736,
    "makespan": 76500
}