{
    "n_delay": 337,
    "conflicts": 0,
    "n_scheduler_delay": 336,
    "avg_reschedule_exec_time": 0.27035934869633166,
    "avg_active_aircrafts": 11.88888888888889,
    "avg_queue_size": 0.06296296296296296,
    "n_uncertainty_delay": 1,
    "makespan": 32370
}