{
    "avg_queue_size": 0.010185185185185186,
    "n_uncertainty_delay": 6,
    "makespan": 32370,
    "n_scheduler_delay": 339,
    "avg_reschedule_exec_time": 0.11658934512770319,
    "conflicts": 0,
    "n_delay": 345,
    "avg_active_aircrafts": 10.818518518518518
}