{
    "n_uncertainty_delay": 0,
    "makespan": 32370,
    "n_delay": 328,
    "avg_queue_size": 0.003703703703703704,
    "avg_active_aircrafts": 10.82037037037037,
    "n_scheduler_delay": 328,
    "conflicts": 0,
    "avg_reschedule_exec_time": 0.11995064781372805
}