{
    "n_scheduler_delay": 366,
    "makespan": 32370,
    "avg_reschedule_exec_time": 0.5036247386488804,
    "n_delay": 373,
    "n_uncertainty_delay": 7,
    "avg_queue_size": 0.003703703703703704,
    "conflicts": 0,
    "avg_active_aircrafts": 10.921296296296296
}