{
    "conflicts": 0,
    "avg_n_delay": 0.019930069930069932,
    "avg_n_scheduler_delay": 0.01013986013986014,
    "avg_reschedule_exec_time": 0.2463357683638452,
    "makespan": 77040,
    "avg_queue_size": 0.05419580419580419,
    "avg_n_uncertainty_delay": 0.009790209790209791
}