{
    "n_delay": 368,
    "avg_queue_size": 0.06574074074074074,
    "n_scheduler_delay": 366,
    "n_uncertainty_delay": 2,
    "makespan": 32370,
    "conflicts": 0,
    "avg_reschedule_exec_time": 0.5073406119679296,
    "avg_active_aircrafts": 11.878703703703703
}