{
    "makespan": 32370,
    "n_delay": 330,
    "conflicts": 0,
    "avg_reschedule_exec_time": 0.4019868142569243,
    "n_scheduler_delay": 324,
    "avg_active_aircrafts": 10.752777777777778,
    "avg_queue_size": 0.010185185185185186,
    "n_uncertainty_delay": 6
}