{
    "avg_n_delay": 0.01708507670850767,
    "avg_n_scheduler_delay": 0.01290097629009763,
    "avg_queue_size": 0.002789400278940028,
    "avg_n_uncertainty_delay": 0.0041841004184100415,
    "conflicts": 0,
    "avg_reschedule_exec_time": 0.1495942989317309,
    "makespan": 76440
}