{
    "makespan": 32370,
    "avg_queue_size": 0.009259259259259259,
    "avg_reschedule_exec_time": 0.5357206100641295,
    "n_uncertainty_delay": 7,
    "conflicts": 0,
    "n_scheduler_delay": 349,
    "n_delay": 356,
    "avg_active_aircrafts": 11.065740740740742
}