{
    "n_delay": 414,
    "n_scheduler_delay": 405,
    "avg_active_aircrafts": 11.349074074074075,
    "n_uncertainty_delay": 9,
    "makespan": 32370,
    "avg_reschedule_exec_time": 0.5577661303586738,
    "avg_queue_size": 0.006481481481481481,
    "conflicts": 0
}