{
    "n_delay": 317,
    "avg_queue_size": 0.08148148148148149,
    "n_scheduler_delay": 316,
    "n_uncertainty_delay": 1,
    "makespan": 32370,
    "conflicts": 0,
    "avg_reschedule_exec_time": 0.45135699205620344,
    "avg_active_aircrafts": 12.11111111111111
}