{
    "conflicts": 0,
    "avg_n_delay": 0.012587412587412587,
    "avg_n_scheduler_delay": 0.01013986013986014,
    "avg_reschedule_exec_time": 0.22549570949984268,
    "makespan": 76770,
    "avg_queue_size": 0.02727272727272727,
    "avg_n_uncertainty_delay": 0.0024475524475524478
}