{
    "conflicts": 0,
    "n_scheduler_delay": 308,
    "avg_reschedule_exec_time": 0.37489534931111956,
    "avg_active_aircrafts": 10.531481481481482,
    "makespan": 32370,
    "n_uncertainty_delay": 8,
    "n_delay": 316,
    "avg_queue_size": 0.004629629629629629
}