{
    "conflicts": 0,
    "n_scheduler_delay": 322,
    "avg_reschedule_exec_time": 0.9354390763790807,
    "avg_active_aircrafts": 10.723148148148148,
    "makespan": 32370,
    "n_uncertainty_delay": 8,
    "n_delay": 330,
    "avg_queue_size": 0.007407407407407408
}