{
    "makespan": 32370,
    "avg_queue_size": 0.006481481481481481,
    "avg_reschedule_exec_time": 0.267347051930982,
    "n_uncertainty_delay": 43,
    "conflicts": 0,
    "n_scheduler_delay": 312,
    "n_delay": 355,
    "avg_active_aircrafts": 10.935185185185185
}