{
    "avg_n_delay": 0.014603616133518776,
    "avg_n_scheduler_delay": 0.011474269819193325,
    "avg_queue_size": 0.0,
    "avg_n_uncertainty_delay": 0.003129346314325452,
    "conflicts": 0,
    "avg_reschedule_exec_time": 0.10384693949335465,
    "makespan": 76500
}