{
    "avg_queue_size": 0.003703703703703704,
    "n_uncertainty_delay": 14,
    "makespan": 32370,
    "n_scheduler_delay": 333,
    "avg_reschedule_exec_time": 0.18988740809448582,
    "conflicts": 0,
    "n_delay": 347,
    "avg_active_aircrafts": 10.96574074074074
}