{
    "n_uncertainty_delay": 0,
    "makespan": 32370,
    "n_delay": 324,
    "avg_queue_size": 0.001851851851851852,
    "avg_active_aircrafts": 10.776851851851852,
    "n_scheduler_delay": 324,
    "conflicts": 0,
    "avg_reschedule_exec_time": 0.33765128063956346
}