{
    "avg_n_delay": 0.04097222222222222,
    "avg_queue_size": 0.05625,
    "makespan": 33450,
    "avg_n_scheduler_delay": 0.0375,
    "avg_n_uncertainty_delay": 0.003472222222222222,
    "conflicts": 0,
    "avg_reschedule_exec_time": 0.10494811795338863
}