{
    "makespan": 32370,
    "avg_queue_size": 0.002777777777777778,
    "avg_reschedule_exec_time": 0.48982565236646075,
    "n_uncertainty_delay": 4,
    "conflicts": 0,
    "n_scheduler_delay": 336,
    "n_delay": 340,
    "avg_active_aircrafts": 10.925
}