{
    "conflicts": 0,
    "makespan": 33180,
    "avg_n_delay": 0.03888888888888889,
    "avg_n_scheduler_delay": 0.029166666666666667,
    "avg_n_uncertainty_delay": 0.009722222222222222,
    "avg_queue_size": 0.003472222222222222,
    "avg_reschedule_exec_time": 0.05381759295556539
}