{
    "n_delay": 366,
    "avg_queue_size": 0.058333333333333334,
    "n_scheduler_delay": 362,
    "n_uncertainty_delay": 4,
    "makespan": 32370,
    "conflicts": 0,
    "avg_reschedule_exec_time": 0.49782144413437956,
    "avg_active_aircrafts": 11.60925925925926
}