{
    "conflicts": 0,
    "avg_n_delay": 0.016433566433566433,
    "avg_n_scheduler_delay": 0.013986013986013986,
    "avg_reschedule_exec_time": 0.2350434853997029,
    "makespan": 76500,
    "avg_queue_size": 0.031818181818181815,
    "avg_n_uncertainty_delay": 0.0024475524475524478
}