uncertainty.prob_hold,conflicts,makespan,delay_added,avg_queue_size,avg_reschedule_exec_time
0.0,475.0,81870.0,30.0,1.9375072869301604,0.27122189234761357
0.1,573.0,80400.0,60.0,1.150169056779756,0.2769164552966368
0.2,461.0,80460.0,60.0,1.7667016439314376,0.27086924117745703
0.30000000000000004,666.0,79320.0,150.0,1.291710388247637,0.28870434668457623
0.4,783.0,80250.0,210.0,2.0173720415063503,0.2989271566705796
0.5,548.0,79860.0,180.0,1.3139792468228957,0.27181618653454825
0.6000000000000001,654.0,79350.0,60.0,1.1549492829660712,0.2803331787146411
0.7000000000000001,742.0,82950.0,90.0,1.4508569429870568,0.2838869025406328
