uncertainty.prob_hold,conflicts,makespan,delay_added,avg_queue_size,avg_reschedule_exec_time
0.0,440.0,82200.0,90.0,2.600093272706081,0.45341622482225735
0.1,435.0,81870.0,30.0,1.8849247988807314,0.361643189365424
0.2,533.0,78450.0,180.0,0.6315728110061791,0.31670969898260914
0.30000000000000004,899.0,79320.0,300.0,1.2125451789670083,0.36658913880875965
0.4,474.0,79470.0,90.0,0.8114725428471508,0.30991377182377194
0.5,590.0,80250.0,90.0,1.2560335781741863,0.3135483542692314
0.6000000000000001,589.0,79320.0,90.0,1.1580972367960813,0.3320709247033573
0.7000000000000001,480.0,81780.0,90.0,2.194007228634722,0.32118407962391676
