uncertainty.prob_hold,conflicts,makespan,delay_added,avg_queue_size,avg_reschedule_exec_time
0.0,457.0,81420.0,90.0,2.5029730675061272,0.09262813642187026
0.2,504.0,82470.0,30.0,2.7246123353153897,0.09463306075160943
0.4,617.0,80640.0,150.0,1.480121254517895,0.11938277726034516
0.6000000000000001,661.0,81330.0,90.0,2.0439547627375454,0.10897449150826168
