uncertainty.prob_hold,conflicts,makespan,delay_added,avg_queue_size,avg_reschedule_exec_time
0.0,631.0,80460.0,60.0,1.2929928879561632,0.2945844062323709
0.1,427.0,81210.0,60.0,1.5786405503089562,0.30178361263089964
0.2,500.0,80850.0,90.0,1.4671796665500765,0.29831409454345703
0.30000000000000004,500.0,81390.0,30.0,1.4859507986475409,0.31096843608374736
0.4,587.0,82080.0,60.0,1.5420310131747672,0.29942138912608324
0.5,717.0,79380.0,90.0,0.5507753293692422,0.2978022029098955
0.6000000000000001,476.0,79440.0,120.0,1.4159962690917527,0.27757592803066217
0.7000000000000001,554.0,81360.0,90.0,1.2742217558586904,0.31043087625966487
