{
    "conflicts": 0,
    "n_scheduler_delay": 326,
    "avg_reschedule_exec_time": 0.6946822831879801,
    "avg_active_aircrafts": 10.652777777777779,
    "makespan": 32370,
    "n_uncertainty_delay": 7,
    "n_delay": 333,
    "avg_queue_size": 0.007407407407407408
}