{
    "n_delay": 365,
    "n_scheduler_delay": 364,
    "avg_active_aircrafts": 10.880555555555556,
    "n_uncertainty_delay": 1,
    "makespan": 32370,
    "avg_reschedule_exec_time": 0.5055939386057299,
    "avg_queue_size": 0.002777777777777778,
    "conflicts": 0
}