{
    "n_scheduler_delay": 289,
    "n_uncertainty_delay": 3,
    "avg_active_aircrafts": 11.896296296296295,
    "n_delay": 292,
    "avg_reschedule_exec_time": 0.44188955772754757,
    "conflicts": 0,
    "makespan": 32370,
    "avg_queue_size": 0.07962962962962963
}