{
    "conflicts": 0,
    "avg_n_delay": 0.02342657342657343,
    "avg_n_scheduler_delay": 0.014335664335664336,
    "avg_reschedule_exec_time": 0.2573727570788961,
    "makespan": 76470,
    "avg_queue_size": 0.05874125874125874,
    "avg_n_uncertainty_delay": 0.00909090909090909
}