{
    "makespan": 32370,
    "n_delay": 353,
    "conflicts": 0,
    "avg_reschedule_exec_time": 0.2609439285434022,
    "n_scheduler_delay": 344,
    "avg_active_aircrafts": 10.73425925925926,
    "avg_queue_size": 0.001851851851851852,
    "n_uncertainty_delay": 9
}