{
    "avg_n_delay": 0.04513888888888889,
    "avg_queue_size": 0.018055555555555554,
    "makespan": 33300,
    "avg_n_scheduler_delay": 0.03958333333333333,
    "avg_n_uncertainty_delay": 0.005555555555555556,
    "conflicts": 0,
    "avg_reschedule_exec_time": 0.0866044766410103
}