{
    "makespan": 76770,
    "avg_queue_size": 0.0,
    "conflicts": 0,
    "avg_reschedule_exec_time": 0.6184800992028638,
    "avg_n_delay": 0.010782608695652176,
    "avg_n_uncertainty_delay": 0.00034782608695652176,
    "avg_n_scheduler_delay": 0.010434782608695653
}