{
    "makespan": 76530,
    "avg_reschedule_exec_time": 0.10954030091754235,
    "avg_queue_size": 0.0,
    "avg_n_uncertainty_delay": 0.0006956521739130435,
    "avg_n_scheduler_delay": 0.008695652173913044,
    "avg_n_delay": 0.009391304347826087,
    "conflicts": 0
}