{
    "n_scheduler_delay": 253,
    "n_uncertainty_delay": 1,
    "avg_active_aircrafts": 11.76574074074074,
    "n_delay": 254,
    "avg_reschedule_exec_time": 0.4145861326262008,
    "conflicts": 0,
    "makespan": 32370,
    "avg_queue_size": 0.053703703703703705
}