{
    "conflicts": 0,
    "avg_n_delay": 0.020279720279720283,
    "avg_n_scheduler_delay": 0.01048951048951049,
    "avg_reschedule_exec_time": 0.12603289980283924,
    "makespan": 76500,
    "avg_queue_size": 0.023426573426573425,
    "avg_n_uncertainty_delay": 0.009790209790209791
}