{
    "makespan": 32370,
    "avg_queue_size": 0.000925925925925926,
    "avg_reschedule_exec_time": 0.49514247983001,
    "n_uncertainty_delay": 14,
    "conflicts": 0,
    "n_scheduler_delay": 335,
    "n_delay": 349,
    "avg_active_aircrafts": 10.901851851851852
}