{
    "makespan": 76350,
    "avg_queue_size": 0.0,
    "conflicts": 0,
    "avg_reschedule_exec_time": 0.6082388411830942,
    "avg_n_delay": 0.010782608695652174,
    "avg_n_uncertainty_delay": 0.0,
    "avg_n_scheduler_delay": 0.010782608695652174
}