{
    "n_scheduler_delay": 352,
    "n_uncertainty_delay": 5,
    "makespan": 32370,
    "conflicts": 0,
    "avg_queue_size": 0.002777777777777778,
    "avg_reschedule_exec_time": 0.27671229562094046,
    "n_delay": 357,
    "avg_active_aircrafts": 10.844444444444445
}