{
    "avg_reschedule_exec_time": 0.5925892142362372,
    "avg_queue_size": 0.005555555555555556,
    "conflicts": 0,
    "n_scheduler_delay": 402,
    "avg_active_aircrafts": 11.383333333333333,
    "n_delay": 410,
    "makespan": 32370,
    "n_uncertainty_delay": 8
}