{
    "avg_active_aircrafts": 10.832407407407407,
    "avg_queue_size": 0.005555555555555556,
    "n_scheduler_delay": 336,
    "n_delay": 342,
    "conflicts": 0,
    "makespan": 32370,
    "n_uncertainty_delay": 6,
    "avg_reschedule_exec_time": 0.2620447746542997
}