{
    "conflicts": 0,
    "n_scheduler_delay": 288,
    "avg_reschedule_exec_time": 0.2348861362584668,
    "avg_active_aircrafts": 10.469444444444445,
    "makespan": 32370,
    "n_uncertainty_delay": 7,
    "n_delay": 295,
    "avg_queue_size": 0.002777777777777778
}