{
    "avg_reschedule_exec_time": 0.1047203975799688,
    "avg_n_delay": 0.009040333796940195,
    "avg_queue_size": 0.0,
    "conflicts": 0,
    "makespan": 76140,
    "avg_n_scheduler_delay": 0.009040333796940195,
    "avg_n_uncertainty_delay": 0.0
}