{
    "makespan": 76620,
    "avg_reschedule_exec_time": 0.08352418514156275,
    "avg_queue_size": 0.0,
    "avg_n_uncertainty_delay": 0.0003473428273706148,
    "avg_n_scheduler_delay": 0.009030913511635985,
    "avg_n_delay": 0.0093782563390066,
    "conflicts": 0
}