{
    "n_delay": 315,
    "n_scheduler_delay": 306,
    "avg_active_aircrafts": 10.649074074074074,
    "n_uncertainty_delay": 9,
    "makespan": 32370,
    "avg_reschedule_exec_time": 0.4433315742847531,
    "avg_queue_size": 0.004629629629629629,
    "conflicts": 0
}