{
    "n_uncertainty_delay": 20,
    "avg_queue_size": 0.004629629629629629,
    "conflicts": 0,
    "avg_reschedule_exec_time": 0.6034765409868817,
    "n_delay": 424,
    "makespan": 32370,
    "n_scheduler_delay": 404,
    "avg_active_aircrafts": 11.098148148148148
}