{
    "avg_reschedule_exec_time": 0.05506107866930098,
    "avg_n_delay": 0.01842837273991655,
    "avg_queue_size": 0.0,
    "conflicts": 0,
    "makespan": 76530,
    "avg_n_scheduler_delay": 0.007301808066759388,
    "avg_n_uncertainty_delay": 0.011126564673157162
}