{
    "avg_n_scheduler_delay": 0.009735744089012517,
    "avg_queue_size": 0.0,
    "avg_n_delay": 0.015994436717663423,
    "avg_reschedule_exec_time": 0.5971364974975586,
    "conflicts": 0,
    "avg_n_uncertainty_delay": 0.006258692628650904,
    "makespan": 76380
}