{
    "avg_n_uncertainty_delay": 0.007997218358831711,
    "avg_reschedule_exec_time": 0.375095412923765,
    "conflicts": 0,
    "avg_n_delay": 0.01634214186369958,
    "avg_queue_size": 0.0,
    "avg_n_scheduler_delay": 0.008344923504867872,
    "makespan": 76380
}