{
    "conflicts": 0,
    "n_scheduler_delay": 298,
    "avg_reschedule_exec_time": 0.36875286066842344,
    "avg_active_aircrafts": 11.044444444444444,
    "makespan": 32370,
    "n_uncertainty_delay": 6,
    "n_delay": 304,
    "avg_queue_size": 0.002777777777777778
}