{
    "avg_n_scheduler_delay": 0.010083449235048678,
    "avg_queue_size": 0.001043115438108484,
    "avg_n_delay": 0.012865090403337968,
    "avg_reschedule_exec_time": 0.5988031652312424,
    "conflicts": 0,
    "avg_n_uncertainty_delay": 0.0027816411682892906,
    "makespan": 76440
}