{
    "avg_n_uncertainty_delay": 0.003129346314325452,
    "avg_n_delay": 0.009388038942976355,
    "avg_n_scheduler_delay": 0.006258692628650904,
    "conflicts": 0,
    "avg_queue_size": 0.0,
    "avg_reschedule_exec_time": 0.10001108274486403,
    "makespan": 76680
}