{
    "conflicts": 0,
    "avg_n_delay": 0.01783216783216783,
    "avg_n_scheduler_delay": 0.013636363636363636,
    "avg_reschedule_exec_time": 0.2458030724189651,
    "makespan": 76560,
    "avg_queue_size": 0.03426573426573427,
    "avg_n_uncertainty_delay": 0.004195804195804196
}