{
    "n_delay": 363,
    "n_scheduler_delay": 359,
    "avg_active_aircrafts": 10.771296296296295,
    "n_uncertainty_delay": 4,
    "makespan": 32370,
    "avg_reschedule_exec_time": 0.487575971248538,
    "avg_queue_size": 0.006481481481481481,
    "conflicts": 0
}