{
    "n_scheduler_delay": 333,
    "n_uncertainty_delay": 4,
    "avg_active_aircrafts": 11.551851851851852,
    "n_delay": 337,
    "avg_reschedule_exec_time": 0.47476588958917665,
    "conflicts": 0,
    "makespan": 32370,
    "avg_queue_size": 0.06388888888888888
}