{
    "conflicts": 0,
    "makespan": 33360,
    "avg_n_delay": 0.048611111111111105,
    "avg_n_scheduler_delay": 0.03611111111111111,
    "avg_n_uncertainty_delay": 0.0125,
    "avg_queue_size": 0.001388888888888889,
    "avg_reschedule_exec_time": 0.053780460756137176
}