{
    "n_delay": 353,
    "avg_queue_size": 0.06759259259259259,
    "n_scheduler_delay": 352,
    "n_uncertainty_delay": 1,
    "makespan": 32370,
    "conflicts": 0,
    "avg_reschedule_exec_time": 0.5155301360196846,
    "avg_active_aircrafts": 11.866666666666667
}