{
    "avg_queue_size": 0.006481481481481481,
    "n_uncertainty_delay": 5,
    "makespan": 32370,
    "n_scheduler_delay": 333,
    "avg_reschedule_exec_time": 0.18894488632180897,
    "conflicts": 0,
    "n_delay": 338,
    "avg_active_aircrafts": 10.874074074074073
}