{
    "conflicts": 0,
    "avg_n_delay": 0.013286713286713287,
    "avg_n_scheduler_delay": 0.011538461538461539,
    "avg_reschedule_exec_time": 0.23052259566078723,
    "makespan": 76500,
    "avg_queue_size": 0.022727272727272728,
    "avg_n_uncertainty_delay": 0.0017482517482517483
}