{
    "avg_n_delay": 0.017132867132867134,
    "avg_n_scheduler_delay": 0.013636363636363636,
    "avg_queue_size": 0.02902097902097902,
    "avg_n_uncertainty_delay": 0.0034965034965034965,
    "conflicts": 0,
    "avg_reschedule_exec_time": 0.2306915605571908,
    "makespan": 76500
}