time,rs_exec_time
00:00:00,
00:25:00,0.4375600814819336
00:50:00,1.3542590141296387
01:15:00,0.4225027561187744
01:40:00,1.1033921241760254
02:05:00,5.533586025238037
02:30:00,2.7973039150238037
02:55:00,0.46732306480407715
03:20:00,1.484781265258789
03:45:00,0.4791300296783447
04:10:00,204.5827898979187
04:35:00,1.6484448909759521
05:00:00,0.412200927734375
05:25:00,15.943723917007446
05:50:00,3.649998188018799
06:15:00,0.9042630195617676
06:40:00,0.9545979499816895
07:05:00,0.9340181350708008
07:30:00,0.5253918170928955
07:55:00,0.47080206871032715
08:20:00,3.187788963317871
08:45:00,1.3592021465301514
09:10:00,1.954493761062622
09:35:00,0.5548858642578125
10:00:00,0.5698232650756836
10:25:00,1.5489461421966553
10:50:00,1.6148309707641602
11:15:00,2.578195810317993
11:40:00,207.85875511169434
12:05:00,1.571761131286621
12:30:00,0.6187269687652588
12:55:00,1.5754952430725098
13:20:00,1.0781049728393555
13:45:00,10.999732971191406
14:10:00,1.1701698303222656
14:35:00,2.9857962131500244
15:00:00,4.19688606262207
15:25:00,1.2413718700408936
15:50:00,2.9906280040740967
16:15:00,4.3245439529418945
16:40:00,3.2082629203796387
17:05:00,2.1202542781829834
17:30:00,2.634254217147827
17:55:00,208.05178427696228
18:20:00,3.435495138168335
18:45:00,0.8856348991394043
19:10:00,7.241091966629028
19:35:00,1.617150068283081
20:00:00,6.073868036270142
20:25:00,3.293057918548584
20:50:00,1.500180959701538
21:15:00,3.3621129989624023
21:40:00,0.7724549770355225
22:05:00,0.7010109424591064
22:30:00,0.6320319175720215
22:55:00,0.6110410690307617
23:20:00,0.5765559673309326
