{
    "avg_n_delay": 0.0198744769874477,
    "avg_n_scheduler_delay": 0.014644351464435146,
    "avg_queue_size": 0.016387726638772665,
    "avg_n_uncertainty_delay": 0.005230125523012552,
    "conflicts": 0,
    "avg_reschedule_exec_time": 0.15391024922122473,
    "makespan": 76710
}