{
    "n_scheduler_delay": 439,
    "n_uncertainty_delay": 4,
    "makespan": 32370,
    "conflicts": 0,
    "avg_queue_size": 0.003703703703703704,
    "avg_reschedule_exec_time": 0.3484953858131586,
    "n_delay": 443,
    "avg_active_aircrafts": 11.281481481481482
}