{
    "makespan": 32370,
    "avg_queue_size": 0.005555555555555556,
    "avg_reschedule_exec_time": 0.5696755497954612,
    "n_uncertainty_delay": 19,
    "conflicts": 0,
    "n_scheduler_delay": 415,
    "n_delay": 434,
    "avg_active_aircrafts": 11.203703703703704
}