{
    "avg_n_scheduler_delay": 0.005910987482614743,
    "avg_queue_size": 0.0,
    "avg_n_delay": 0.0076495132127955496,
    "avg_reschedule_exec_time": 0.6020511192863698,
    "conflicts": 0,
    "avg_n_uncertainty_delay": 0.0017385257301808068,
    "makespan": 76410
}