{
    "avg_n_uncertainty_delay": 0.0017385257301808068,
    "avg_n_delay": 0.0062586926286509045,
    "avg_n_scheduler_delay": 0.004520166898470098,
    "conflicts": 0,
    "avg_queue_size": 0.0,
    "avg_reschedule_exec_time": 0.10008217033237468,
    "makespan": 76440
}