{
    "avg_n_uncertainty_delay": 0.0017385257301808068,
    "avg_reschedule_exec_time": 0.3752958206745243,
    "conflicts": 0,
    "avg_n_delay": 0.01008344923504868,
    "avg_queue_size": 0.0,
    "avg_n_scheduler_delay": 0.008344923504867872,
    "makespan": 76530
}