{
    "n_delay": 350,
    "avg_queue_size": 0.07407407407407407,
    "n_scheduler_delay": 343,
    "n_uncertainty_delay": 7,
    "makespan": 32370,
    "conflicts": 0,
    "avg_reschedule_exec_time": 0.5019802293112111,
    "avg_active_aircrafts": 11.921296296296296
}