{
    "n_scheduler_delay": 362,
    "makespan": 32370,
    "avg_reschedule_exec_time": 0.4848230605901674,
    "n_delay": 370,
    "n_uncertainty_delay": 8,
    "avg_queue_size": 0.009259259259259259,
    "conflicts": 0,
    "avg_active_aircrafts": 10.862962962962962
}