{
    "conflicts": 0,
    "avg_n_delay": 0.01188811188811189,
    "avg_n_scheduler_delay": 0.01048951048951049,
    "avg_reschedule_exec_time": 0.2248478523442443,
    "makespan": 76770,
    "avg_queue_size": 0.01888111888111888,
    "avg_n_uncertainty_delay": 0.0013986013986013986
}