{
    "avg_reschedule_exec_time": 0.07568119100765522,
    "avg_queue_size": 0.0,
    "avg_n_scheduler_delay": 0.029861111111111113,
    "avg_n_uncertainty_delay": 0.006944444444444444,
    "conflicts": 0,
    "avg_n_delay": 0.03680555555555556,
    "makespan": 33150
}