{
    "n_scheduler_delay": 353,
    "makespan": 32370,
    "avg_reschedule_exec_time": 0.5191307289655819,
    "n_delay": 357,
    "n_uncertainty_delay": 4,
    "avg_queue_size": 0.002777777777777778,
    "conflicts": 0,
    "avg_active_aircrafts": 11.023148148148149
}