{
    "avg_n_delay": 0.01707317073170732,
    "avg_n_scheduler_delay": 0.012543554006968641,
    "avg_queue_size": 0.018466898954703832,
    "avg_n_uncertainty_delay": 0.004529616724738676,
    "conflicts": 0,
    "avg_reschedule_exec_time": 0.17873161914301852,
    "makespan": 76440
}