{
    "n_uncertainty_delay": 11,
    "avg_queue_size": 0.001851851851851852,
    "conflicts": 0,
    "avg_reschedule_exec_time": 0.523520220157712,
    "n_delay": 332,
    "makespan": 32370,
    "n_scheduler_delay": 321,
    "avg_active_aircrafts": 10.95648148148148
}