{
    "avg_reschedule_exec_time": 0.2710889450339384,
    "avg_active_aircrafts": 10.850925925925926,
    "avg_queue_size": 0.004629629629629629,
    "n_uncertainty_delay": 7,
    "n_delay": 342,
    "conflicts": 0,
    "makespan": 32370,
    "n_scheduler_delay": 335
}