{
    "avg_n_scheduler_delay": 0.007997218358831711,
    "avg_queue_size": 0.0,
    "avg_n_delay": 0.011126564673157164,
    "avg_reschedule_exec_time": 0.5954059229587778,
    "conflicts": 0,
    "avg_n_uncertainty_delay": 0.003129346314325452,
    "makespan": 76680
}