{
    "avg_n_uncertainty_delay": 0.0027816411682892906,
    "avg_n_delay": 0.010778859527121001,
    "avg_n_scheduler_delay": 0.007997218358831711,
    "conflicts": 0,
    "avg_queue_size": 0.0,
    "avg_reschedule_exec_time": 0.10184958419427899,
    "makespan": 76110
}