{
    "avg_n_uncertainty_delay": 0.003129346314325452,
    "avg_reschedule_exec_time": 0.3675265727268952,
    "conflicts": 0,
    "avg_n_delay": 0.009735744089012517,
    "avg_queue_size": 0.0,
    "avg_n_scheduler_delay": 0.006606397774687065,
    "makespan": 76680
}