{
    "avg_reschedule_exec_time": 0.522472911657289,
    "avg_active_aircrafts": 10.873148148148148,
    "avg_queue_size": 0.001851851851851852,
    "n_uncertainty_delay": 2,
    "n_delay": 358,
    "conflicts": 0,
    "makespan": 32370,
    "n_scheduler_delay": 356
}