{
    "n_uncertainty_delay": 2,
    "avg_queue_size": 0.003703703703703704,
    "conflicts": 0,
    "avg_reschedule_exec_time": 0.46224305906961133,
    "n_delay": 316,
    "makespan": 32370,
    "n_scheduler_delay": 314,
    "avg_active_aircrafts": 10.485185185185186
}