{
    "n_delay": 382,
    "conflicts": 0,
    "n_scheduler_delay": 382,
    "avg_reschedule_exec_time": 0.3083306955736737,
    "avg_active_aircrafts": 12.16851851851852,
    "avg_queue_size": 0.0712962962962963,
    "n_uncertainty_delay": 0,
    "makespan": 32370
}