{
    "n_scheduler_delay": 305,
    "n_uncertainty_delay": 0,
    "makespan": 32370,
    "conflicts": 0,
    "avg_queue_size": 0.001851851851851852,
    "avg_reschedule_exec_time": 0.4558606325193893,
    "n_delay": 305,
    "avg_active_aircrafts": 10.835185185185185
}