{
    "makespan": 32370,
    "avg_queue_size": 0.003703703703703704,
    "avg_reschedule_exec_time": 0.557955695307532,
    "n_uncertainty_delay": 0,
    "conflicts": 0,
    "n_scheduler_delay": 394,
    "n_delay": 394,
    "avg_active_aircrafts": 10.775
}