{
    "n_scheduler_delay": 395,
    "n_uncertainty_delay": 0,
    "avg_active_aircrafts": 12.094444444444445,
    "n_delay": 395,
    "avg_reschedule_exec_time": 0.5585141414819762,
    "conflicts": 0,
    "makespan": 32370,
    "avg_queue_size": 0.08055555555555556
}