{
    "avg_reschedule_exec_time": 0.5041449912758761,
    "avg_queue_size": 0.004629629629629629,
    "conflicts": 0,
    "n_scheduler_delay": 313,
    "avg_active_aircrafts": 11.027777777777779,
    "n_delay": 313,
    "makespan": 32370,
    "n_uncertainty_delay": 0
}