{
    "avg_active_aircrafts": 10.97962962962963,
    "avg_queue_size": 0.003703703703703704,
    "n_scheduler_delay": 352,
    "n_delay": 352,
    "conflicts": 0,
    "makespan": 32370,
    "n_uncertainty_delay": 0,
    "avg_reschedule_exec_time": 0.27529328812000364
}