{
    "conflicts": 0,
    "makespan": 33120,
    "avg_n_delay": 0.049305555555555554,
    "avg_n_scheduler_delay": 0.03958333333333333,
    "avg_n_uncertainty_delay": 0.009722222222222222,
    "avg_queue_size": 0.0,
    "avg_reschedule_exec_time": 0.05391804886395553
}