time,rs_exec_time
00:00:00,
00:22:00,0.42589902877807617
00:44:00,1.8452260494232178
01:06:00,1.6163618564605713
01:28:00,0.4501917362213135
01:50:00,0.32889604568481445
02:12:00,0.42011094093322754
02:34:00,3.1884541511535645
02:56:00,1.0491621494293213
03:18:00,0.4565238952636719
03:40:00,3.2286620140075684
04:02:00,1.0920767784118652
04:24:00,1.0905678272247314
04:46:00,2.319018840789795
05:08:00,1.9489872455596924
05:30:00,0.8187201023101807
05:52:00,2.420689105987549
06:14:00,1.2353847026824951
06:36:00,204.53983688354492
06:58:00,1.0007033348083496
07:20:00,3.1705527305603027
07:42:00,0.5085079669952393
08:04:00,0.4736790657043457
08:26:00,0.9203310012817383
08:48:00,11.388922929763794
09:10:00,0.5707108974456787
09:32:00,3.1054980754852295
09:54:00,0.923349142074585
10:16:00,0.4236748218536377
10:38:00,0.9128859043121338
11:00:00,1.928389072418213
11:22:00,1.3521287441253662
11:44:00,1.8885438442230225
12:06:00,2.4479291439056396
12:28:00,4.764930009841919
12:50:00,0.5668022632598877
13:12:00,1.4092748165130615
13:34:00,4.412961006164551
13:56:00,4.436899185180664
14:18:00,1.4752910137176514
14:40:00,2.5424609184265137
15:02:00,11.629086971282959
15:24:00,0.6742551326751709
15:46:00,1.5297229290008545
16:08:00,1.0908567905426025
16:30:00,1.6950709819793701
16:52:00,1.587148904800415
17:14:00,1.5639050006866455
17:36:00,3.001154899597168
17:58:00,1.5870399475097656
18:20:00,1.1666381359100342
18:42:00,2.799485921859741
19:04:00,0.6461691856384277
19:26:00,0.7099502086639404
19:48:00,1.2637529373168945
20:10:00,4.007720947265625
20:32:00,205.498526096344
20:54:00,0.7013978958129883
21:16:00,1.7594871520996094
21:38:00,0.5862369537353516
22:00:00,0.5819189548492432
22:22:00,0.5284750461578369
22:44:00,0.532454252243042
23:06:00,0.6175570487976074
23:28:00,6.174910068511963
