{
    "avg_queue_size": 0.001851851851851852,
    "n_uncertainty_delay": 6,
    "makespan": 32370,
    "n_scheduler_delay": 365,
    "avg_reschedule_exec_time": 0.11787856210703315,
    "conflicts": 0,
    "n_delay": 371,
    "avg_active_aircrafts": 10.91851851851852
}