{
    "n_uncertainty_delay": 0,
    "makespan": 32370,
    "n_delay": 316,
    "avg_queue_size": 0.007407407407407408,
    "avg_active_aircrafts": 10.926851851851852,
    "n_scheduler_delay": 316,
    "conflicts": 0,
    "avg_reschedule_exec_time": 0.21839851798339505
}