{
    "makespan": 32370,
    "avg_queue_size": 0.002777777777777778,
    "avg_reschedule_exec_time": 0.5282878432162973,
    "n_uncertainty_delay": 14,
    "conflicts": 0,
    "n_scheduler_delay": 359,
    "n_delay": 373,
    "avg_active_aircrafts": 10.85925925925926
}