{
    "avg_n_scheduler_delay": 0.0076495132127955496,
    "avg_queue_size": 0.0,
    "avg_n_delay": 0.008692628650904033,
    "avg_reschedule_exec_time": 0.6086787317456641,
    "conflicts": 0,
    "avg_n_uncertainty_delay": 0.001043115438108484,
    "makespan": 76530
}