{
    "avg_n_uncertainty_delay": 0.004520166898470098,
    "avg_n_delay": 0.012517385257301809,
    "avg_n_scheduler_delay": 0.007997218358831711,
    "conflicts": 0,
    "avg_queue_size": 0.0,
    "avg_reschedule_exec_time": 0.10478585377377056,
    "makespan": 76380
}