{
    "avg_n_delay": 0.014623955431754876,
    "avg_n_scheduler_delay": 0.008008356545961003,
    "avg_queue_size": 0.001392757660167131,
    "avg_n_uncertainty_delay": 0.006615598885793872,
    "conflicts": 0,
    "avg_reschedule_exec_time": 0.12832532914657166,
    "makespan": 76290
}