{
    "avg_n_delay": 0.01321279554937413,
    "avg_n_scheduler_delay": 0.008692628650904033,
    "avg_queue_size": 0.0,
    "avg_n_uncertainty_delay": 0.004520166898470098,
    "conflicts": 0,
    "avg_reschedule_exec_time": 0.09914736927053723,
    "makespan": 76380
}