{
    "makespan": 32370,
    "avg_queue_size": 0.006481481481481481,
    "avg_reschedule_exec_time": 0.4995049099589503,
    "n_uncertainty_delay": 2,
    "conflicts": 0,
    "n_scheduler_delay": 329,
    "n_delay": 331,
    "avg_active_aircrafts": 11.050925925925926
}