{
    "avg_reschedule_exec_time": 0.5241808259209921,
    "avg_queue_size": 0.008333333333333333,
    "conflicts": 0,
    "n_scheduler_delay": 335,
    "avg_active_aircrafts": 11.02962962962963,
    "n_delay": 336,
    "makespan": 32370,
    "n_uncertainty_delay": 1
}