{
    "n_uncertainty_delay": 13,
    "avg_queue_size": 0.000925925925925926,
    "conflicts": 0,
    "avg_reschedule_exec_time": 0.5001092955123546,
    "n_delay": 358,
    "makespan": 32370,
    "n_scheduler_delay": 345,
    "avg_active_aircrafts": 10.755555555555556
}