{
    "avg_reschedule_exec_time": 0.2854803939198339,
    "avg_active_aircrafts": 11.14074074074074,
    "avg_queue_size": 0.002777777777777778,
    "n_uncertainty_delay": 7,
    "n_delay": 344,
    "conflicts": 0,
    "makespan": 32370,
    "n_scheduler_delay": 337
}