{
    "conflicts": 0,
    "makespan": 33210,
    "avg_n_delay": 0.05,
    "avg_n_scheduler_delay": 0.027083333333333334,
    "avg_n_uncertainty_delay": 0.022916666666666665,
    "avg_queue_size": 0.003472222222222222,
    "avg_reschedule_exec_time": 0.09286518282877038
}