{
    "avg_reschedule_exec_time": 0.10135714190916098,
    "avg_n_delay": 0.006606397774687065,
    "avg_queue_size": 0.0,
    "conflicts": 0,
    "makespan": 76230,
    "avg_n_scheduler_delay": 0.005563282336578581,
    "avg_n_uncertainty_delay": 0.001043115438108484
}