{
    "conflicts": 0,
    "avg_n_delay": 0.012587412587412587,
    "avg_n_scheduler_delay": 0.005944055944055944,
    "avg_reschedule_exec_time": 0.12498215890266526,
    "makespan": 76770,
    "avg_queue_size": 0.038811188811188814,
    "avg_n_uncertainty_delay": 0.006643356643356644
}