{
    "n_scheduler_delay": 285,
    "makespan": 32370,
    "avg_reschedule_exec_time": 0.4184682513392249,
    "n_delay": 285,
    "n_uncertainty_delay": 0,
    "avg_queue_size": 0.003703703703703704,
    "conflicts": 0,
    "avg_active_aircrafts": 10.733333333333333
}