{
    "conflicts": 0,
    "avg_n_delay": 0.016083916083916086,
    "avg_n_scheduler_delay": 0.006293706293706294,
    "avg_reschedule_exec_time": 0.22334357382546008,
    "makespan": 76770,
    "avg_queue_size": 0.03146853146853147,
    "avg_n_uncertainty_delay": 0.009790209790209791
}