{
    "n_delay": 317,
    "avg_queue_size": 0.07592592592592592,
    "n_scheduler_delay": 315,
    "n_uncertainty_delay": 2,
    "makespan": 32370,
    "conflicts": 0,
    "avg_reschedule_exec_time": 0.4802374906318132,
    "avg_active_aircrafts": 11.812962962962963
}