{
    "avg_n_scheduler_delay": 0.009388038942976356,
    "avg_queue_size": 0.0003477051460361613,
    "avg_n_delay": 0.018776077885952713,
    "avg_reschedule_exec_time": 0.5989959093853624,
    "conflicts": 0,
    "avg_n_uncertainty_delay": 0.009388038942976356,
    "makespan": 76560
}