{
    "makespan": 32370,
    "n_delay": 327,
    "conflicts": 0,
    "avg_reschedule_exec_time": 0.626289445362734,
    "n_scheduler_delay": 322,
    "avg_active_aircrafts": 10.739814814814816,
    "avg_queue_size": 0.002777777777777778,
    "n_uncertainty_delay": 5
}