{
    "conflicts": 0,
    "n_scheduler_delay": 365,
    "avg_reschedule_exec_time": 0.282316948354576,
    "avg_active_aircrafts": 10.908333333333333,
    "makespan": 32370,
    "n_uncertainty_delay": 9,
    "n_delay": 374,
    "avg_queue_size": 0.000925925925925926
}