{
    "avg_reschedule_exec_time": 0.2577090097028156,
    "avg_active_aircrafts": 10.823148148148148,
    "avg_queue_size": 0.007407407407407408,
    "n_uncertainty_delay": 6,
    "n_delay": 308,
    "conflicts": 0,
    "makespan": 32370,
    "n_scheduler_delay": 302
}