{
    "n_uncertainty_delay": 12,
    "avg_queue_size": 0.002777777777777778,
    "conflicts": 0,
    "avg_reschedule_exec_time": 0.49075831701589184,
    "n_delay": 343,
    "makespan": 32370,
    "n_scheduler_delay": 331,
    "avg_active_aircrafts": 10.700925925925926
}