{
    "avg_n_scheduler_delay": 0.010083449235048678,
    "avg_queue_size": 0.0,
    "avg_n_delay": 0.017385257301808066,
    "avg_reschedule_exec_time": 0.6004578881277015,
    "conflicts": 0,
    "avg_n_uncertainty_delay": 0.007301808066759388,
    "makespan": 76320
}