{
    "conflicts": 0,
    "avg_n_delay": 0.01748251748251748,
    "avg_n_scheduler_delay": 0.012937062937062937,
    "avg_reschedule_exec_time": 0.24285637492864903,
    "makespan": 76710,
    "avg_queue_size": 0.02727272727272727,
    "avg_n_uncertainty_delay": 0.004545454545454545
}