{
    "avg_n_delay": 0.012169680111265648,
    "avg_n_scheduler_delay": 0.007997218358831711,
    "avg_queue_size": 0.0,
    "avg_n_uncertainty_delay": 0.004172461752433936,
    "conflicts": 0,
    "avg_reschedule_exec_time": 0.09927780614921973,
    "makespan": 76590
}