{
    "avg_reschedule_exec_time": 0.072760230224111,
    "avg_queue_size": 0.0,
    "avg_n_scheduler_delay": 0.02013888888888889,
    "avg_n_uncertainty_delay": 0.006944444444444444,
    "conflicts": 0,
    "avg_n_delay": 0.027083333333333334,
    "makespan": 33390
}