{
    "avg_active_aircrafts": 10.853703703703705,
    "avg_queue_size": 0.002777777777777778,
    "n_scheduler_delay": 302,
    "n_delay": 320,
    "conflicts": 0,
    "makespan": 32370,
    "n_uncertainty_delay": 18,
    "avg_reschedule_exec_time": 0.23584675012632858
}