{
    "n_delay": 279,
    "n_scheduler_delay": 279,
    "avg_active_aircrafts": 10.665740740740741,
    "n_uncertainty_delay": 0,
    "makespan": 32370,
    "avg_reschedule_exec_time": 0.4362685303355372,
    "avg_queue_size": 0.003703703703703704,
    "conflicts": 0
}