{
    "makespan": 76500,
    "avg_reschedule_exec_time": 0.10766985856697535,
    "avg_queue_size": 0.0,
    "avg_n_uncertainty_delay": 0.0,
    "avg_n_scheduler_delay": 0.006260869565217392,
    "avg_n_delay": 0.006260869565217392,
    "conflicts": 0
}