{
    "avg_n_delay": 0.05138888888888889,
    "avg_queue_size": 0.02847222222222222,
    "makespan": 33210,
    "avg_n_scheduler_delay": 0.04583333333333333,
    "avg_n_uncertainty_delay": 0.005555555555555556,
    "conflicts": 0,
    "avg_reschedule_exec_time": 0.09215674867163172
}