{
    "avg_reschedule_exec_time": 0.5348021252210751,
    "avg_active_aircrafts": 10.902777777777779,
    "avg_queue_size": 0.002777777777777778,
    "n_uncertainty_delay": 2,
    "n_delay": 375,
    "conflicts": 0,
    "makespan": 32370,
    "n_scheduler_delay": 373
}