{
    "n_uncertainty_delay": 4,
    "avg_queue_size": 0.002777777777777778,
    "conflicts": 0,
    "avg_reschedule_exec_time": 0.5109859122786411,
    "n_delay": 344,
    "makespan": 32370,
    "n_scheduler_delay": 340,
    "avg_active_aircrafts": 10.862962962962962
}