{
    "avg_n_uncertainty_delay": 0.0027816411682892906,
    "avg_n_delay": 0.009040333796940194,
    "avg_n_scheduler_delay": 0.006258692628650904,
    "conflicts": 0,
    "avg_queue_size": 0.0,
    "avg_reschedule_exec_time": 0.10087421013452216,
    "makespan": 76470
}