{
    "n_scheduler_delay": 363,
    "n_uncertainty_delay": 2,
    "avg_active_aircrafts": 12.322222222222223,
    "n_delay": 365,
    "avg_reschedule_exec_time": 0.549894345083902,
    "conflicts": 0,
    "makespan": 32370,
    "avg_queue_size": 0.08981481481481482
}