{
    "makespan": 76260,
    "avg_reschedule_exec_time": 0.10134112420433586,
    "avg_queue_size": 0.0,
    "avg_n_uncertainty_delay": 0.0010420284821118443,
    "avg_n_scheduler_delay": 0.009030913511635985,
    "avg_n_delay": 0.010072941993747829,
    "conflicts": 0
}