{
    "n_delay": 326,
    "n_scheduler_delay": 310,
    "avg_active_aircrafts": 10.94537037037037,
    "n_uncertainty_delay": 16,
    "makespan": 32370,
    "avg_reschedule_exec_time": 0.24265068741731866,
    "avg_queue_size": 0.003703703703703704,
    "conflicts": 0
}