{
    "makespan": 32370,
    "avg_queue_size": 0.006481481481481481,
    "avg_reschedule_exec_time": 0.6131514926289403,
    "n_uncertainty_delay": 0,
    "conflicts": 0,
    "n_scheduler_delay": 431,
    "n_delay": 431,
    "avg_active_aircrafts": 11.430555555555555
}