{
    "conflicts": 0,
    "n_scheduler_delay": 403,
    "avg_reschedule_exec_time": 0.6377946944210117,
    "avg_active_aircrafts": 11.412962962962963,
    "makespan": 32370,
    "n_uncertainty_delay": 10,
    "n_delay": 413,
    "avg_queue_size": 0.000925925925925926
}