{
    "makespan": 32370,
    "avg_queue_size": 0.002777777777777778,
    "avg_reschedule_exec_time": 0.4256638704344284,
    "n_uncertainty_delay": 7,
    "conflicts": 0,
    "n_scheduler_delay": 276,
    "n_delay": 283,
    "avg_active_aircrafts": 10.79351851851852
}