{
    "n_delay": 333,
    "n_scheduler_delay": 328,
    "avg_active_aircrafts": 10.562962962962963,
    "n_uncertainty_delay": 5,
    "makespan": 32370,
    "avg_reschedule_exec_time": 0.46788189133932423,
    "avg_queue_size": 0.004629629629629629,
    "conflicts": 0
}