{
    "conflicts": 0,
    "n_scheduler_delay": 348,
    "avg_reschedule_exec_time": 0.41326576360539435,
    "avg_active_aircrafts": 10.666666666666666,
    "makespan": 32370,
    "n_uncertainty_delay": 9,
    "n_delay": 357,
    "avg_queue_size": 0.001851851851851852
}