{
    "n_delay": 270,
    "conflicts": 0,
    "n_scheduler_delay": 264,
    "avg_reschedule_exec_time": 0.24103873718616575,
    "avg_active_aircrafts": 11.38888888888889,
    "avg_queue_size": 0.06388888888888888,
    "n_uncertainty_delay": 6,
    "makespan": 32370
}