{
    "conflicts": 0,
    "avg_n_delay": 0.015034965034965035,
    "avg_n_scheduler_delay": 0.011538461538461539,
    "avg_reschedule_exec_time": 0.22801331734993088,
    "makespan": 76710,
    "avg_queue_size": 0.03006993006993007,
    "avg_n_uncertainty_delay": 0.0034965034965034965
}