{
    "avg_queue_size": 0.005555555555555556,
    "n_uncertainty_delay": 7,
    "makespan": 32370,
    "n_scheduler_delay": 405,
    "avg_reschedule_exec_time": 0.12495246653870591,
    "conflicts": 0,
    "n_delay": 412,
    "avg_active_aircrafts": 11.08611111111111
}