{
    "n_uncertainty_delay": 0,
    "makespan": 32370,
    "n_delay": 247,
    "avg_queue_size": 0.001851851851851852,
    "avg_active_aircrafts": 10.417592592592593,
    "n_scheduler_delay": 247,
    "conflicts": 0,
    "avg_reschedule_exec_time": 0.18975135747540098
}