{
    "avg_n_delay": 0.04027777777777778,
    "avg_queue_size": 0.034722222222222224,
    "makespan": 33510,
    "avg_n_scheduler_delay": 0.03680555555555556,
    "avg_n_uncertainty_delay": 0.003472222222222222,
    "conflicts": 0,
    "avg_reschedule_exec_time": 0.09871556578564043
}