{
    "conflicts": 0,
    "makespan": 33390,
    "avg_n_delay": 0.05,
    "avg_n_scheduler_delay": 0.03333333333333333,
    "avg_n_uncertainty_delay": 0.016666666666666666,
    "avg_queue_size": 0.0,
    "avg_reschedule_exec_time": 0.09876102989430548
}