{
    "avg_reschedule_exec_time": 0.10652284369827313,
    "avg_n_delay": 0.01043115438108484,
    "avg_queue_size": 0.0,
    "conflicts": 0,
    "makespan": 76530,
    "avg_n_scheduler_delay": 0.009735744089012517,
    "avg_n_uncertainty_delay": 0.0006954102920723226
}