{
    "conflicts": 0,
    "avg_n_delay": 0.013286713286713287,
    "avg_n_scheduler_delay": 0.012587412587412588,
    "avg_reschedule_exec_time": 0.24571727531057008,
    "makespan": 76530,
    "avg_queue_size": 0.039160839160839164,
    "avg_n_uncertainty_delay": 0.0006993006993006993
}