{
    "avg_n_delay": 0.028711484593837537,
    "avg_n_scheduler_delay": 0.025910364145658265,
    "avg_queue_size": 0.0626750700280112,
    "avg_n_uncertainty_delay": 0.0028011204481792717,
    "conflicts": 0,
    "avg_reschedule_exec_time": 0.18991604889973557,
    "makespan": 76440
}