{
    "n_delay": 338,
    "avg_queue_size": 0.044444444444444446,
    "n_scheduler_delay": 338,
    "n_uncertainty_delay": 0,
    "makespan": 32370,
    "conflicts": 0,
    "avg_reschedule_exec_time": 0.4886362208876499,
    "avg_active_aircrafts": 11.963888888888889
}