{
    "avg_n_delay": 0.04861111111111111,
    "avg_queue_size": 0.05277777777777778,
    "makespan": 33240,
    "avg_n_scheduler_delay": 0.04513888888888889,
    "avg_n_uncertainty_delay": 0.003472222222222222,
    "conflicts": 0,
    "avg_reschedule_exec_time": 0.10809148259523536
}