{
    "conflicts": 0,
    "avg_n_delay": 0.00944055944055944,
    "avg_n_scheduler_delay": 0.00944055944055944,
    "avg_reschedule_exec_time": 0.2406501249528267,
    "makespan": 76770,
    "avg_queue_size": 0.04965034965034965,
    "avg_n_uncertainty_delay": 0.0
}