{
    "n_delay": 335,
    "conflicts": 0,
    "n_scheduler_delay": 334,
    "avg_reschedule_exec_time": 0.2827637173408686,
    "avg_active_aircrafts": 11.889814814814814,
    "avg_queue_size": 0.05277777777777778,
    "n_uncertainty_delay": 1,
    "makespan": 32370
}