{
    "n_delay": 353,
    "n_scheduler_delay": 353,
    "avg_active_aircrafts": 11.118518518518519,
    "n_uncertainty_delay": 0,
    "makespan": 32370,
    "avg_reschedule_exec_time": 0.5352484947027162,
    "avg_queue_size": 0.002777777777777778,
    "conflicts": 0
}