{
    "conflicts": 0,
    "n_scheduler_delay": 308,
    "avg_reschedule_exec_time": 0.7073979840349796,
    "avg_active_aircrafts": 10.848148148148148,
    "makespan": 32370,
    "n_uncertainty_delay": 10,
    "n_delay": 318,
    "avg_queue_size": 0.005555555555555556
}