{
    "makespan": 32370,
    "avg_queue_size": 0.002777777777777778,
    "avg_reschedule_exec_time": 0.4889358110206072,
    "n_uncertainty_delay": 4,
    "conflicts": 0,
    "n_scheduler_delay": 347,
    "n_delay": 351,
    "avg_active_aircrafts": 10.655555555555555
}