{
    "conflicts": 0,
    "n_scheduler_delay": 366,
    "avg_reschedule_exec_time": 1.2853862596361825,
    "avg_active_aircrafts": 10.876851851851852,
    "makespan": 32370,
    "n_uncertainty_delay": 1,
    "n_delay": 367,
    "avg_queue_size": 0.001851851851851852
}