{
    "conflicts": 0,
    "n_scheduler_delay": 297,
    "avg_reschedule_exec_time": 0.4012235168187592,
    "avg_active_aircrafts": 11.08611111111111,
    "makespan": 32370,
    "n_uncertainty_delay": 8,
    "n_delay": 305,
    "avg_queue_size": 0.005555555555555556
}