{
    "makespan": 32370,
    "n_delay": 432,
    "conflicts": 0,
    "avg_reschedule_exec_time": 0.5078055601580879,
    "n_scheduler_delay": 430,
    "avg_active_aircrafts": 11.30462962962963,
    "avg_queue_size": 0.004629629629629629,
    "n_uncertainty_delay": 2
}