{
    "avg_n_delay": 0.014335664335664336,
    "avg_n_scheduler_delay": 0.01048951048951049,
    "avg_queue_size": 0.03986013986013986,
    "avg_n_uncertainty_delay": 0.0038461538461538464,
    "conflicts": 0,
    "avg_reschedule_exec_time": 0.24030924347085011,
    "makespan": 76710
}