{
    "avg_queue_size": 0.003703703703703704,
    "n_uncertainty_delay": 5,
    "makespan": 32370,
    "n_scheduler_delay": 444,
    "avg_reschedule_exec_time": 0.22807757170419507,
    "conflicts": 0,
    "n_delay": 449,
    "avg_active_aircrafts": 11.326851851851853
}