{
    "n_uncertainty_delay": 0,
    "makespan": 32370,
    "n_delay": 398,
    "avg_queue_size": 0.002777777777777778,
    "avg_active_aircrafts": 11.03888888888889,
    "n_scheduler_delay": 398,
    "conflicts": 0,
    "avg_reschedule_exec_time": 0.3896820213137231
}