{
    "avg_queue_size": 0.0,
    "makespan": 76590,
    "conflicts": 0,
    "avg_n_delay": 0.008692628650904033,
    "avg_reschedule_exec_time": 0.10549188855630774,
    "avg_n_uncertainty_delay": 0.0,
    "avg_n_scheduler_delay": 0.008692628650904033
}