{
    "avg_n_scheduler_delay": 0.011474269819193325,
    "avg_queue_size": 0.0,
    "avg_n_delay": 0.011474269819193325,
    "avg_reschedule_exec_time": 0.6151567521533594,
    "conflicts": 0,
    "avg_n_uncertainty_delay": 0.0,
    "makespan": 76230
}