{
    "avg_n_delay": 0.04166666666666667,
    "avg_queue_size": 0.002777777777777778,
    "makespan": 33450,
    "avg_n_scheduler_delay": 0.034722222222222224,
    "avg_n_uncertainty_delay": 0.006944444444444444,
    "conflicts": 0,
    "avg_reschedule_exec_time": 0.07447783507448336
}