{
    "n_uncertainty_delay": 4,
    "avg_queue_size": 0.001851851851851852,
    "conflicts": 0,
    "avg_reschedule_exec_time": 0.5178110322286916,
    "n_delay": 363,
    "makespan": 32370,
    "n_scheduler_delay": 359,
    "avg_active_aircrafts": 10.796296296296296
}