{
    "avg_reschedule_exec_time": 0.4564740546914034,
    "avg_active_aircrafts": 10.637037037037038,
    "avg_queue_size": 0.005555555555555556,
    "n_uncertainty_delay": 4,
    "n_delay": 306,
    "conflicts": 0,
    "makespan": 32370,
    "n_scheduler_delay": 302
}