{
    "makespan": 32370,
    "n_delay": 352,
    "conflicts": 0,
    "avg_reschedule_exec_time": 0.2670502061083056,
    "n_scheduler_delay": 341,
    "avg_active_aircrafts": 10.863888888888889,
    "avg_queue_size": 0.006481481481481481,
    "n_uncertainty_delay": 11
}