{
    "avg_n_delay": 0.013240418118466898,
    "avg_n_scheduler_delay": 0.010104529616724738,
    "avg_queue_size": 0.004878048780487805,
    "avg_n_uncertainty_delay": 0.0031358885017421603,
    "conflicts": 0,
    "avg_reschedule_exec_time": 0.14766787815760898,
    "makespan": 76770
}