{
    "conflicts": 0,
    "makespan": 33240,
    "avg_n_delay": 0.027777777777777776,
    "avg_n_scheduler_delay": 0.02361111111111111,
    "avg_n_uncertainty_delay": 0.004166666666666667,
    "avg_queue_size": 0.001388888888888889,
    "avg_reschedule_exec_time": 0.052919655457180526
}