{
    "makespan": 32370,
    "n_delay": 323,
    "conflicts": 0,
    "avg_reschedule_exec_time": 0.5531895506981365,
    "n_scheduler_delay": 318,
    "avg_active_aircrafts": 10.863888888888889,
    "avg_queue_size": 0.008333333333333333,
    "n_uncertainty_delay": 5
}