{
    "avg_n_delay": 0.01813110181311018,
    "avg_n_scheduler_delay": 0.01394700139470014,
    "avg_queue_size": 0.00906555090655509,
    "avg_n_uncertainty_delay": 0.0041841004184100415,
    "conflicts": 0,
    "avg_reschedule_exec_time": 0.15953289861438655,
    "makespan": 76350
}