{
    "conflicts": 0,
    "avg_n_delay": 0.015734265734265736,
    "avg_n_scheduler_delay": 0.01013986013986014,
    "avg_reschedule_exec_time": 0.23030553905057236,
    "makespan": 76710,
    "avg_queue_size": 0.032517482517482516,
    "avg_n_uncertainty_delay": 0.005594405594405594
}