{
    "n_delay": 396,
    "avg_queue_size": 0.08703703703703704,
    "n_scheduler_delay": 392,
    "n_uncertainty_delay": 4,
    "makespan": 32370,
    "conflicts": 0,
    "avg_reschedule_exec_time": 0.5253782072732615,
    "avg_active_aircrafts": 11.855555555555556
}