{
    "avg_reschedule_exec_time": 0.28677592277526853,
    "avg_active_aircrafts": 11.037962962962963,
    "avg_queue_size": 0.007407407407407408,
    "n_uncertainty_delay": 10,
    "n_delay": 358,
    "conflicts": 0,
    "makespan": 32370,
    "n_scheduler_delay": 348
}