{
    "makespan": 32370,
    "n_delay": 283,
    "conflicts": 0,
    "avg_reschedule_exec_time": 0.36140097610986055,
    "n_scheduler_delay": 279,
    "avg_active_aircrafts": 10.789814814814815,
    "avg_queue_size": 0.006481481481481481,
    "n_uncertainty_delay": 4
}