{
    "conflicts": 0,
    "n_scheduler_delay": 366,
    "avg_reschedule_exec_time": 1.3850492091661089,
    "avg_active_aircrafts": 11.017592592592592,
    "makespan": 32370,
    "n_uncertainty_delay": 4,
    "n_delay": 370,
    "avg_queue_size": 0.005555555555555556
}