{
    "avg_n_delay": 0.03958333333333333,
    "avg_queue_size": 0.005555555555555556,
    "makespan": 33180,
    "avg_n_scheduler_delay": 0.034722222222222224,
    "avg_n_uncertainty_delay": 0.004861111111111111,
    "conflicts": 0,
    "avg_reschedule_exec_time": 0.10224756889024485
}