time,rs_exec_time
00:00:00,
00:19:00,0.30393433570861816
00:38:00,1.6375031471252441
00:57:00,0.704805850982666
01:16:00,0.7030429840087891
01:35:00,2.7477707862854004
01:54:00,2.364114999771118
02:13:00,0.3354499340057373
02:32:00,1.0908150672912598
02:51:00,1.4013087749481201
03:10:00,2.1422741413116455
03:29:00,0.7640340328216553
03:48:00,0.7665929794311523
04:07:00,0.77813720703125
04:26:00,1.0702929496765137
04:45:00,0.4658081531524658
05:04:00,1.1223869323730469
05:23:00,0.8120458126068115
05:42:00,1.1525449752807617
06:01:00,1.5948002338409424
06:20:00,2.775545120239258
06:39:00,0.5339169502258301
06:58:00,1.177048683166504
07:17:00,0.49077510833740234
07:36:00,0.7890350818634033
07:55:00,0.8774840831756592
08:14:00,0.8764169216156006
08:33:00,2.086597204208374
08:52:00,0.5008430480957031
09:11:00,1.2332732677459717
09:30:00,1.3383700847625732
09:49:00,3.587938070297241
10:08:00,1.3608801364898682
10:27:00,0.5252358913421631
10:46:00,0.8899919986724854
11:05:00,2.2696950435638428
11:24:00,1.2756800651550293
11:43:00,0.5911519527435303
12:02:00,3.9641880989074707
12:21:00,4.027755975723267
12:40:00,3.456766128540039
12:59:00,1.4032020568847656
13:18:00,3.1641769409179688
13:37:00,3.237475872039795
13:56:00,0.9439539909362793
14:15:00,1.3556358814239502
14:34:00,1.488732099533081
14:53:00,4.7393999099731445
15:12:00,1.3792428970336914
15:31:00,2.3731849193573
15:50:00,1.4151089191436768
16:09:00,0.49485325813293457
16:28:00,3.4039270877838135
16:47:00,3.5910568237304688
17:06:00,4.064119815826416
17:25:00,2.8614542484283447
17:44:00,2.5685791969299316
18:03:00,0.5950379371643066
18:22:00,1.5516080856323242
18:41:00,1.4747378826141357
19:00:00,1.5032598972320557
19:19:00,1.0762789249420166
19:38:00,2.0558652877807617
19:57:00,0.6197419166564941
20:16:00,1.5868210792541504
20:35:00,1.648115873336792
20:54:00,1.5801773071289062
21:13:00,1.1310338973999023
21:32:00,1.0664968490600586
21:51:00,0.551476001739502
22:10:00,0.4879019260406494
22:29:00,0.47574877738952637
22:48:00,0.47342801094055176
23:07:00,0.47677087783813477
23:26:00,0.47200584411621094
