{
    "conflicts": 0,
    "avg_n_delay": 0.016433566433566433,
    "avg_n_scheduler_delay": 0.011888111888111888,
    "avg_reschedule_exec_time": 0.24895644691628468,
    "makespan": 76710,
    "avg_queue_size": 0.06748251748251748,
    "avg_n_uncertainty_delay": 0.004545454545454545
}