{
    "conflicts": 0,
    "avg_n_delay": 0.00909090909090909,
    "avg_n_scheduler_delay": 0.006293706293706294,
    "avg_reschedule_exec_time": 0.2124901640583092,
    "makespan": 76650,
    "avg_queue_size": 0.03006993006993007,
    "avg_n_uncertainty_delay": 0.002797202797202797
}