{
    "n_scheduler_delay": 296,
    "n_uncertainty_delay": 16,
    "makespan": 32370,
    "conflicts": 0,
    "avg_queue_size": 0.004629629629629629,
    "avg_reschedule_exec_time": 0.24936478415200877,
    "n_delay": 312,
    "avg_active_aircrafts": 10.673148148148147
}