{
    "n_scheduler_delay": 361,
    "n_uncertainty_delay": 11,
    "avg_active_aircrafts": 12.049074074074074,
    "n_delay": 372,
    "avg_reschedule_exec_time": 0.27983626764874125,
    "conflicts": 0,
    "makespan": 32370,
    "avg_queue_size": 0.09722222222222222
}