{
    "makespan": 32370,
    "avg_queue_size": 0.002777777777777778,
    "avg_reschedule_exec_time": 0.5636585302131121,
    "n_uncertainty_delay": 8,
    "conflicts": 0,
    "n_scheduler_delay": 413,
    "n_delay": 421,
    "avg_active_aircrafts": 10.894444444444444
}