{
    "n_scheduler_delay": 384,
    "n_uncertainty_delay": 15,
    "makespan": 32370,
    "conflicts": 0,
    "avg_queue_size": 0.005555555555555556,
    "avg_reschedule_exec_time": 0.3099737001019855,
    "n_delay": 399,
    "avg_active_aircrafts": 11.087962962962964
}