{
    "avg_active_aircrafts": 11.117592592592592,
    "avg_queue_size": 0.002777777777777778,
    "n_scheduler_delay": 332,
    "n_delay": 348,
    "conflicts": 0,
    "makespan": 32370,
    "n_uncertainty_delay": 16,
    "avg_reschedule_exec_time": 0.26068960566853366
}