{
    "makespan": 32370,
    "avg_queue_size": 0.000925925925925926,
    "avg_reschedule_exec_time": 0.4058651192243709,
    "n_uncertainty_delay": 9,
    "conflicts": 0,
    "n_scheduler_delay": 249,
    "n_delay": 258,
    "avg_active_aircrafts": 10.575925925925926
}