{
    "makespan": 32370,
    "avg_queue_size": 0.000925925925925926,
    "avg_reschedule_exec_time": 0.45837763520174246,
    "n_uncertainty_delay": 19,
    "conflicts": 0,
    "n_scheduler_delay": 316,
    "n_delay": 335,
    "avg_active_aircrafts": 10.59074074074074
}