{
    "n_delay": 342,
    "avg_queue_size": 0.0787037037037037,
    "n_scheduler_delay": 340,
    "n_uncertainty_delay": 2,
    "makespan": 32370,
    "conflicts": 0,
    "avg_reschedule_exec_time": 0.505584770025209,
    "avg_active_aircrafts": 11.670370370370371
}