{
    "n_uncertainty_delay": 0,
    "makespan": 32370,
    "n_delay": 393,
    "avg_queue_size": 0.004629629629629629,
    "avg_active_aircrafts": 11.302777777777777,
    "n_scheduler_delay": 393,
    "conflicts": 0,
    "avg_reschedule_exec_time": 0.2398917878303846
}