{
    "conflicts": 0,
    "n_scheduler_delay": 313,
    "avg_reschedule_exec_time": 0.716349164051796,
    "avg_active_aircrafts": 11.048148148148147,
    "makespan": 32370,
    "n_uncertainty_delay": 7,
    "n_delay": 320,
    "avg_queue_size": 0.006481481481481481
}