{
    "n_delay": 321,
    "avg_queue_size": 0.08148148148148149,
    "n_scheduler_delay": 316,
    "n_uncertainty_delay": 5,
    "makespan": 32370,
    "conflicts": 0,
    "avg_reschedule_exec_time": 0.4971181791882182,
    "avg_active_aircrafts": 11.855555555555556
}