{
    "makespan": 76710,
    "avg_reschedule_exec_time": 0.12197644594239025,
    "avg_queue_size": 0.0010427528675703858,
    "avg_n_uncertainty_delay": 0.0,
    "avg_n_scheduler_delay": 0.009384775808133473,
    "avg_n_delay": 0.009384775808133473,
    "conflicts": 0
}