{
    "makespan": 32370,
    "avg_queue_size": 0.003703703703703704,
    "avg_reschedule_exec_time": 0.5016554688298425,
    "n_uncertainty_delay": 3,
    "conflicts": 0,
    "n_scheduler_delay": 345,
    "n_delay": 348,
    "avg_active_aircrafts": 10.61111111111111
}