{
    "avg_n_delay": 0.00872905027932961,
    "avg_n_scheduler_delay": 0.004189944134078212,
    "avg_queue_size": 0.019553072625698324,
    "avg_n_uncertainty_delay": 0.004539106145251397,
    "conflicts": 0,
    "avg_reschedule_exec_time": 0.18704088082474268,
    "makespan": 76890
}