{
    "makespan": 76500,
    "avg_reschedule_exec_time": 0.11566156285789665,
    "avg_queue_size": 0.0006946856547412296,
    "avg_n_uncertainty_delay": 0.0010420284821118443,
    "avg_n_scheduler_delay": 0.007641542202153525,
    "avg_n_delay": 0.00868357068426537,
    "conflicts": 0
}