{
    "makespan": 32370,
    "avg_queue_size": 0.005555555555555556,
    "avg_reschedule_exec_time": 0.5005342106486476,
    "n_uncertainty_delay": 16,
    "conflicts": 0,
    "n_scheduler_delay": 340,
    "n_delay": 356,
    "avg_active_aircrafts": 10.908333333333333
}