{
    "makespan": 76350,
    "avg_queue_size": 0.0003473428273706148,
    "conflicts": 0,
    "avg_reschedule_exec_time": 0.6013727171524711,
    "avg_n_delay": 0.009378256339006599,
    "avg_n_uncertainty_delay": 0.0010420284821118443,
    "avg_n_scheduler_delay": 0.008336227856894755
}