{
    "conflicts": 0,
    "makespan": 33330,
    "avg_n_delay": 0.04583333333333333,
    "avg_n_scheduler_delay": 0.027777777777777776,
    "avg_n_uncertainty_delay": 0.018055555555555554,
    "avg_queue_size": 0.0,
    "avg_reschedule_exec_time": 0.09053403952659671
}