{
    "avg_reschedule_exec_time": 0.4817907455355622,
    "avg_active_aircrafts": 10.873148148148148,
    "avg_queue_size": 0.003703703703703704,
    "n_uncertainty_delay": 1,
    "n_delay": 319,
    "conflicts": 0,
    "makespan": 32370,
    "n_scheduler_delay": 318
}