{
    "conflicts": 0,
    "avg_n_delay": 0.012237762237762238,
    "avg_n_scheduler_delay": 0.011538461538461539,
    "avg_reschedule_exec_time": 0.22383266267642168,
    "makespan": 76770,
    "avg_queue_size": 0.06153846153846154,
    "avg_n_uncertainty_delay": 0.0006993006993006993
}