{
    "conflicts": 0,
    "n_scheduler_delay": 320,
    "avg_reschedule_exec_time": 0.5335504702349615,
    "avg_active_aircrafts": 10.817592592592593,
    "makespan": 32370,
    "n_uncertainty_delay": 7,
    "n_delay": 327,
    "avg_queue_size": 0.003703703703703704
}