{
    "avg_reschedule_exec_time": 0.10176385943271987,
    "avg_n_delay": 0.012169680111265646,
    "avg_queue_size": 0.0006954102920723226,
    "conflicts": 0,
    "makespan": 76440,
    "avg_n_scheduler_delay": 0.008692628650904033,
    "avg_n_uncertainty_delay": 0.0034770514603616135
}