{
    "n_delay": 317,
    "avg_queue_size": 0.05277777777777778,
    "n_scheduler_delay": 314,
    "n_uncertainty_delay": 3,
    "makespan": 32370,
    "conflicts": 0,
    "avg_reschedule_exec_time": 0.46179714868235033,
    "avg_active_aircrafts": 12.062962962962963
}