{
    "conflicts": 0,
    "n_scheduler_delay": 285,
    "avg_reschedule_exec_time": 0.36710081135916445,
    "avg_active_aircrafts": 10.91851851851852,
    "makespan": 32370,
    "n_uncertainty_delay": 4,
    "n_delay": 289,
    "avg_queue_size": 0.001851851851851852
}