{
    "n_uncertainty_delay": 0,
    "makespan": 32370,
    "n_delay": 427,
    "avg_queue_size": 0.000925925925925926,
    "avg_active_aircrafts": 10.899074074074074,
    "n_scheduler_delay": 427,
    "conflicts": 0,
    "avg_reschedule_exec_time": 0.49388834003179044
}