{
    "n_delay": 288,
    "avg_queue_size": 0.062037037037037036,
    "n_scheduler_delay": 288,
    "n_uncertainty_delay": 0,
    "makespan": 32370,
    "conflicts": 0,
    "avg_reschedule_exec_time": 0.4454910854960597,
    "avg_active_aircrafts": 11.633333333333333
}