{
    "n_uncertainty_delay": 0,
    "avg_queue_size": 0.002777777777777778,
    "conflicts": 0,
    "avg_reschedule_exec_time": 0.5757652127465537,
    "n_delay": 356,
    "makespan": 32370,
    "n_scheduler_delay": 356,
    "avg_active_aircrafts": 11.278703703703703
}