{
    "conflicts": 0,
    "n_scheduler_delay": 338,
    "avg_reschedule_exec_time": 1.1602117881346286,
    "avg_active_aircrafts": 11.10925925925926,
    "makespan": 32370,
    "n_uncertainty_delay": 11,
    "n_delay": 349,
    "avg_queue_size": 0.000925925925925926
}