{
    "avg_reschedule_exec_time": 0.10098058267556193,
    "avg_n_delay": 0.011474269819193323,
    "avg_queue_size": 0.0,
    "conflicts": 0,
    "makespan": 76410,
    "avg_n_scheduler_delay": 0.006606397774687065,
    "avg_n_uncertainty_delay": 0.004867872044506259
}