{
    "avg_reschedule_exec_time": 0.2786994934082031,
    "avg_active_aircrafts": 10.860185185185186,
    "avg_queue_size": 0.001851851851851852,
    "n_uncertainty_delay": 6,
    "n_delay": 346,
    "conflicts": 0,
    "makespan": 32370,
    "n_scheduler_delay": 340
}