{
    "n_uncertainty_delay": 17,
    "avg_queue_size": 0.005555555555555556,
    "conflicts": 0,
    "avg_reschedule_exec_time": 0.5043747791024141,
    "n_delay": 352,
    "makespan": 32370,
    "n_scheduler_delay": 335,
    "avg_active_aircrafts": 10.780555555555555
}