{
    "n_scheduler_delay": 369,
    "makespan": 32370,
    "avg_reschedule_exec_time": 0.4876379157221595,
    "n_delay": 369,
    "n_uncertainty_delay": 0,
    "avg_queue_size": 0.003703703703703704,
    "conflicts": 0,
    "avg_active_aircrafts": 10.774074074074074
}