{
    "makespan": 32370,
    "avg_queue_size": 0.001851851851851852,
    "avg_reschedule_exec_time": 0.554444296415462,
    "n_uncertainty_delay": 6,
    "conflicts": 0,
    "n_scheduler_delay": 424,
    "n_delay": 430,
    "avg_active_aircrafts": 10.871296296296297
}