{
    "avg_n_delay": 0.0234593837535014,
    "avg_n_scheduler_delay": 0.02030812324929972,
    "avg_queue_size": 0.10364145658263306,
    "avg_n_uncertainty_delay": 0.0031512605042016808,
    "conflicts": 0,
    "avg_reschedule_exec_time": 0.2967412007057061,
    "makespan": 76830
}