{
    "conflicts": 0,
    "avg_n_delay": 0.019580419580419582,
    "avg_n_scheduler_delay": 0.015034965034965035,
    "avg_reschedule_exec_time": 0.23682745409683442,
    "makespan": 76440,
    "avg_queue_size": 0.025524475524475523,
    "avg_n_uncertainty_delay": 0.004545454545454545
}