{
    "avg_n_delay": 0.011474269819193325,
    "conflicts": 0,
    "makespan": 76650,
    "avg_n_uncertainty_delay": 0.002086230876216968,
    "avg_reschedule_exec_time": 0.3824925286524143,
    "avg_n_scheduler_delay": 0.009388038942976356,
    "avg_queue_size": 0.0
}