{
    "n_delay": 330,
    "n_scheduler_delay": 320,
    "avg_active_aircrafts": 10.733333333333333,
    "n_uncertainty_delay": 10,
    "makespan": 32370,
    "avg_reschedule_exec_time": 0.46087487353834994,
    "avg_queue_size": 0.006481481481481481,
    "conflicts": 0
}