{
    "n_scheduler_delay": 308,
    "n_uncertainty_delay": 10,
    "avg_active_aircrafts": 11.614814814814816,
    "n_delay": 318,
    "avg_reschedule_exec_time": 0.4430731607037921,
    "conflicts": 0,
    "makespan": 32370,
    "avg_queue_size": 0.06296296296296296
}