{
    "conflicts": 0,
    "makespan": 76470,
    "avg_queue_size": 0.0,
    "avg_reschedule_exec_time": 0.3533276279656668,
    "avg_n_delay": 0.008344923504867872,
    "avg_n_scheduler_delay": 0.007301808066759388,
    "avg_n_uncertainty_delay": 0.001043115438108484
}