{
    "conflicts": 0,
    "avg_n_delay": 0.01853146853146853,
    "avg_n_scheduler_delay": 0.013986013986013986,
    "avg_reschedule_exec_time": 0.24980749882442851,
    "makespan": 76770,
    "avg_queue_size": 0.038461538461538464,
    "avg_n_uncertainty_delay": 0.004545454545454545
}