{
    "makespan": 32370,
    "avg_queue_size": 0.006481481481481481,
    "avg_reschedule_exec_time": 0.567593862844068,
    "n_uncertainty_delay": 36,
    "conflicts": 0,
    "n_scheduler_delay": 372,
    "n_delay": 408,
    "avg_active_aircrafts": 11.126851851851852
}