{
    "avg_reschedule_exec_time": 0.5691148647042208,
    "avg_queue_size": 0.003703703703703704,
    "conflicts": 0,
    "n_scheduler_delay": 368,
    "avg_active_aircrafts": 11.297222222222222,
    "n_delay": 404,
    "makespan": 32370,
    "n_uncertainty_delay": 36
}