{
    "avg_n_delay": 0.025560224089635857,
    "avg_n_scheduler_delay": 0.022058823529411766,
    "avg_queue_size": 0.10504201680672269,
    "avg_n_uncertainty_delay": 0.0035014005602240898,
    "conflicts": 0,
    "avg_reschedule_exec_time": 0.3447177197673533,
    "makespan": 76710
}