{
    "makespan": 32370,
    "avg_queue_size": 0.008333333333333333,
    "avg_reschedule_exec_time": 0.4744882439458093,
    "n_uncertainty_delay": 15,
    "conflicts": 0,
    "n_scheduler_delay": 309,
    "n_delay": 324,
    "avg_active_aircrafts": 11.04351851851852
}