{
    "makespan": 76500,
    "avg_queue_size": 0.0,
    "conflicts": 0,
    "avg_reschedule_exec_time": 0.5936803200548526,
    "avg_n_delay": 0.005210142410559221,
    "avg_n_uncertainty_delay": 0.0003473428273706148,
    "avg_n_scheduler_delay": 0.004862799583188607
}