{
    "n_uncertainty_delay": 4,
    "avg_queue_size": 0.001851851851851852,
    "conflicts": 0,
    "avg_reschedule_exec_time": 0.5014826253403065,
    "n_delay": 335,
    "makespan": 32370,
    "n_scheduler_delay": 331,
    "avg_active_aircrafts": 10.977777777777778
}