{
    "avg_reschedule_exec_time": 0.32158017380293025,
    "avg_active_aircrafts": 11.218518518518518,
    "avg_queue_size": 0.001851851851851852,
    "n_uncertainty_delay": 4,
    "n_delay": 415,
    "conflicts": 0,
    "makespan": 32370,
    "n_scheduler_delay": 411
}