{
    "avg_queue_size": 0.002777777777777778,
    "n_uncertainty_delay": 9,
    "makespan": 32370,
    "n_scheduler_delay": 358,
    "avg_reschedule_exec_time": 0.27613043785095215,
    "conflicts": 0,
    "n_delay": 367,
    "avg_active_aircrafts": 10.900925925925925
}