{
    "n_uncertainty_delay": 0,
    "makespan": 32370,
    "n_delay": 350,
    "avg_queue_size": 0.004629629629629629,
    "avg_active_aircrafts": 11.14074074074074,
    "n_scheduler_delay": 350,
    "conflicts": 0,
    "avg_reschedule_exec_time": 0.5214616952940475
}