{
    "avg_queue_size": 0.006481481481481481,
    "n_uncertainty_delay": 12,
    "makespan": 32370,
    "n_scheduler_delay": 480,
    "avg_reschedule_exec_time": 0.1426688358671031,
    "conflicts": 0,
    "n_delay": 492,
    "avg_active_aircrafts": 11.527777777777779
}