{
    "avg_n_uncertainty_delay": 0.0038247566063977748,
    "avg_n_delay": 0.014603616133518776,
    "avg_n_scheduler_delay": 0.010778859527121001,
    "conflicts": 0,
    "avg_queue_size": 0.0,
    "avg_reschedule_exec_time": 0.104032014405827,
    "makespan": 76560
}