{
    "conflicts": 0,
    "n_scheduler_delay": 378,
    "avg_reschedule_exec_time": 0.29471319947039265,
    "avg_active_aircrafts": 11.10925925925926,
    "makespan": 32370,
    "n_uncertainty_delay": 7,
    "n_delay": 385,
    "avg_queue_size": 0.004629629629629629
}