{
    "avg_n_uncertainty_delay": 0.0006946856547412296,
    "makespan": 76410,
    "avg_n_delay": 0.007294199374782911,
    "avg_reschedule_exec_time": 0.391295776984388,
    "conflicts": 0,
    "avg_queue_size": 0.0,
    "avg_n_scheduler_delay": 0.006599513720041681
}