{
    "n_delay": 308,
    "conflicts": 0,
    "n_scheduler_delay": 307,
    "avg_reschedule_exec_time": 0.2574863777604214,
    "avg_active_aircrafts": 11.837962962962964,
    "avg_queue_size": 0.05092592592592592,
    "n_uncertainty_delay": 1,
    "makespan": 32370
}