{
    "n_uncertainty_delay": 6,
    "avg_queue_size": 0.000925925925925926,
    "conflicts": 0,
    "avg_reschedule_exec_time": 0.49306287876395294,
    "n_delay": 336,
    "makespan": 32370,
    "n_scheduler_delay": 330,
    "avg_active_aircrafts": 11.199074074074074
}