{
    "avg_reschedule_exec_time": 0.5003270393194155,
    "avg_active_aircrafts": 10.787037037037036,
    "avg_queue_size": 0.002777777777777778,
    "n_uncertainty_delay": 2,
    "n_delay": 347,
    "conflicts": 0,
    "makespan": 32370,
    "n_scheduler_delay": 345
}