{
    "avg_n_delay": 0.027777777777777776,
    "avg_queue_size": 0.008333333333333333,
    "makespan": 33390,
    "avg_n_scheduler_delay": 0.021527777777777778,
    "avg_n_uncertainty_delay": 0.00625,
    "conflicts": 0,
    "avg_reschedule_exec_time": 0.11285532767802602
}