{
    "n_uncertainty_delay": 20,
    "avg_queue_size": 0.004629629629629629,
    "conflicts": 0,
    "avg_reschedule_exec_time": 0.45366484065388524,
    "n_delay": 325,
    "makespan": 32370,
    "n_scheduler_delay": 305,
    "avg_active_aircrafts": 10.828703703703704
}