{
    "avg_n_uncertainty_delay": 0.0013908205841446453,
    "avg_n_delay": 0.007301808066759388,
    "avg_n_scheduler_delay": 0.005910987482614743,
    "conflicts": 0,
    "avg_queue_size": 0.0,
    "avg_reschedule_exec_time": 0.10200927383720376,
    "makespan": 76350
}