{
    "avg_n_uncertainty_delay": 0.0027816411682892906,
    "avg_reschedule_exec_time": 0.38263578634076134,
    "conflicts": 0,
    "avg_n_delay": 0.015299026425591097,
    "avg_queue_size": 0.0,
    "avg_n_scheduler_delay": 0.012517385257301807,
    "makespan": 76530
}