{
    "conflicts": 0,
    "n_scheduler_delay": 306,
    "avg_reschedule_exec_time": 0.26396001601705743,
    "avg_active_aircrafts": 10.882407407407408,
    "makespan": 32370,
    "n_uncertainty_delay": 9,
    "n_delay": 315,
    "avg_queue_size": 0.007407407407407408
}