{
    "conflicts": 0,
    "makespan": 33480,
    "avg_n_delay": 0.03611111111111111,
    "avg_n_scheduler_delay": 0.030555555555555555,
    "avg_n_uncertainty_delay": 0.005555555555555556,
    "avg_queue_size": 0.0020833333333333333,
    "avg_reschedule_exec_time": 0.053202295037697286
}