{
    "conflicts": 0,
    "avg_n_delay": 0.014335664335664336,
    "avg_n_scheduler_delay": 0.00944055944055944,
    "avg_reschedule_exec_time": 0.23305466981001302,
    "makespan": 77280,
    "avg_queue_size": 0.04265734265734266,
    "avg_n_uncertainty_delay": 0.0048951048951048955
}