{
    "avg_active_aircrafts": 11.162037037037036,
    "avg_queue_size": 0.007407407407407408,
    "n_scheduler_delay": 385,
    "n_delay": 415,
    "conflicts": 0,
    "makespan": 32370,
    "n_uncertainty_delay": 30,
    "avg_reschedule_exec_time": 0.2873224602189175
}