{
    "makespan": 32370,
    "avg_queue_size": 0.003703703703703704,
    "avg_reschedule_exec_time": 0.5125363937644072,
    "n_uncertainty_delay": 30,
    "conflicts": 0,
    "n_scheduler_delay": 314,
    "n_delay": 344,
    "avg_active_aircrafts": 10.694444444444445
}