{
    "total_conflicts": 474,
    "makespan": 79470,
    "delay_added": 90,
    "avg_queue_size": 0.8114725428471508,
    "avg_reschedule_exec_time": 0.30991377182377194
}