{"total_conflicts": 583, "makespan": 80220, "delay_added": 90, "avg_queue_size": 1.7970152734056026, "avg_reschedule_exec_time": 0.09045527976693458}