{"total_conflicts": 617, "makespan": 80640, "delay_added": 150, "avg_queue_size": 1.480121254517895, "avg_reschedule_exec_time": 0.11938277726034516}