{
    "total_conflicts": 587,
    "makespan": 82080,
    "delay_added": 60,
    "avg_queue_size": 1.5420310131747672,
    "avg_reschedule_exec_time": 0.29942138912608324
}