{
    "avg_n_delay": 0.011854951185495118,
    "avg_n_scheduler_delay": 0.007322175732217573,
    "avg_queue_size": 0.00697350069735007,
    "avg_n_uncertainty_delay": 0.004532775453277545,
    "conflicts": 0,
    "avg_reschedule_exec_time": 0.1372947562642458,
    "makespan": 76770
}