{
    "n_delay": 330,
    "n_scheduler_delay": 330,
    "avg_active_aircrafts": 10.492592592592592,
    "n_uncertainty_delay": 0,
    "makespan": 32370,
    "avg_reschedule_exec_time": 0.468047011175821,
    "avg_queue_size": 0.001851851851851852,
    "conflicts": 0
}