{
    "conflicts": 0,
    "avg_n_delay": 0.014685314685314685,
    "avg_n_scheduler_delay": 0.012237762237762238,
    "avg_reschedule_exec_time": 0.23508657368136124,
    "makespan": 76770,
    "avg_queue_size": 0.03076923076923077,
    "avg_n_uncertainty_delay": 0.0024475524475524478
}