{
    "n_delay": 346,
    "n_scheduler_delay": 336,
    "avg_active_aircrafts": 10.582407407407407,
    "n_uncertainty_delay": 10,
    "makespan": 32370,
    "avg_reschedule_exec_time": 0.45495372927466105,
    "avg_queue_size": 0.002777777777777778,
    "conflicts": 0
}