{
    "makespan": 32370,
    "avg_queue_size": 0.001851851851851852,
    "avg_reschedule_exec_time": 0.5247578343679739,
    "n_uncertainty_delay": 0,
    "conflicts": 0,
    "n_scheduler_delay": 369,
    "n_delay": 369,
    "avg_active_aircrafts": 10.987037037037037
}