{
    "conflicts": 0,
    "avg_n_delay": 0.015034965034965035,
    "avg_n_scheduler_delay": 0.010839160839160839,
    "avg_reschedule_exec_time": 0.2341050514033143,
    "makespan": 76500,
    "avg_queue_size": 0.032167832167832165,
    "avg_n_uncertainty_delay": 0.004195804195804196
}