{
    "conflicts": 0,
    "makespan": 33570,
    "avg_n_delay": 0.029166666666666667,
    "avg_n_scheduler_delay": 0.02638888888888889,
    "avg_n_uncertainty_delay": 0.002777777777777778,
    "avg_queue_size": 0.0020833333333333333,
    "avg_reschedule_exec_time": 0.053684521518377874
}