{
    "conflicts": 0,
    "avg_n_delay": 0.015734265734265732,
    "avg_n_scheduler_delay": 0.014685314685314685,
    "avg_reschedule_exec_time": 0.2262108947189761,
    "makespan": 76500,
    "avg_queue_size": 0.02727272727272727,
    "avg_n_uncertainty_delay": 0.001048951048951049
}