{
    "n_scheduler_delay": 319,
    "n_uncertainty_delay": 11,
    "makespan": 32370,
    "conflicts": 0,
    "avg_queue_size": 0.003703703703703704,
    "avg_reschedule_exec_time": 0.26191017683162243,
    "n_delay": 330,
    "avg_active_aircrafts": 10.966666666666667
}