{
    "conflicts": 0,
    "n_scheduler_delay": 363,
    "avg_reschedule_exec_time": 0.586485348600249,
    "avg_active_aircrafts": 11.10462962962963,
    "makespan": 32370,
    "n_uncertainty_delay": 6,
    "n_delay": 369,
    "avg_queue_size": 0.001851851851851852
}