{
    "avg_n_delay": 0.01958041958041958,
    "avg_n_scheduler_delay": 0.016433566433566433,
    "avg_queue_size": 0.05034965034965035,
    "avg_n_uncertainty_delay": 0.003146853146853147,
    "conflicts": 0,
    "avg_reschedule_exec_time": 0.28804647645284964,
    "makespan": 76950
}