{
    "conflicts": 0,
    "makespan": 33180,
    "avg_n_delay": 0.030555555555555555,
    "avg_n_scheduler_delay": 0.02638888888888889,
    "avg_n_uncertainty_delay": 0.004166666666666667,
    "avg_queue_size": 0.004861111111111111,
    "avg_reschedule_exec_time": 0.05378395734059113
}