{
    "avg_n_delay": 0.006634078212290503,
    "avg_n_scheduler_delay": 0.003840782122905028,
    "avg_queue_size": 0.01431564245810056,
    "avg_n_uncertainty_delay": 0.002793296089385475,
    "conflicts": 0,
    "avg_reschedule_exec_time": 0.18589126795865177,
    "makespan": 76200
}