{
    "conflicts": 0,
    "n_scheduler_delay": 316,
    "avg_reschedule_exec_time": 1.0868995403975583,
    "avg_active_aircrafts": 10.914814814814815,
    "makespan": 32370,
    "n_uncertainty_delay": 5,
    "n_delay": 321,
    "avg_queue_size": 0.002777777777777778
}