{
    "n_uncertainty_delay": 0,
    "makespan": 32370,
    "n_delay": 320,
    "avg_queue_size": 0.003703703703703704,
    "avg_active_aircrafts": 10.912962962962963,
    "n_scheduler_delay": 320,
    "conflicts": 0,
    "avg_reschedule_exec_time": 0.49607600943986757
}