{
    "makespan": 76470,
    "avg_reschedule_exec_time": 0.08711694146793199,
    "avg_queue_size": 0.0,
    "avg_n_uncertainty_delay": 0.0006946856547412296,
    "avg_n_scheduler_delay": 0.007294199374782911,
    "avg_n_delay": 0.007988885029524141,
    "conflicts": 0
}