{
    "n_scheduler_delay": 388,
    "makespan": 32370,
    "avg_reschedule_exec_time": 0.5376904132754303,
    "n_delay": 388,
    "n_uncertainty_delay": 0,
    "avg_queue_size": 0.002777777777777778,
    "conflicts": 0,
    "avg_active_aircrafts": 10.942592592592593
}