{
    "makespan": 32370,
    "avg_queue_size": 0.005555555555555556,
    "avg_reschedule_exec_time": 0.4496463930884073,
    "n_uncertainty_delay": 2,
    "conflicts": 0,
    "n_scheduler_delay": 282,
    "n_delay": 284,
    "avg_active_aircrafts": 10.655555555555555
}