{
    "makespan": 32370,
    "avg_queue_size": 0.002777777777777778,
    "avg_reschedule_exec_time": 0.523947622609693,
    "n_uncertainty_delay": 13,
    "conflicts": 0,
    "n_scheduler_delay": 358,
    "n_delay": 371,
    "avg_active_aircrafts": 11.228703703703705
}