{
    "conflicts": 0,
    "avg_n_delay": 0.019930069930069932,
    "avg_n_scheduler_delay": 0.00944055944055944,
    "avg_reschedule_exec_time": 0.2356787231606497,
    "makespan": 76800,
    "avg_queue_size": 0.08041958041958042,
    "avg_n_uncertainty_delay": 0.01048951048951049
}