{
    "n_delay": 401,
    "avg_queue_size": 0.04259259259259259,
    "n_scheduler_delay": 400,
    "n_uncertainty_delay": 1,
    "makespan": 32370,
    "conflicts": 0,
    "avg_reschedule_exec_time": 0.6075668734173442,
    "avg_active_aircrafts": 12.125
}