{
    "conflicts": 572,
    "makespan": 76950,
    "delay_added": 3930,
    "avg_queue_size": 0.011177944862155469,
    "avg_reschedule_exec_time": 1.7359088583195463
}