{
    "avg_reschedule_exec_time": 0.2973313941511997,
    "avg_active_aircrafts": 10.838888888888889,
    "avg_queue_size": 0.005555555555555556,
    "n_uncertainty_delay": 4,
    "n_delay": 385,
    "conflicts": 0,
    "makespan": 32370,
    "n_scheduler_delay": 381
}