{
    "avg_queue_size": 0.001851851851851852,
    "n_uncertainty_delay": 3,
    "makespan": 32370,
    "n_scheduler_delay": 319,
    "avg_reschedule_exec_time": 0.2096629736591892,
    "conflicts": 0,
    "n_delay": 322,
    "avg_active_aircrafts": 10.687962962962963
}