{
    "avg_active_aircrafts": 11.943518518518518,
    "conflicts": 0,
    "makespan": 32370,
    "avg_queue_size": 0.09259259259259259,
    "avg_reschedule_exec_time": 0.3309639531512593,
    "n_delay": 394,
    "n_scheduler_delay": 389,
    "n_uncertainty_delay": 5
}