{
    "n_scheduler_delay": 263,
    "makespan": 32370,
    "avg_reschedule_exec_time": 0.39813114875970884,
    "n_delay": 266,
    "n_uncertainty_delay": 3,
    "avg_queue_size": 0.001851851851851852,
    "conflicts": 0,
    "avg_active_aircrafts": 10.65462962962963
}