{
    "n_delay": 360,
    "conflicts": 0,
    "n_scheduler_delay": 359,
    "avg_reschedule_exec_time": 0.2930452535318774,
    "avg_active_aircrafts": 12.174074074074074,
    "avg_queue_size": 0.06296296296296296,
    "n_uncertainty_delay": 1,
    "makespan": 32370
}