{
    "avg_reschedule_exec_time": 0.09914368474051813,
    "avg_n_delay": 0.008692628650904035,
    "avg_queue_size": 0.0,
    "conflicts": 0,
    "makespan": 76380,
    "avg_n_scheduler_delay": 0.007997218358831711,
    "avg_n_uncertainty_delay": 0.0006954102920723226
}