{
    "n_uncertainty_delay": 0,
    "makespan": 32370,
    "n_delay": 306,
    "avg_queue_size": 0.004629629629629629,
    "avg_active_aircrafts": 10.903703703703703,
    "n_scheduler_delay": 306,
    "conflicts": 0,
    "avg_reschedule_exec_time": 0.39289174469873367
}