{
    "avg_queue_size": 0.000925925925925926,
    "n_uncertainty_delay": 4,
    "makespan": 32370,
    "n_scheduler_delay": 322,
    "avg_reschedule_exec_time": 0.21395435209167935,
    "conflicts": 0,
    "n_delay": 326,
    "avg_active_aircrafts": 11.157407407407407
}