{
    "makespan": 32370,
    "avg_queue_size": 0.007407407407407408,
    "avg_reschedule_exec_time": 0.4998894403147143,
    "n_uncertainty_delay": 23,
    "conflicts": 0,
    "n_scheduler_delay": 312,
    "n_delay": 335,
    "avg_active_aircrafts": 10.726851851851851
}