{
    "conflicts": 0,
    "n_scheduler_delay": 293,
    "avg_reschedule_exec_time": 0.6849180833617253,
    "avg_active_aircrafts": 11.018518518518519,
    "makespan": 32370,
    "n_uncertainty_delay": 5,
    "n_delay": 298,
    "avg_queue_size": 0.003703703703703704
}