{
    "conflicts": 0,
    "n_scheduler_delay": 353,
    "avg_reschedule_exec_time": 0.27119805640325034,
    "avg_active_aircrafts": 10.869444444444444,
    "makespan": 32370,
    "n_uncertainty_delay": 3,
    "n_delay": 356,
    "avg_queue_size": 0.004629629629629629
}