{
    "avg_n_scheduler_delay": 0.008692628650904033,
    "avg_queue_size": 0.0,
    "avg_n_delay": 0.01564673157162726,
    "avg_reschedule_exec_time": 0.5918249419804735,
    "conflicts": 0,
    "avg_n_uncertainty_delay": 0.006954102920723227,
    "makespan": 76470
}