{
    "conflicts": 0,
    "makespan": 33150,
    "avg_n_delay": 0.04722222222222222,
    "avg_n_scheduler_delay": 0.02847222222222222,
    "avg_n_uncertainty_delay": 0.01875,
    "avg_queue_size": 0.003472222222222222,
    "avg_reschedule_exec_time": 0.09549915358880769
}