{
    "n_uncertainty_delay": 8,
    "avg_queue_size": 0.002777777777777778,
    "conflicts": 0,
    "avg_reschedule_exec_time": 0.5217379204062529,
    "n_delay": 341,
    "makespan": 32370,
    "n_scheduler_delay": 333,
    "avg_active_aircrafts": 10.902777777777779
}