{
    "avg_reschedule_exec_time": 0.4919642404068348,
    "avg_active_aircrafts": 10.873148148148148,
    "avg_queue_size": 0.001851851851851852,
    "n_uncertainty_delay": 7,
    "n_delay": 342,
    "conflicts": 0,
    "makespan": 32370,
    "n_scheduler_delay": 335
}