{
    "avg_reschedule_exec_time": 0.5398438154264938,
    "avg_active_aircrafts": 10.876851851851852,
    "avg_queue_size": 0.004629629629629629,
    "n_uncertainty_delay": 0,
    "n_delay": 373,
    "conflicts": 0,
    "makespan": 32370,
    "n_scheduler_delay": 373
}