{
    "n_delay": 339,
    "n_scheduler_delay": 339,
    "avg_active_aircrafts": 10.912962962962963,
    "n_uncertainty_delay": 0,
    "makespan": 32370,
    "avg_reschedule_exec_time": 0.47672873208689137,
    "avg_queue_size": 0.001851851851851852,
    "conflicts": 0
}