{
    "avg_reschedule_exec_time": 0.49594065422235534,
    "avg_active_aircrafts": 10.562037037037037,
    "avg_queue_size": 0.004629629629629629,
    "n_uncertainty_delay": 1,
    "n_delay": 349,
    "conflicts": 0,
    "makespan": 32370,
    "n_scheduler_delay": 348
}