{
    "n_uncertainty_delay": 1,
    "avg_queue_size": 0.005555555555555556,
    "conflicts": 0,
    "avg_reschedule_exec_time": 0.5164895845013996,
    "n_delay": 329,
    "makespan": 32370,
    "n_scheduler_delay": 328,
    "avg_active_aircrafts": 11.012037037037038
}