{
    "avg_reschedule_exec_time": 0.10451370261837845,
    "avg_n_delay": 0.013908205841446452,
    "avg_queue_size": 0.0,
    "conflicts": 0,
    "makespan": 76530,
    "avg_n_scheduler_delay": 0.011126564673157162,
    "avg_n_uncertainty_delay": 0.0027816411682892906
}