{
    "avg_reschedule_exec_time": 0.09957305867027771,
    "avg_n_delay": 0.015994436717663423,
    "avg_queue_size": 0.0,
    "conflicts": 0,
    "makespan": 76710,
    "avg_n_scheduler_delay": 0.007301808066759388,
    "avg_n_uncertainty_delay": 0.008692628650904033
}