{
    "n_scheduler_delay": 295,
    "makespan": 32370,
    "avg_reschedule_exec_time": 0.4317129290381143,
    "n_delay": 330,
    "n_uncertainty_delay": 35,
    "avg_queue_size": 0.002777777777777778,
    "conflicts": 0,
    "avg_active_aircrafts": 10.644444444444444
}