{
    "n_uncertainty_delay": 0,
    "makespan": 32370,
    "n_delay": 323,
    "avg_queue_size": 0.000925925925925926,
    "avg_active_aircrafts": 10.90925925925926,
    "n_scheduler_delay": 323,
    "conflicts": 0,
    "avg_reschedule_exec_time": 0.4875462143920189
}