{
    "avg_queue_size": 0.003703703703703704,
    "n_uncertainty_delay": 4,
    "makespan": 32370,
    "n_scheduler_delay": 297,
    "avg_reschedule_exec_time": 0.2333808366642442,
    "conflicts": 0,
    "n_delay": 301,
    "avg_active_aircrafts": 10.501851851851852
}