time,rs_exec_time
00:00:00,
00:19:00,0.4078221321105957
00:38:00,0.3137850761413574
00:57:00,1.6522839069366455
01:16:00,1.0353562831878662
01:35:00,1.0209438800811768
01:54:00,2.6533701419830322
02:13:00,0.43132901191711426
02:32:00,0.4039769172668457
02:51:00,1.6782519817352295
03:10:00,1.3611040115356445
03:29:00,1.4917209148406982
03:48:00,0.4321873188018799
04:07:00,0.34380507469177246
04:26:00,1.4977059364318848
04:45:00,1.935955286026001
05:04:00,1.1880640983581543
05:23:00,1.3908729553222656
05:42:00,0.41979026794433594
06:01:00,1.1431291103363037
06:20:00,0.5079889297485352
06:39:00,0.5026860237121582
06:58:00,5.102694034576416
07:17:00,4.691707134246826
07:36:00,1.5823240280151367
07:55:00,4.145700931549072
08:14:00,4.756152153015137
08:33:00,0.47405004501342773
08:52:00,0.5060458183288574
09:11:00,1.2325761318206787
09:30:00,2.8017799854278564
09:49:00,0.5190401077270508
10:08:00,0.8316941261291504
10:27:00,0.3922390937805176
10:46:00,0.5394480228424072
11:05:00,1.3467819690704346
11:24:00,0.8626902103424072
11:43:00,0.9251010417938232
12:02:00,1.2536840438842773
12:21:00,0.9531149864196777
12:40:00,0.9432871341705322
12:59:00,1.2976577281951904
13:18:00,1.808581829071045
13:37:00,2.128448009490967
13:56:00,0.5688319206237793
14:15:00,0.5036489963531494
14:34:00,2.2429699897766113
14:53:00,0.9534101486206055
15:12:00,2.3525099754333496
15:31:00,0.5593228340148926
15:50:00,1.0295779705047607
16:09:00,3.7026748657226562
16:28:00,6.8607401847839355
16:47:00,1.1143858432769775
17:06:00,1.5829987525939941
17:25:00,0.5986289978027344
17:44:00,3.881545066833496
18:03:00,0.6998116970062256
18:22:00,2.8406870365142822
18:41:00,3.4577958583831787
19:00:00,3.3522450923919678
19:19:00,2.4615437984466553
19:38:00,2.654804229736328
19:57:00,0.6017959117889404
20:16:00,1.545091152191162
20:35:00,2.9224929809570312
20:54:00,1.0634429454803467
21:13:00,1.587372064590454
21:32:00,0.5338213443756104
21:51:00,1.8397932052612305
22:10:00,0.4893159866333008
22:29:00,0.4503140449523926
22:48:00,0.4695901870727539
23:07:00,0.461989164352417
23:26:00,0.4477839469909668
