{
    "makespan": 32370,
    "avg_queue_size": 0.004629629629629629,
    "avg_reschedule_exec_time": 0.5724080462788427,
    "n_uncertainty_delay": 0,
    "conflicts": 0,
    "n_scheduler_delay": 393,
    "n_delay": 393,
    "avg_active_aircrafts": 11.100925925925926
}