{
    "n_scheduler_delay": 283,
    "makespan": 32370,
    "avg_reschedule_exec_time": 0.4148568009221277,
    "n_delay": 287,
    "n_uncertainty_delay": 4,
    "avg_queue_size": 0.007407407407407408,
    "conflicts": 0,
    "avg_active_aircrafts": 10.690740740740742
}