{
    "n_delay": 307,
    "n_scheduler_delay": 305,
    "avg_active_aircrafts": 10.724074074074075,
    "n_uncertainty_delay": 2,
    "makespan": 32370,
    "avg_reschedule_exec_time": 0.44214417657186816,
    "avg_queue_size": 0.001851851851851852,
    "conflicts": 0
}