{
    "makespan": 76530,
    "avg_reschedule_exec_time": 0.0686841522418689,
    "conflicts": 0,
    "avg_n_scheduler_delay": 0.007997218358831711,
    "avg_n_uncertainty_delay": 0.005910987482614743,
    "avg_n_delay": 0.013908205841446454,
    "avg_queue_size": 0.0
}