{
    "avg_n_uncertainty_delay": 0.006258692628650904,
    "avg_n_delay": 0.012517385257301807,
    "avg_n_scheduler_delay": 0.006258692628650904,
    "conflicts": 0,
    "avg_queue_size": 0.0,
    "avg_reschedule_exec_time": 0.10265197959783018,
    "makespan": 76110
}