{
    "n_scheduler_delay": 364,
    "makespan": 32370,
    "avg_reschedule_exec_time": 0.5150952572046325,
    "n_delay": 368,
    "n_uncertainty_delay": 4,
    "avg_queue_size": 0.002777777777777778,
    "conflicts": 0,
    "avg_active_aircrafts": 10.89074074074074
}