{
    "conflicts": 0,
    "n_scheduler_delay": 368,
    "avg_reschedule_exec_time": 0.7698918545424048,
    "avg_active_aircrafts": 10.905555555555555,
    "makespan": 32370,
    "n_uncertainty_delay": 9,
    "n_delay": 377,
    "avg_queue_size": 0.000925925925925926
}