{
    "conflicts": 89,
    "makespan": 77670,
    "avg_queue_size": 0.14456140350877192,
    "avg_reschedule_exec_time": 0.7205084410119564,
    "avg_n_delay": 0.06882591093117409,
    "avg_n_scheduler_delay": 0.03643724696356275,
    "avg_n_uncertainty_delay": 0.032388663967611336
}