{
    "n_scheduler_delay": 378,
    "n_uncertainty_delay": 6,
    "avg_active_aircrafts": 11.960185185185185,
    "n_delay": 384,
    "avg_reschedule_exec_time": 0.5160905749298805,
    "conflicts": 0,
    "makespan": 32370,
    "avg_queue_size": 0.07777777777777778
}