{
    "n_delay": 371,
    "n_scheduler_delay": 367,
    "avg_active_aircrafts": 10.932407407407407,
    "n_uncertainty_delay": 4,
    "makespan": 32370,
    "avg_reschedule_exec_time": 0.5005615045857984,
    "avg_queue_size": 0.002777777777777778,
    "conflicts": 0
}