{
    "makespan": 32370,
    "avg_queue_size": 0.000925925925925926,
    "avg_reschedule_exec_time": 0.6277300058409225,
    "n_uncertainty_delay": 36,
    "conflicts": 0,
    "n_scheduler_delay": 419,
    "n_delay": 455,
    "avg_active_aircrafts": 11.34074074074074
}