{
    "n_delay": 336,
    "n_scheduler_delay": 335,
    "avg_active_aircrafts": 10.478703703703705,
    "n_uncertainty_delay": 1,
    "makespan": 32370,
    "avg_reschedule_exec_time": 0.4676510633424271,
    "avg_queue_size": 0.002777777777777778,
    "conflicts": 0
}