{
    "avg_n_delay": 0.011879804332634521,
    "avg_n_scheduler_delay": 0.008385744234800839,
    "avg_queue_size": 0.018867924528301886,
    "avg_n_uncertainty_delay": 0.0034940600978336828,
    "conflicts": 0,
    "avg_reschedule_exec_time": 0.20719839802271203,
    "makespan": 76470
}