{
    "avg_n_delay": 0.016456582633053222,
    "avg_n_scheduler_delay": 0.014005602240896359,
    "avg_queue_size": 0.0626750700280112,
    "avg_n_uncertainty_delay": 0.0024509803921568627,
    "conflicts": 0,
    "avg_reschedule_exec_time": 0.24315853644225557,
    "makespan": 76710
}