{
    "n_delay": 326,
    "avg_queue_size": 0.09351851851851851,
    "n_scheduler_delay": 324,
    "n_uncertainty_delay": 2,
    "makespan": 32370,
    "conflicts": 0,
    "avg_reschedule_exec_time": 0.4592395050581111,
    "avg_active_aircrafts": 11.681481481481482
}