{
    "avg_active_aircrafts": 10.812037037037037,
    "avg_queue_size": 0.003703703703703704,
    "n_scheduler_delay": 331,
    "n_delay": 341,
    "conflicts": 0,
    "makespan": 32370,
    "n_uncertainty_delay": 10,
    "avg_reschedule_exec_time": 0.25461048858110297
}