{
    "avg_reschedule_exec_time": 0.5599182273066321,
    "avg_queue_size": 0.001851851851851852,
    "conflicts": 0,
    "n_scheduler_delay": 373,
    "avg_active_aircrafts": 11.033333333333333,
    "n_delay": 383,
    "makespan": 32370,
    "n_uncertainty_delay": 10
}