{
    "n_scheduler_delay": 296,
    "n_uncertainty_delay": 21,
    "makespan": 32370,
    "conflicts": 0,
    "avg_queue_size": 0.007407407407407408,
    "avg_reschedule_exec_time": 0.2566810630088629,
    "n_delay": 317,
    "avg_active_aircrafts": 10.949074074074074
}