{
    "avg_n_scheduler_delay": 0.006954102920723227,
    "avg_queue_size": 0.0,
    "avg_n_delay": 0.015299026425591099,
    "avg_reschedule_exec_time": 0.5873027820773111,
    "conflicts": 0,
    "avg_n_uncertainty_delay": 0.008344923504867872,
    "makespan": 76710
}