{
    "conflicts": 0,
    "n_scheduler_delay": 350,
    "avg_reschedule_exec_time": 0.25877662359672926,
    "avg_active_aircrafts": 10.872222222222222,
    "makespan": 32370,
    "n_uncertainty_delay": 7,
    "n_delay": 357,
    "avg_queue_size": 0.007407407407407408
}