{
    "conflicts": 0,
    "makespan": 33120,
    "avg_n_delay": 0.03194444444444444,
    "avg_n_scheduler_delay": 0.03194444444444444,
    "avg_n_uncertainty_delay": 0.0,
    "avg_queue_size": 0.00625,
    "avg_reschedule_exec_time": 0.05516796457402221
}