{
    "conflicts": 0,
    "makespan": 33060,
    "avg_n_delay": 0.05277777777777778,
    "avg_n_scheduler_delay": 0.03958333333333333,
    "avg_n_uncertainty_delay": 0.013194444444444444,
    "avg_queue_size": 0.0006944444444444445,
    "avg_reschedule_exec_time": 0.09699064177722984
}