{
    "makespan": 76440,
    "avg_queue_size": 0.0,
    "conflicts": 0,
    "avg_reschedule_exec_time": 0.36574444770812986,
    "avg_n_delay": 0.010775112964893988,
    "avg_n_uncertainty_delay": 0.0013903371567605145,
    "avg_n_scheduler_delay": 0.009384775808133473
}