{
    "makespan": 32370,
    "n_delay": 355,
    "conflicts": 0,
    "avg_reschedule_exec_time": 0.2894036756596893,
    "n_scheduler_delay": 352,
    "avg_active_aircrafts": 11.309259259259258,
    "avg_queue_size": 0.008333333333333333,
    "n_uncertainty_delay": 3
}