{
    "conflicts": 0,
    "n_scheduler_delay": 425,
    "avg_reschedule_exec_time": 0.2914171280798974,
    "avg_active_aircrafts": 10.787962962962963,
    "makespan": 32370,
    "n_uncertainty_delay": 8,
    "n_delay": 433,
    "avg_queue_size": 0.003703703703703704
}