{
    "avg_n_delay": 0.044444444444444446,
    "avg_queue_size": 0.004861111111111111,
    "makespan": 33480,
    "avg_n_scheduler_delay": 0.03888888888888889,
    "avg_n_uncertainty_delay": 0.005555555555555556,
    "conflicts": 0,
    "avg_reschedule_exec_time": 0.09100601222965267
}