{
    "avg_reschedule_exec_time": 0.26917173585226367,
    "avg_active_aircrafts": 10.996296296296297,
    "avg_queue_size": 0.003703703703703704,
    "n_uncertainty_delay": 6,
    "n_delay": 344,
    "conflicts": 0,
    "makespan": 32370,
    "n_scheduler_delay": 338
}