{
    "n_uncertainty_delay": 9,
    "avg_queue_size": 0.004629629629629629,
    "conflicts": 0,
    "avg_reschedule_exec_time": 0.5249278578647347,
    "n_delay": 355,
    "makespan": 32370,
    "n_scheduler_delay": 346,
    "avg_active_aircrafts": 10.832407407407407
}