{
    "conflicts": 0,
    "avg_n_delay": 0.020279720279720283,
    "avg_n_scheduler_delay": 0.009790209790209791,
    "avg_reschedule_exec_time": 0.21937953250508913,
    "makespan": 76770,
    "avg_queue_size": 0.019230769230769232,
    "avg_n_uncertainty_delay": 0.01048951048951049
}