{
    "avg_reschedule_exec_time": 0.09723477443280658,
    "avg_n_delay": 0.01773296244784423,
    "avg_queue_size": 0.0,
    "conflicts": 0,
    "makespan": 76320,
    "avg_n_scheduler_delay": 0.009388038942976356,
    "avg_n_uncertainty_delay": 0.008344923504867872
}