{
    "avg_n_uncertainty_delay": 0.0013893713094824591,
    "makespan": 76530,
    "avg_n_delay": 0.01076762764848906,
    "avg_reschedule_exec_time": 0.38436162741287894,
    "conflicts": 0,
    "avg_queue_size": 0.0,
    "avg_n_scheduler_delay": 0.0093782563390066
}