{
    "conflicts": 0,
    "n_scheduler_delay": 352,
    "avg_reschedule_exec_time": 0.4169522989195076,
    "avg_active_aircrafts": 10.95,
    "makespan": 32370,
    "n_uncertainty_delay": 5,
    "n_delay": 357,
    "avg_queue_size": 0.005555555555555556
}