{
    "avg_active_aircrafts": 10.757407407407408,
    "avg_queue_size": 0.005555555555555556,
    "n_scheduler_delay": 335,
    "n_delay": 358,
    "conflicts": 0,
    "makespan": 32370,
    "n_uncertainty_delay": 23,
    "avg_reschedule_exec_time": 0.2560616005298703
}