{
    "n_delay": 366,
    "avg_queue_size": 0.04722222222222222,
    "n_scheduler_delay": 363,
    "n_uncertainty_delay": 3,
    "makespan": 32370,
    "conflicts": 0,
    "avg_reschedule_exec_time": 0.5076752629390983,
    "avg_active_aircrafts": 12.097222222222221
}