{
    "conflicts": 0,
    "makespan": 33420,
    "avg_n_delay": 0.04513888888888889,
    "avg_n_scheduler_delay": 0.0375,
    "avg_n_uncertainty_delay": 0.007638888888888889,
    "avg_queue_size": 0.004861111111111111,
    "avg_reschedule_exec_time": 0.05573720055370278
}