{
    "conflicts": 399,
    "makespan": 76770,
    "avg_queue_size": 0.14035087719298245,
    "avg_reschedule_exec_time": 1.1343306987843615,
    "avg_n_delay": 0.8214285714285714,
    "avg_n_scheduler_delay": 0.1349206349206349,
    "avg_n_uncertainty_delay": 0.6865079365079365
}