{
    "avg_n_delay": 0.030555555555555555,
    "avg_queue_size": 0.0,
    "makespan": 33450,
    "avg_n_scheduler_delay": 0.025694444444444443,
    "avg_n_uncertainty_delay": 0.004861111111111111,
    "conflicts": 0,
    "avg_reschedule_exec_time": 0.10001311727220966
}