{
    "avg_reschedule_exec_time": 0.5269462241682895,
    "avg_queue_size": 0.005555555555555556,
    "conflicts": 0,
    "n_scheduler_delay": 334,
    "avg_active_aircrafts": 10.625925925925927,
    "n_delay": 356,
    "makespan": 32370,
    "n_uncertainty_delay": 22
}