{
    "avg_active_aircrafts": 10.969444444444445,
    "avg_queue_size": 0.001851851851851852,
    "n_scheduler_delay": 417,
    "n_delay": 435,
    "conflicts": 0,
    "makespan": 32370,
    "n_uncertainty_delay": 18,
    "avg_reschedule_exec_time": 0.3032475693281307
}