{
    "n_scheduler_delay": 347,
    "n_uncertainty_delay": 0,
    "avg_active_aircrafts": 11.808333333333334,
    "n_delay": 347,
    "avg_reschedule_exec_time": 0.5135329789893571,
    "conflicts": 0,
    "makespan": 32370,
    "avg_queue_size": 0.05740740740740741
}