{
    "n_scheduler_delay": 387,
    "n_uncertainty_delay": 0,
    "makespan": 32370,
    "conflicts": 0,
    "avg_queue_size": 0.004629629629629629,
    "avg_reschedule_exec_time": 0.5509626721226892,
    "n_delay": 387,
    "avg_active_aircrafts": 10.916666666666666
}