{
    "avg_active_aircrafts": 10.673148148148147,
    "avg_queue_size": 0.002777777777777778,
    "n_scheduler_delay": 311,
    "n_delay": 311,
    "conflicts": 0,
    "makespan": 32370,
    "n_uncertainty_delay": 0,
    "avg_reschedule_exec_time": 0.2463063262229742
}