{
    "avg_active_aircrafts": 10.96111111111111,
    "avg_queue_size": 0.000925925925925926,
    "n_scheduler_delay": 320,
    "n_delay": 327,
    "conflicts": 0,
    "makespan": 32370,
    "n_uncertainty_delay": 7,
    "avg_reschedule_exec_time": 0.2482927488726239
}