{
    "n_scheduler_delay": 246,
    "n_uncertainty_delay": 6,
    "makespan": 32370,
    "conflicts": 0,
    "avg_queue_size": 0.002777777777777778,
    "avg_reschedule_exec_time": 0.22549130861149277,
    "n_delay": 252,
    "avg_active_aircrafts": 10.432407407407407
}