{
    "conflicts": 604,
    "makespan": 77070,
    "delay_added": 3630,
    "avg_queue_size": 0.011002506265664236,
    "avg_reschedule_exec_time": 1.0757260804480695
}