{
    "avg_reschedule_exec_time": 0.1001375608125437,
    "avg_n_delay": 0.01321279554937413,
    "avg_queue_size": 0.0,
    "conflicts": 0,
    "makespan": 76200,
    "avg_n_scheduler_delay": 0.007301808066759388,
    "avg_n_uncertainty_delay": 0.005910987482614743
}