{
    "n_uncertainty_delay": 8,
    "avg_queue_size": 0.005555555555555556,
    "conflicts": 0,
    "avg_reschedule_exec_time": 0.2787984215935995,
    "n_delay": 309,
    "makespan": 32370,
    "n_scheduler_delay": 301,
    "avg_active_aircrafts": 10.89537037037037
}