{
    "n_delay": 414,
    "n_scheduler_delay": 413,
    "avg_active_aircrafts": 10.937962962962963,
    "n_uncertainty_delay": 1,
    "makespan": 32370,
    "avg_reschedule_exec_time": 0.5840664286946141,
    "avg_queue_size": 0.009259259259259259,
    "conflicts": 0
}