{
    "n_scheduler_delay": 332,
    "n_uncertainty_delay": 3,
    "avg_active_aircrafts": 11.994444444444444,
    "n_delay": 335,
    "avg_reschedule_exec_time": 0.46811596182889714,
    "conflicts": 0,
    "makespan": 32370,
    "avg_queue_size": 0.03981481481481482
}