{
    "conflicts": 0,
    "avg_n_delay": 0.019230769230769232,
    "avg_n_scheduler_delay": 0.012937062937062937,
    "avg_reschedule_exec_time": 0.13129636771242384,
    "makespan": 76650,
    "avg_queue_size": 0.03006993006993007,
    "avg_n_uncertainty_delay": 0.006293706293706294
}