{
    "n_uncertainty_delay": 12,
    "avg_queue_size": 0.000925925925925926,
    "conflicts": 0,
    "avg_reschedule_exec_time": 0.541609472452208,
    "n_delay": 388,
    "makespan": 32370,
    "n_scheduler_delay": 376,
    "avg_active_aircrafts": 11.125925925925927
}