{
    "avg_reschedule_exec_time": 0.41381562587826753,
    "avg_active_aircrafts": 11.00925925925926,
    "avg_queue_size": 0.005555555555555556,
    "n_uncertainty_delay": 2,
    "n_delay": 394,
    "conflicts": 0,
    "makespan": 32370,
    "n_scheduler_delay": 392
}