{
    "n_delay": 256,
    "avg_queue_size": 0.062037037037037036,
    "n_scheduler_delay": 256,
    "n_uncertainty_delay": 0,
    "makespan": 32370,
    "conflicts": 0,
    "avg_reschedule_exec_time": 0.41450758756593215,
    "avg_active_aircrafts": 11.585185185185185
}