{
    "n_delay": 333,
    "n_scheduler_delay": 327,
    "avg_active_aircrafts": 10.826851851851853,
    "n_uncertainty_delay": 6,
    "makespan": 32370,
    "avg_reschedule_exec_time": 0.4818901816079783,
    "avg_queue_size": 0.005555555555555556,
    "conflicts": 0
}