{
    "n_delay": 347,
    "n_scheduler_delay": 340,
    "avg_active_aircrafts": 10.875,
    "n_uncertainty_delay": 7,
    "makespan": 32370,
    "avg_reschedule_exec_time": 0.5024049537126408,
    "avg_queue_size": 0.006481481481481481,
    "conflicts": 0
}