{
    "avg_n_delay": 0.013221990257480862,
    "avg_n_scheduler_delay": 0.010090466249130133,
    "avg_queue_size": 0.0,
    "avg_n_uncertainty_delay": 0.003131524008350731,
    "conflicts": 0,
    "avg_reschedule_exec_time": 0.11582481811236138,
    "makespan": 76770
}