{
    "avg_n_delay": 0.01888111888111888,
    "avg_n_scheduler_delay": 0.013636363636363636,
    "avg_queue_size": 0.022377622377622378,
    "avg_n_uncertainty_delay": 0.005244755244755245,
    "conflicts": 0,
    "avg_reschedule_exec_time": 0.24972411276588977,
    "makespan": 76680
}