{
    "avg_reschedule_exec_time": 0.2641090104746264,
    "avg_active_aircrafts": 10.637962962962963,
    "avg_queue_size": 0.003703703703703704,
    "n_uncertainty_delay": 4,
    "n_delay": 353,
    "conflicts": 0,
    "makespan": 32370,
    "n_scheduler_delay": 349
}