{
    "n_uncertainty_delay": 7,
    "avg_queue_size": 0.004629629629629629,
    "conflicts": 0,
    "avg_reschedule_exec_time": 0.5764025987580765,
    "n_delay": 405,
    "makespan": 32370,
    "n_scheduler_delay": 398,
    "avg_active_aircrafts": 11.324074074074074
}