{
    "conflicts": 0,
    "n_scheduler_delay": 371,
    "avg_reschedule_exec_time": 0.5749321609901983,
    "avg_active_aircrafts": 11.022222222222222,
    "makespan": 32370,
    "n_uncertainty_delay": 6,
    "n_delay": 377,
    "avg_queue_size": 0.004629629629629629
}