{
    "makespan": 76440,
    "avg_queue_size": 0.0,
    "conflicts": 0,
    "avg_reschedule_exec_time": 0.36330595249082986,
    "avg_n_delay": 0.009384775808133473,
    "avg_n_uncertainty_delay": 0.0,
    "avg_n_scheduler_delay": 0.009384775808133473
}