{
    "conflicts": 0,
    "avg_n_delay": 0.012587412587412588,
    "avg_n_scheduler_delay": 0.009790209790209791,
    "avg_reschedule_exec_time": 0.2332690030756131,
    "makespan": 76500,
    "avg_queue_size": 0.03426573426573427,
    "avg_n_uncertainty_delay": 0.002797202797202797
}