{
    "n_delay": 449,
    "n_scheduler_delay": 447,
    "avg_active_aircrafts": 11.16388888888889,
    "n_uncertainty_delay": 2,
    "makespan": 32370,
    "avg_reschedule_exec_time": 0.5806386426437733,
    "avg_queue_size": 0.000925925925925926,
    "conflicts": 0
}