{
    "n_uncertainty_delay": 0,
    "makespan": 32370,
    "n_delay": 279,
    "avg_queue_size": 0.005555555555555556,
    "avg_active_aircrafts": 10.33611111111111,
    "n_scheduler_delay": 279,
    "conflicts": 0,
    "avg_reschedule_exec_time": 0.20063614999949655
}