{
    "avg_n_scheduler_delay": 0.009735744089012517,
    "avg_queue_size": 0.0,
    "avg_n_delay": 0.01043115438108484,
    "avg_reschedule_exec_time": 0.6009509301119196,
    "conflicts": 0,
    "avg_n_uncertainty_delay": 0.0006954102920723226,
    "makespan": 76440
}