{
    "conflicts": 0,
    "makespan": 33210,
    "avg_n_delay": 0.025,
    "avg_n_scheduler_delay": 0.024305555555555556,
    "avg_n_uncertainty_delay": 0.0006944444444444445,
    "avg_queue_size": 0.0,
    "avg_reschedule_exec_time": 0.051510365228467
}