{
    "n_uncertainty_delay": 1,
    "avg_queue_size": 0.005555555555555556,
    "conflicts": 0,
    "avg_reschedule_exec_time": 0.5324547723282215,
    "n_delay": 366,
    "makespan": 32370,
    "n_scheduler_delay": 365,
    "avg_active_aircrafts": 11.16388888888889
}