{
    "avg_reschedule_exec_time": 0.5076592545176661,
    "avg_active_aircrafts": 10.816666666666666,
    "avg_queue_size": 0.006481481481481481,
    "n_uncertainty_delay": 0,
    "n_delay": 339,
    "conflicts": 0,
    "makespan": 32370,
    "n_scheduler_delay": 339
}