{
    "avg_n_scheduler_delay": 0.007997218358831711,
    "avg_queue_size": 0.0,
    "avg_n_delay": 0.015994436717663423,
    "avg_reschedule_exec_time": 0.5954518700044468,
    "conflicts": 0,
    "avg_n_uncertainty_delay": 0.007997218358831711,
    "makespan": 76410
}