{
    "conflicts": 0,
    "n_scheduler_delay": 366,
    "avg_reschedule_exec_time": 0.2831830659912336,
    "avg_active_aircrafts": 10.64537037037037,
    "makespan": 32370,
    "n_uncertainty_delay": 7,
    "n_delay": 373,
    "avg_queue_size": 0.001851851851851852
}