{
    "n_delay": 285,
    "n_scheduler_delay": 277,
    "avg_active_aircrafts": 10.647222222222222,
    "n_uncertainty_delay": 8,
    "makespan": 32370,
    "avg_reschedule_exec_time": 0.4302649830662927,
    "avg_queue_size": 0.001851851851851852,
    "conflicts": 0
}