{
    "avg_active_aircrafts": 10.894444444444444,
    "avg_queue_size": 0.003703703703703704,
    "n_scheduler_delay": 341,
    "n_delay": 345,
    "conflicts": 0,
    "makespan": 32370,
    "n_uncertainty_delay": 4,
    "avg_reschedule_exec_time": 0.25736239344574685
}