{
    "avg_reschedule_exec_time": 0.5535454616990201,
    "avg_queue_size": 0.007407407407407408,
    "conflicts": 0,
    "n_scheduler_delay": 360,
    "avg_active_aircrafts": 11.476851851851851,
    "n_delay": 364,
    "makespan": 32370,
    "n_uncertainty_delay": 4
}