{
    "avg_n_delay": 0.02777777777777778,
    "avg_queue_size": 0.005555555555555556,
    "makespan": 33300,
    "avg_n_scheduler_delay": 0.022222222222222223,
    "avg_n_uncertainty_delay": 0.005555555555555556,
    "conflicts": 0,
    "avg_reschedule_exec_time": 0.10961916057634553
}