{
    "avg_reschedule_exec_time": 0.10180003297694214,
    "avg_n_delay": 0.008692628650904033,
    "avg_queue_size": 0.0,
    "conflicts": 0,
    "makespan": 76110,
    "avg_n_scheduler_delay": 0.006606397774687065,
    "avg_n_uncertainty_delay": 0.002086230876216968
}