{
    "conflicts": 0,
    "avg_n_delay": 0.010139860139860141,
    "avg_n_scheduler_delay": 0.009790209790209791,
    "avg_reschedule_exec_time": 0.23325691928326245,
    "makespan": 76470,
    "avg_queue_size": 0.05174825174825175,
    "avg_n_uncertainty_delay": 0.00034965034965034965
}