{
    "makespan": 32370,
    "avg_queue_size": 0.003703703703703704,
    "avg_reschedule_exec_time": 0.46673062235810037,
    "n_uncertainty_delay": 14,
    "conflicts": 0,
    "n_scheduler_delay": 334,
    "n_delay": 348,
    "avg_active_aircrafts": 10.714814814814815
}