{
    "n_scheduler_delay": 418,
    "n_uncertainty_delay": 11,
    "makespan": 32370,
    "conflicts": 0,
    "avg_queue_size": 0.001851851851851852,
    "avg_reschedule_exec_time": 0.3130236925080765,
    "n_delay": 429,
    "avg_active_aircrafts": 11.051851851851852
}