{
    "avg_n_uncertainty_delay": 0.0,
    "avg_n_delay": 0.011126564673157162,
    "avg_n_scheduler_delay": 0.011126564673157162,
    "conflicts": 0,
    "avg_queue_size": 0.0,
    "avg_reschedule_exec_time": 0.10252607632480291,
    "makespan": 76200
}