{
    "avg_n_scheduler_delay": 0.008692628650904033,
    "avg_queue_size": 0.0,
    "avg_n_delay": 0.009388038942976356,
    "avg_reschedule_exec_time": 0.6010211241278476,
    "conflicts": 0,
    "avg_n_uncertainty_delay": 0.0006954102920723226,
    "makespan": 76380
}