{
    "makespan": 32370,
    "avg_queue_size": 0.001851851851851852,
    "avg_reschedule_exec_time": 0.5323030394177104,
    "n_uncertainty_delay": 18,
    "conflicts": 0,
    "n_scheduler_delay": 352,
    "n_delay": 370,
    "avg_active_aircrafts": 11.226851851851851
}