{
    "avg_reschedule_exec_time": 0.10286538979469236,
    "avg_n_delay": 0.019471488178025034,
    "avg_queue_size": 0.0,
    "conflicts": 0,
    "makespan": 76530,
    "avg_n_scheduler_delay": 0.010778859527121001,
    "avg_n_uncertainty_delay": 0.008692628650904033
}