{
    "makespan": 32370,
    "avg_queue_size": 0.005555555555555556,
    "avg_reschedule_exec_time": 0.43983605074328047,
    "n_uncertainty_delay": 8,
    "conflicts": 0,
    "n_scheduler_delay": 279,
    "n_delay": 287,
    "avg_active_aircrafts": 10.801851851851852
}