{
    "conflicts": 0,
    "n_scheduler_delay": 272,
    "avg_reschedule_exec_time": 0.34024273418582507,
    "avg_active_aircrafts": 10.55462962962963,
    "makespan": 32370,
    "n_uncertainty_delay": 3,
    "n_delay": 275,
    "avg_queue_size": 0.001851851851851852
}