{
    "conflicts": 0,
    "makespan": 33360,
    "avg_n_delay": 0.04166666666666667,
    "avg_n_scheduler_delay": 0.02013888888888889,
    "avg_n_uncertainty_delay": 0.021527777777777778,
    "avg_queue_size": 0.004861111111111111,
    "avg_reschedule_exec_time": 0.0908872051823438
}