{
    "conflicts": 0,
    "avg_n_delay": 0.019580419580419582,
    "avg_n_scheduler_delay": 0.009790209790209791,
    "avg_reschedule_exec_time": 0.230736729124902,
    "makespan": 77280,
    "avg_queue_size": 0.043706293706293704,
    "avg_n_uncertainty_delay": 0.009790209790209791
}