{
    "conflicts": 0,
    "avg_n_delay": 0.01223776223776224,
    "avg_n_scheduler_delay": 0.009790209790209791,
    "avg_reschedule_exec_time": 0.22850300056833617,
    "makespan": 76440,
    "avg_queue_size": 0.024825174825174826,
    "avg_n_uncertainty_delay": 0.0024475524475524478
}