{
    "conflicts": 0,
    "n_scheduler_delay": 324,
    "avg_reschedule_exec_time": 0.2562871872825835,
    "avg_active_aircrafts": 10.614814814814816,
    "makespan": 32370,
    "n_uncertainty_delay": 4,
    "n_delay": 328,
    "avg_queue_size": 0.003703703703703704
}