{
    "conflicts": 0,
    "n_scheduler_delay": 371,
    "avg_reschedule_exec_time": 1.2665189250131672,
    "avg_active_aircrafts": 10.707407407407407,
    "makespan": 32370,
    "n_uncertainty_delay": 10,
    "n_delay": 381,
    "avg_queue_size": 0.000925925925925926
}