{
    "avg_reschedule_exec_time": 0.07362049465961469,
    "avg_queue_size": 0.0,
    "avg_n_scheduler_delay": 0.029166666666666667,
    "avg_n_uncertainty_delay": 0.010416666666666666,
    "conflicts": 0,
    "avg_n_delay": 0.03958333333333333,
    "makespan": 33120
}