{
    "conflicts": 61,
    "makespan": 76710,
    "delay_added": 5100,
    "avg_queue_size": 1.1375438596491227,
    "avg_reschedule_exec_time": 0.24478536971071932,
    "avg_n_delay": 1.0078740157480315,
    "avg_n_scheduler_delay": 0.6692913385826772,
    "avg_n_uncertainty_delay": 0.33858267716535434
}