{
    "conflicts": 15,
    "makespan": 75780,
    "avg_queue_size": 0.26070175438596493,
    "avg_reschedule_exec_time": 0.20201303857438108,
    "avg_n_delay": 0.7550200803212851,
    "avg_n_scheduler_delay": 0.6586345381526104,
    "avg_n_uncertainty_delay": 0.0963855421686747
}