{
    "n_uncertainty_delay": 7,
    "avg_queue_size": 0.004629629629629629,
    "conflicts": 0,
    "avg_reschedule_exec_time": 0.36120113550230515,
    "n_delay": 338,
    "makespan": 32370,
    "n_scheduler_delay": 331,
    "avg_active_aircrafts": 10.839814814814815
}