{
    "avg_reschedule_exec_time": 0.28655745373215785,
    "avg_active_aircrafts": 11.101851851851851,
    "avg_queue_size": 0.005555555555555556,
    "n_uncertainty_delay": 4,
    "n_delay": 370,
    "conflicts": 0,
    "makespan": 32370,
    "n_scheduler_delay": 366
}