{
    "makespan": 32370,
    "avg_queue_size": 0.000925925925925926,
    "avg_reschedule_exec_time": 0.44752694839654966,
    "n_uncertainty_delay": 9,
    "conflicts": 0,
    "n_scheduler_delay": 310,
    "n_delay": 319,
    "avg_active_aircrafts": 10.792592592592593
}