{
    "makespan": 32370,
    "avg_queue_size": 0.000925925925925926,
    "avg_reschedule_exec_time": 0.4631474361863247,
    "n_uncertainty_delay": 0,
    "conflicts": 0,
    "n_scheduler_delay": 288,
    "n_delay": 288,
    "avg_active_aircrafts": 11.016666666666667
}