{
    "avg_active_aircrafts": 10.497222222222222,
    "avg_queue_size": 0.001851851851851852,
    "n_scheduler_delay": 290,
    "n_delay": 290,
    "conflicts": 0,
    "makespan": 32370,
    "n_uncertainty_delay": 0,
    "avg_reschedule_exec_time": 0.23203753870587016
}