{
    "avg_queue_size": 0.001851851851851852,
    "n_uncertainty_delay": 5,
    "makespan": 32370,
    "n_scheduler_delay": 331,
    "avg_reschedule_exec_time": 0.17078479684494996,
    "conflicts": 0,
    "n_delay": 336,
    "avg_active_aircrafts": 10.530555555555555
}