{
    "n_uncertainty_delay": 0,
    "makespan": 32370,
    "n_delay": 327,
    "avg_queue_size": 0.003703703703703704,
    "avg_active_aircrafts": 10.962037037037037,
    "n_scheduler_delay": 327,
    "conflicts": 0,
    "avg_reschedule_exec_time": 0.3529303963801987
}