{
    "conflicts": 0,
    "n_scheduler_delay": 280,
    "avg_reschedule_exec_time": 0.5078205383023736,
    "avg_active_aircrafts": 10.805555555555555,
    "makespan": 32370,
    "n_uncertainty_delay": 6,
    "n_delay": 286,
    "avg_queue_size": 0.002777777777777778
}