{
    "conflicts": 0,
    "avg_n_delay": 0.015034965034965035,
    "avg_n_scheduler_delay": 0.012237762237762238,
    "avg_reschedule_exec_time": 0.23194569601139553,
    "makespan": 76710,
    "avg_queue_size": 0.03426573426573427,
    "avg_n_uncertainty_delay": 0.002797202797202797
}