{
    "avg_n_delay": 0.010793871866295265,
    "avg_n_scheduler_delay": 0.005919220055710306,
    "avg_queue_size": 0.0010445682451253482,
    "avg_n_uncertainty_delay": 0.004874651810584958,
    "conflicts": 0,
    "avg_reschedule_exec_time": 0.1208226993763247,
    "makespan": 76380
}