{
    "conflicts": 0,
    "n_scheduler_delay": 310,
    "avg_reschedule_exec_time": 0.38615811269965755,
    "avg_active_aircrafts": 10.744444444444444,
    "makespan": 32370,
    "n_uncertainty_delay": 6,
    "n_delay": 316,
    "avg_queue_size": 0.003703703703703704
}