{
    "avg_n_delay": 0.012874043145441893,
    "avg_n_scheduler_delay": 0.006958942240779402,
    "avg_queue_size": 0.0003479471120389701,
    "avg_n_uncertainty_delay": 0.005915100904662491,
    "conflicts": 0,
    "avg_reschedule_exec_time": 0.11238042629912308,
    "makespan": 76230
}