{
    "avg_reschedule_exec_time": 0.09699763494613775,
    "avg_n_delay": 0.015299026425591099,
    "avg_queue_size": 0.0,
    "conflicts": 0,
    "makespan": 76530,
    "avg_n_scheduler_delay": 0.006258692628650904,
    "avg_n_uncertainty_delay": 0.009040333796940195
}