{
    "conflicts": 0,
    "n_scheduler_delay": 376,
    "avg_reschedule_exec_time": 0.2904052915732361,
    "avg_active_aircrafts": 11.042592592592593,
    "makespan": 32370,
    "n_uncertainty_delay": 8,
    "n_delay": 384,
    "avg_queue_size": 0.006481481481481481
}