{
    "conflicts": 0,
    "makespan": 33510,
    "avg_n_delay": 0.05277777777777777,
    "avg_n_scheduler_delay": 0.03194444444444444,
    "avg_n_uncertainty_delay": 0.020833333333333332,
    "avg_queue_size": 0.004861111111111111,
    "avg_reschedule_exec_time": 0.0998311514309854
}