{
    "makespan": 32370,
    "avg_queue_size": 0.001851851851851852,
    "avg_reschedule_exec_time": 0.4792454863703528,
    "n_uncertainty_delay": 9,
    "conflicts": 0,
    "n_scheduler_delay": 320,
    "n_delay": 329,
    "avg_active_aircrafts": 10.673148148148147
}