{
    "n_scheduler_delay": 333,
    "makespan": 32370,
    "avg_reschedule_exec_time": 0.47527389969936634,
    "n_delay": 333,
    "n_uncertainty_delay": 0,
    "avg_queue_size": 0.000925925925925926,
    "conflicts": 0,
    "avg_active_aircrafts": 10.941666666666666
}