{
    "avg_n_delay": 0.04513888888888889,
    "avg_queue_size": 0.011805555555555555,
    "makespan": 33360,
    "avg_n_scheduler_delay": 0.03888888888888889,
    "avg_n_uncertainty_delay": 0.00625,
    "conflicts": 0,
    "avg_reschedule_exec_time": 0.08216883217156266
}