{
    "avg_n_delay": 0.017385257301808066,
    "avg_n_scheduler_delay": 0.009040333796940195,
    "avg_queue_size": 0.0,
    "avg_n_uncertainty_delay": 0.008344923504867872,
    "conflicts": 0,
    "avg_reschedule_exec_time": 0.1003750194082021,
    "makespan": 76410
}