{
    "makespan": 32370,
    "avg_queue_size": 0.000925925925925926,
    "avg_reschedule_exec_time": 0.5368103803590286,
    "n_uncertainty_delay": 7,
    "conflicts": 0,
    "n_scheduler_delay": 372,
    "n_delay": 379,
    "avg_active_aircrafts": 11.078703703703704
}