{
    "makespan": 32370,
    "avg_queue_size": 0.005555555555555556,
    "avg_reschedule_exec_time": 0.47214799703553667,
    "n_uncertainty_delay": 12,
    "conflicts": 0,
    "n_scheduler_delay": 304,
    "n_delay": 316,
    "avg_active_aircrafts": 10.896296296296295
}