{
    "avg_n_uncertainty_delay": 0.008344923504867872,
    "avg_reschedule_exec_time": 0.37498467612731423,
    "conflicts": 0,
    "avg_n_delay": 0.015994436717663423,
    "avg_queue_size": 0.0,
    "avg_n_scheduler_delay": 0.0076495132127955496,
    "makespan": 76200
}