{
    "avg_n_delay": 0.010452961672473868,
    "avg_n_scheduler_delay": 0.006968641114982578,
    "avg_queue_size": 0.008362369337979094,
    "avg_n_uncertainty_delay": 0.003484320557491289,
    "conflicts": 0,
    "avg_reschedule_exec_time": 0.1698163993218366,
    "makespan": 76350
}