{
    "n_uncertainty_delay": 10,
    "avg_queue_size": 0.006481481481481481,
    "conflicts": 0,
    "avg_reschedule_exec_time": 0.4835238035335097,
    "n_delay": 325,
    "makespan": 32370,
    "n_scheduler_delay": 315,
    "avg_active_aircrafts": 10.84074074074074
}