{
    "avg_reschedule_exec_time": 0.5228095886319183,
    "avg_active_aircrafts": 11.025925925925925,
    "avg_queue_size": 0.002777777777777778,
    "n_uncertainty_delay": 2,
    "n_delay": 358,
    "conflicts": 0,
    "makespan": 32370,
    "n_scheduler_delay": 356
}