{
    "makespan": 32370,
    "n_delay": 299,
    "conflicts": 0,
    "avg_reschedule_exec_time": 0.3597101225728882,
    "n_scheduler_delay": 294,
    "avg_active_aircrafts": 10.575,
    "avg_queue_size": 0.004629629629629629,
    "n_uncertainty_delay": 5
}