{
    "conflicts": 0,
    "n_scheduler_delay": 313,
    "avg_reschedule_exec_time": 0.3918969134858993,
    "avg_active_aircrafts": 11.073148148148148,
    "makespan": 32370,
    "n_uncertainty_delay": 9,
    "n_delay": 322,
    "avg_queue_size": 0.000925925925925926
}