{
    "avg_reschedule_exec_time": 0.10677264759467504,
    "avg_n_delay": 0.017385257301808066,
    "avg_queue_size": 0.0,
    "conflicts": 0,
    "makespan": 76440,
    "avg_n_scheduler_delay": 0.01286509040333797,
    "avg_n_uncertainty_delay": 0.004520166898470098
}