{
    "n_scheduler_delay": 341,
    "makespan": 32370,
    "avg_reschedule_exec_time": 0.4770949119745299,
    "n_delay": 351,
    "n_uncertainty_delay": 10,
    "avg_queue_size": 0.005555555555555556,
    "conflicts": 0,
    "avg_active_aircrafts": 10.993518518518519
}