{
    "n_delay": 346,
    "conflicts": 0,
    "n_scheduler_delay": 344,
    "avg_reschedule_exec_time": 0.2803455119909242,
    "avg_active_aircrafts": 11.953703703703704,
    "avg_queue_size": 0.07777777777777778,
    "n_uncertainty_delay": 2,
    "makespan": 32370
}