{
    "avg_n_delay": 0.011180992313067784,
    "avg_n_scheduler_delay": 0.007337526205450734,
    "avg_queue_size": 0.04786862334032145,
    "avg_n_uncertainty_delay": 0.003843466107617051,
    "conflicts": 0,
    "avg_reschedule_exec_time": 0.19326186180114746,
    "makespan": 77310
}