{
    "conflicts": 0,
    "n_scheduler_delay": 352,
    "avg_reschedule_exec_time": 0.5689187489408355,
    "avg_active_aircrafts": 11.05462962962963,
    "makespan": 32370,
    "n_uncertainty_delay": 8,
    "n_delay": 360,
    "avg_queue_size": 0.002777777777777778
}