{
    "conflicts": 0,
    "makespan": 33180,
    "avg_n_delay": 0.04027777777777777,
    "avg_n_scheduler_delay": 0.03125,
    "avg_n_uncertainty_delay": 0.009027777777777777,
    "avg_queue_size": 0.001388888888888889,
    "avg_reschedule_exec_time": 0.05128217673235285
}