{
    "avg_n_delay": 0.015320334261838441,
    "avg_n_scheduler_delay": 0.0100974930362117,
    "avg_queue_size": 0.001392757660167131,
    "avg_n_uncertainty_delay": 0.005222841225626741,
    "conflicts": 0,
    "avg_reschedule_exec_time": 0.12398588191197571,
    "makespan": 76680
}