{
    "makespan": 32370,
    "avg_queue_size": 0.001851851851851852,
    "avg_reschedule_exec_time": 0.5148878175158833,
    "n_uncertainty_delay": 0,
    "conflicts": 0,
    "n_scheduler_delay": 372,
    "n_delay": 372,
    "avg_active_aircrafts": 10.960185185185185
}