{
    "n_delay": 296,
    "avg_queue_size": 0.06111111111111111,
    "n_scheduler_delay": 292,
    "n_uncertainty_delay": 4,
    "makespan": 32370,
    "conflicts": 0,
    "avg_reschedule_exec_time": 0.4489938236946283,
    "avg_active_aircrafts": 11.705555555555556
}