{
    "conflicts": 0,
    "makespan": 76440,
    "avg_queue_size": 0.0,
    "avg_reschedule_exec_time": 0.3771846128373425,
    "avg_n_delay": 0.01321279554937413,
    "avg_n_scheduler_delay": 0.009735744089012517,
    "avg_n_uncertainty_delay": 0.0034770514603616135
}