{
    "avg_n_delay": 0.012517385257301809,
    "conflicts": 0,
    "makespan": 76440,
    "avg_n_uncertainty_delay": 0.002086230876216968,
    "avg_reschedule_exec_time": 0.37685679824903484,
    "avg_n_scheduler_delay": 0.01043115438108484,
    "avg_queue_size": 0.0006954102920723226
}