{
    "avg_n_delay": 0.013231197771587743,
    "avg_n_scheduler_delay": 0.005571030640668524,
    "avg_queue_size": 0.0,
    "avg_n_uncertainty_delay": 0.00766016713091922,
    "conflicts": 0,
    "avg_reschedule_exec_time": 0.11829071537742401,
    "makespan": 76650
}