{
    "n_delay": 385,
    "n_scheduler_delay": 380,
    "avg_active_aircrafts": 10.898148148148149,
    "n_uncertainty_delay": 5,
    "makespan": 32370,
    "avg_reschedule_exec_time": 0.5527065221653428,
    "avg_queue_size": 0.005555555555555556,
    "conflicts": 0
}