{
    "conflicts": 0,
    "makespan": 33450,
    "avg_n_delay": 0.04166666666666667,
    "avg_n_scheduler_delay": 0.025,
    "avg_n_uncertainty_delay": 0.016666666666666666,
    "avg_queue_size": 0.0020833333333333333,
    "avg_reschedule_exec_time": 0.09326635164138666
}