{
    "avg_n_delay": 0.026960784313725488,
    "avg_n_scheduler_delay": 0.024859943977591035,
    "avg_queue_size": 0.06582633053221289,
    "avg_n_uncertainty_delay": 0.0021008403361344537,
    "conflicts": 0,
    "avg_reschedule_exec_time": 0.32722774590596115,
    "makespan": 76770
}