{
    "makespan": 32370,
    "n_delay": 350,
    "conflicts": 0,
    "avg_reschedule_exec_time": 0.427553192893071,
    "n_scheduler_delay": 343,
    "avg_active_aircrafts": 10.55,
    "avg_queue_size": 0.005555555555555556,
    "n_uncertainty_delay": 7
}