{
    "conflicts": 0,
    "makespan": 33330,
    "avg_n_delay": 0.043055555555555555,
    "avg_n_scheduler_delay": 0.02638888888888889,
    "avg_n_uncertainty_delay": 0.016666666666666666,
    "avg_queue_size": 0.002777777777777778,
    "avg_reschedule_exec_time": 0.09386345536595932
}