{
    "n_scheduler_delay": 279,
    "n_uncertainty_delay": 7,
    "avg_active_aircrafts": 11.764814814814814,
    "n_delay": 286,
    "avg_reschedule_exec_time": 0.4349393689355185,
    "conflicts": 0,
    "makespan": 32370,
    "avg_queue_size": 0.08333333333333333
}