{
    "avg_reschedule_exec_time": 0.09950294567681953,
    "avg_n_delay": 0.01564673157162726,
    "avg_queue_size": 0.0,
    "conflicts": 0,
    "makespan": 76410,
    "avg_n_scheduler_delay": 0.008344923504867872,
    "avg_n_uncertainty_delay": 0.007301808066759388
}