{
    "n_scheduler_delay": 376,
    "makespan": 32370,
    "avg_reschedule_exec_time": 0.5189698995545853,
    "n_delay": 409,
    "n_uncertainty_delay": 33,
    "avg_queue_size": 0.000925925925925926,
    "conflicts": 0,
    "avg_active_aircrafts": 11.242592592592592
}