{
    "avg_reschedule_exec_time": 0.5095154562661814,
    "avg_queue_size": 0.003703703703703704,
    "conflicts": 0,
    "n_scheduler_delay": 359,
    "avg_active_aircrafts": 10.768518518518519,
    "n_delay": 365,
    "makespan": 32370,
    "n_uncertainty_delay": 6
}