{
    "makespan": 32370,
    "avg_queue_size": 0.002777777777777778,
    "avg_reschedule_exec_time": 0.46269720099693123,
    "n_uncertainty_delay": 4,
    "conflicts": 0,
    "n_scheduler_delay": 317,
    "n_delay": 321,
    "avg_active_aircrafts": 10.837962962962964
}