{
    "avg_active_aircrafts": 10.730555555555556,
    "avg_queue_size": 0.001851851851851852,
    "n_scheduler_delay": 285,
    "n_delay": 288,
    "conflicts": 0,
    "makespan": 32370,
    "n_uncertainty_delay": 3,
    "avg_reschedule_exec_time": 0.22797637762025344
}