{
    "makespan": 32370,
    "avg_queue_size": 0.004629629629629629,
    "avg_reschedule_exec_time": 0.5083129217458325,
    "n_uncertainty_delay": 0,
    "conflicts": 0,
    "n_scheduler_delay": 363,
    "n_delay": 363,
    "avg_active_aircrafts": 10.882407407407408
}