{
    "makespan": 32370,
    "avg_queue_size": 0.002777777777777778,
    "avg_reschedule_exec_time": 0.5302142487015835,
    "n_uncertainty_delay": 0,
    "conflicts": 0,
    "n_scheduler_delay": 356,
    "n_delay": 356,
    "avg_active_aircrafts": 10.992592592592592
}