{
    "conflicts": 29,
    "makespan": 76800,
    "avg_queue_size": 0.008362369337979094,
    "avg_reschedule_exec_time": 0.45385052526698394,
    "avg_n_delay": 0.0,
    "avg_n_scheduler_delay": 0.0,
    "avg_n_uncertainty_delay": 0.0
}