{
    "makespan": 76320,
    "avg_queue_size": 0.0,
    "conflicts": 0,
    "avg_reschedule_exec_time": 0.3545808123379219,
    "avg_n_delay": 0.005908932916232186,
    "avg_n_uncertainty_delay": 0.0010427528675703858,
    "avg_n_scheduler_delay": 0.004866180048661801
}