{
    "conflicts": 0,
    "n_scheduler_delay": 308,
    "avg_reschedule_exec_time": 0.5444863548491921,
    "avg_active_aircrafts": 10.782407407407407,
    "makespan": 32370,
    "n_uncertainty_delay": 10,
    "n_delay": 318,
    "avg_queue_size": 0.002777777777777778
}