{
    "conflicts": 135,
    "makespan": 76740,
    "delay_added": 5100,
    "avg_queue_size": 0.3908771929824556,
    "avg_reschedule_exec_time": 0.29557571258950743
}