{
    "avg_reschedule_exec_time": 0.28834508740624715,
    "avg_active_aircrafts": 11.014814814814814,
    "avg_queue_size": 0.002777777777777778,
    "n_uncertainty_delay": 6,
    "n_delay": 393,
    "conflicts": 0,
    "makespan": 32370,
    "n_scheduler_delay": 387
}