{
    "n_uncertainty_delay": 15,
    "avg_queue_size": 0.006481481481481481,
    "conflicts": 0,
    "avg_reschedule_exec_time": 0.5435315742049106,
    "n_delay": 379,
    "makespan": 32370,
    "n_scheduler_delay": 364,
    "avg_active_aircrafts": 10.89537037037037
}