{
    "makespan": 76620,
    "avg_reschedule_exec_time": 0.09920447952812052,
    "avg_queue_size": 0.0,
    "avg_n_uncertainty_delay": 0.0006951685783802572,
    "avg_n_scheduler_delay": 0.007994438651372959,
    "avg_n_delay": 0.008689607229753215,
    "conflicts": 0
}