{
    "conflicts": 0,
    "avg_n_delay": 0.013636363636363637,
    "avg_n_scheduler_delay": 0.009790209790209791,
    "avg_reschedule_exec_time": 0.2340967940612578,
    "makespan": 76650,
    "avg_queue_size": 0.021678321678321677,
    "avg_n_uncertainty_delay": 0.0038461538461538464
}