{
    "n_scheduler_delay": 313,
    "n_uncertainty_delay": 1,
    "avg_active_aircrafts": 11.561111111111112,
    "n_delay": 314,
    "avg_reschedule_exec_time": 0.44984287217605945,
    "conflicts": 0,
    "makespan": 32370,
    "avg_queue_size": 0.06666666666666667
}