{
    "avg_queue_size": 0.002777777777777778,
    "n_uncertainty_delay": 13,
    "makespan": 32370,
    "n_scheduler_delay": 314,
    "avg_reschedule_exec_time": 0.1763208563281301,
    "conflicts": 0,
    "n_delay": 327,
    "avg_active_aircrafts": 10.66388888888889
}