{
    "n_uncertainty_delay": 0,
    "makespan": 32370,
    "n_delay": 343,
    "avg_queue_size": 0.001851851851851852,
    "avg_active_aircrafts": 10.930555555555555,
    "n_scheduler_delay": 343,
    "conflicts": 0,
    "avg_reschedule_exec_time": 0.35568122544992603
}