{
    "n_delay": 358,
    "n_scheduler_delay": 347,
    "avg_active_aircrafts": 11.280555555555555,
    "n_uncertainty_delay": 11,
    "makespan": 32370,
    "avg_reschedule_exec_time": 0.26966146757436354,
    "avg_queue_size": 0.001851851851851852,
    "conflicts": 0
}