{
    "makespan": 76590,
    "avg_queue_size": 0.0,
    "conflicts": 0,
    "avg_reschedule_exec_time": 0.6005495868794356,
    "avg_n_delay": 0.00798888502952414,
    "avg_n_uncertainty_delay": 0.0003473428273706148,
    "avg_n_scheduler_delay": 0.007641542202153525
}