{
    "n_delay": 304,
    "avg_queue_size": 0.06481481481481481,
    "n_scheduler_delay": 304,
    "n_uncertainty_delay": 0,
    "makespan": 32370,
    "conflicts": 0,
    "avg_reschedule_exec_time": 0.45847960516463876,
    "avg_active_aircrafts": 11.450925925925926
}