{
    "avg_reschedule_exec_time": 0.6404318243958229,
    "avg_active_aircrafts": 11.212037037037037,
    "avg_queue_size": 0.006481481481481481,
    "n_uncertainty_delay": 0,
    "n_delay": 454,
    "conflicts": 0,
    "makespan": 32370,
    "n_scheduler_delay": 454
}