{
    "avg_active_aircrafts": 10.936111111111112,
    "avg_queue_size": 0.003703703703703704,
    "n_scheduler_delay": 297,
    "n_delay": 324,
    "conflicts": 0,
    "makespan": 32370,
    "n_uncertainty_delay": 27,
    "avg_reschedule_exec_time": 0.24373108841652094
}