{
    "n_delay": 329,
    "n_scheduler_delay": 323,
    "avg_active_aircrafts": 10.750925925925927,
    "n_uncertainty_delay": 6,
    "makespan": 32370,
    "avg_reschedule_exec_time": 0.4579397767089134,
    "avg_queue_size": 0.001851851851851852,
    "conflicts": 0
}