{
    "n_delay": 314,
    "n_scheduler_delay": 304,
    "avg_active_aircrafts": 10.952777777777778,
    "n_uncertainty_delay": 10,
    "makespan": 32370,
    "avg_reschedule_exec_time": 0.4610951856125233,
    "avg_queue_size": 0.005555555555555556,
    "conflicts": 0
}