{
    "conflicts": 0,
    "avg_n_delay": 0.013986013986013986,
    "avg_n_scheduler_delay": 0.01048951048951049,
    "avg_reschedule_exec_time": 0.21979848935570515,
    "makespan": 76440,
    "avg_queue_size": 0.025874125874125874,
    "avg_n_uncertainty_delay": 0.0034965034965034965
}