{
    "conflicts": 0,
    "makespan": 33390,
    "avg_n_delay": 0.04583333333333333,
    "avg_n_scheduler_delay": 0.035416666666666666,
    "avg_n_uncertainty_delay": 0.010416666666666666,
    "avg_queue_size": 0.001388888888888889,
    "avg_reschedule_exec_time": 0.09524741279049505
}