{
    "n_delay": 419,
    "n_scheduler_delay": 416,
    "avg_active_aircrafts": 11.13888888888889,
    "n_uncertainty_delay": 3,
    "makespan": 32370,
    "avg_reschedule_exec_time": 0.5700475271358046,
    "avg_queue_size": 0.004629629629629629,
    "conflicts": 0
}