{
    "makespan": 32370,
    "avg_queue_size": 0.009259259259259259,
    "avg_reschedule_exec_time": 0.6445817514907483,
    "n_uncertainty_delay": 3,
    "conflicts": 0,
    "n_scheduler_delay": 445,
    "n_delay": 448,
    "avg_active_aircrafts": 11.565740740740742
}