{
    "conflicts": 0,
    "n_scheduler_delay": 310,
    "avg_reschedule_exec_time": 0.5274695590887656,
    "avg_active_aircrafts": 10.73611111111111,
    "makespan": 32370,
    "n_uncertainty_delay": 4,
    "n_delay": 314,
    "avg_queue_size": 0.000925925925925926
}