{
    "makespan": 76350,
    "avg_reschedule_exec_time": 0.11850192488693609,
    "avg_queue_size": 0.0,
    "avg_n_uncertainty_delay": 0.0006951685783802572,
    "avg_n_scheduler_delay": 0.006951685783802572,
    "avg_n_delay": 0.0076468543621828295,
    "conflicts": 0
}