{
    "avg_n_uncertainty_delay": 0.0010427528675703858,
    "makespan": 76380,
    "avg_n_delay": 0.006256517205422314,
    "avg_reschedule_exec_time": 0.3852691592239752,
    "conflicts": 0,
    "avg_queue_size": 0.0,
    "avg_n_scheduler_delay": 0.005213764337851929
}