{
    "conflicts": 0,
    "avg_n_delay": 0.01888111888111888,
    "avg_n_scheduler_delay": 0.012237762237762238,
    "avg_reschedule_exec_time": 0.25421210745690576,
    "makespan": 76830,
    "avg_queue_size": 0.04055944055944056,
    "avg_n_uncertainty_delay": 0.006643356643356644
}