{
    "conflicts": 0,
    "avg_n_delay": 0.011188811188811189,
    "avg_n_scheduler_delay": 0.011188811188811189,
    "avg_reschedule_exec_time": 0.23819423561364833,
    "makespan": 76710,
    "avg_queue_size": 0.02097902097902098,
    "avg_n_uncertainty_delay": 0.0
}