{
    "n_delay": 368,
    "n_scheduler_delay": 361,
    "avg_active_aircrafts": 10.73611111111111,
    "n_uncertainty_delay": 7,
    "makespan": 32370,
    "avg_reschedule_exec_time": 0.4815857598947924,
    "avg_queue_size": 0.000925925925925926,
    "conflicts": 0
}