{
    "avg_reschedule_exec_time": 0.577756973754528,
    "avg_queue_size": 0.001851851851851852,
    "conflicts": 0,
    "n_scheduler_delay": 386,
    "avg_active_aircrafts": 11.25462962962963,
    "n_delay": 411,
    "makespan": 32370,
    "n_uncertainty_delay": 25
}