{
    "conflicts": 195,
    "makespan": 77550,
    "avg_queue_size": 0.2024561403508772,
    "avg_reschedule_exec_time": 1.2272038427559104,
    "avg_n_delay": 0.5622489959839357,
    "avg_n_scheduler_delay": 0.3855421686746988,
    "avg_n_uncertainty_delay": 0.17670682730923695
}