time,rs_exec_time
00:00:00,
00:19:00,0.4032130241394043
00:38:00,0.9344069957733154
00:57:00,10.849113702774048
01:16:00,0.9044070243835449
01:35:00,0.976768970489502
01:54:00,1.4832372665405273
02:13:00,1.39015793800354
02:32:00,0.34910106658935547
02:51:00,0.4407308101654053
03:10:00,0.7394731044769287
03:29:00,1.4425725936889648
03:48:00,1.1285898685455322
04:07:00,5.670583248138428
04:26:00,2.907320737838745
04:45:00,1.1998100280761719
05:04:00,1.1277539730072021
05:23:00,1.1484570503234863
05:42:00,1.1305921077728271
06:01:00,0.4478471279144287
06:20:00,0.4298999309539795
06:39:00,164.09305095672607
06:58:00,1.3741400241851807
07:17:00,0.4641728401184082
07:36:00,2.3202428817749023
07:55:00,2.3299448490142822
08:14:00,0.8213400840759277
08:33:00,10.443776845932007
08:52:00,2.4007859230041504
09:11:00,2.1307311058044434
09:30:00,1.4663469791412354
09:49:00,0.6110641956329346
10:08:00,1.6189889907836914
10:27:00,0.5211310386657715
10:46:00,0.4768378734588623
11:05:00,3.0492300987243652
11:24:00,2.233319044113159
11:43:00,2.653989315032959
12:02:00,0.9059150218963623
12:21:00,1.4327149391174316
12:40:00,1.3930456638336182
12:59:00,1.3684322834014893
13:18:00,0.9507918357849121
13:37:00,0.8603560924530029
13:56:00,0.5155460834503174
14:15:00,1174.9183270931244
14:34:00,0.9292421340942383
14:53:00,1.7083029747009277
15:12:00,1.1158921718597412
15:31:00,1.6979198455810547
15:50:00,10.841005086898804
16:09:00,0.6432278156280518
16:28:00,0.6174769401550293
16:47:00,1.7592511177062988
17:06:00,1.7254161834716797
17:25:00,2.269771099090576
17:44:00,0.4806191921234131
18:03:00,0.9560959339141846
18:22:00,0.56886887550354
18:41:00,2.4053099155426025
19:00:00,0.6121160984039307
19:19:00,1.533879041671753
19:38:00,2.7115631103515625
19:57:00,1.609166145324707
20:16:00,1.6625118255615234
20:35:00,1.1172831058502197
20:54:00,1.5273380279541016
21:13:00,555.0233080387115
21:32:00,0.6158289909362793
21:51:00,0.5049359798431396
22:10:00,0.4899928569793701
22:29:00,0.48386287689208984
22:48:00,0.47072672843933105
23:07:00,0.4739079475402832
23:26:00,0.4767322540283203
