{
    "conflicts": 0,
    "n_scheduler_delay": 337,
    "avg_reschedule_exec_time": 0.37732244512848695,
    "avg_active_aircrafts": 10.85,
    "makespan": 32370,
    "n_uncertainty_delay": 2,
    "n_delay": 339,
    "avg_queue_size": 0.004629629629629629
}