{
    "avg_n_delay": 0.01602787456445993,
    "avg_n_scheduler_delay": 0.010104529616724738,
    "avg_queue_size": 0.0062717770034843206,
    "avg_n_uncertainty_delay": 0.005923344947735192,
    "conflicts": 0,
    "avg_reschedule_exec_time": 0.1502812017094005,
    "makespan": 76380
}