{
    "avg_n_delay": 0.01188811188811189,
    "avg_n_scheduler_delay": 0.00944055944055944,
    "avg_queue_size": 0.07657342657342657,
    "avg_n_uncertainty_delay": 0.0024475524475524478,
    "conflicts": 0,
    "avg_reschedule_exec_time": 0.22404201265791773,
    "makespan": 76980
}