{
    "avg_reschedule_exec_time": 0.07290231096322045,
    "avg_queue_size": 0.0,
    "avg_n_scheduler_delay": 0.02638888888888889,
    "avg_n_uncertainty_delay": 0.005555555555555556,
    "conflicts": 0,
    "avg_n_delay": 0.03194444444444444,
    "makespan": 33180
}