{
    "n_delay": 340,
    "avg_queue_size": 0.05277777777777778,
    "n_scheduler_delay": 337,
    "n_uncertainty_delay": 3,
    "makespan": 32370,
    "conflicts": 0,
    "avg_reschedule_exec_time": 0.5151893527008766,
    "avg_active_aircrafts": 11.98611111111111
}