{
    "n_scheduler_delay": 333,
    "makespan": 32370,
    "avg_reschedule_exec_time": 0.47651352106138717,
    "n_delay": 333,
    "n_uncertainty_delay": 0,
    "avg_queue_size": 0.001851851851851852,
    "conflicts": 0,
    "avg_active_aircrafts": 11.237962962962962
}