{
    "conflicts": 0,
    "avg_n_delay": 0.008741258741258742,
    "avg_n_scheduler_delay": 0.008741258741258742,
    "avg_reschedule_exec_time": 0.23691707765552358,
    "makespan": 76680,
    "avg_queue_size": 0.06573426573426573,
    "avg_n_uncertainty_delay": 0.0
}