{
    "n_scheduler_delay": 319,
    "makespan": 32370,
    "avg_reschedule_exec_time": 0.45665164770081984,
    "n_delay": 333,
    "n_uncertainty_delay": 14,
    "avg_queue_size": 0.003703703703703704,
    "conflicts": 0,
    "avg_active_aircrafts": 10.708333333333334
}