{
    "n_uncertainty_delay": 0,
    "avg_queue_size": 0.011111111111111112,
    "conflicts": 0,
    "avg_reschedule_exec_time": 0.5393612163011418,
    "n_delay": 336,
    "makespan": 32370,
    "n_scheduler_delay": 336,
    "avg_active_aircrafts": 11.010185185185184
}