{
    "n_delay": 339,
    "avg_queue_size": 0.05462962962962963,
    "n_scheduler_delay": 339,
    "n_uncertainty_delay": 0,
    "makespan": 32370,
    "conflicts": 0,
    "avg_reschedule_exec_time": 0.5231258004210716,
    "avg_active_aircrafts": 11.752777777777778
}