{
    "avg_reschedule_exec_time": 0.10278302514121393,
    "avg_n_delay": 0.011126564673157162,
    "avg_queue_size": 0.0,
    "conflicts": 0,
    "makespan": 76320,
    "avg_n_scheduler_delay": 0.008692628650904033,
    "avg_n_uncertainty_delay": 0.0024339360222531293
}