{
    "conflicts": 0,
    "n_scheduler_delay": 292,
    "avg_reschedule_exec_time": 1.3224624677708274,
    "avg_active_aircrafts": 11.026901669758812,
    "makespan": 32310,
    "n_uncertainty_delay": 7,
    "n_delay": 299,
    "avg_queue_size": 0.0037105751391465678
}