{
    "n_scheduler_delay": 312,
    "n_uncertainty_delay": 31,
    "makespan": 32370,
    "conflicts": 0,
    "avg_queue_size": 0.003703703703703704,
    "avg_reschedule_exec_time": 0.4603282307469568,
    "n_delay": 343,
    "avg_active_aircrafts": 10.732407407407408
}