{
    "avg_reschedule_exec_time": 0.5080592443776685,
    "avg_queue_size": 0.001851851851851852,
    "conflicts": 0,
    "n_scheduler_delay": 333,
    "avg_active_aircrafts": 10.757407407407408,
    "n_delay": 357,
    "makespan": 32370,
    "n_uncertainty_delay": 24
}