{
    "avg_n_delay": 0.011134307585247041,
    "avg_n_scheduler_delay": 0.009046624913013222,
    "avg_queue_size": 0.0,
    "avg_n_uncertainty_delay": 0.0020876826722338203,
    "conflicts": 0,
    "avg_reschedule_exec_time": 0.11255393467188879,
    "makespan": 76470
}