{
    "n_delay": 289,
    "avg_queue_size": 0.05277777777777778,
    "n_scheduler_delay": 288,
    "n_uncertainty_delay": 1,
    "makespan": 32370,
    "conflicts": 0,
    "avg_reschedule_exec_time": 0.42289834133414334,
    "avg_active_aircrafts": 11.467592592592593
}