{
    "conflicts": 14,
    "makespan": 77520,
    "avg_queue_size": 1.1431578947368422,
    "avg_reschedule_exec_time": 0.2435840165361445,
    "avg_n_delay": 0.71484375,
    "avg_n_scheduler_delay": 0.6640625,
    "avg_n_uncertainty_delay": 0.05078125
}