{
    "avg_n_delay": 0.026260504201680673,
    "avg_n_scheduler_delay": 0.02030812324929972,
    "avg_queue_size": 0.15056022408963585,
    "avg_n_uncertainty_delay": 0.005952380952380952,
    "conflicts": 0,
    "avg_reschedule_exec_time": 0.3184950068445489,
    "makespan": 76500
}