{
    "makespan": 32370,
    "avg_queue_size": 0.004629629629629629,
    "avg_reschedule_exec_time": 0.4249136481174203,
    "n_uncertainty_delay": 17,
    "conflicts": 0,
    "n_scheduler_delay": 269,
    "n_delay": 286,
    "avg_active_aircrafts": 10.45
}