{
    "makespan": 76260,
    "avg_reschedule_exec_time": 0.38152861561947876,
    "avg_n_delay": 0.010778859527121001,
    "avg_queue_size": 0.0,
    "avg_n_uncertainty_delay": 0.0017385257301808068,
    "avg_n_scheduler_delay": 0.009040333796940195,
    "conflicts": 0
}