{
    "n_scheduler_delay": 299,
    "makespan": 32370,
    "avg_reschedule_exec_time": 0.44347000232962674,
    "n_delay": 343,
    "n_uncertainty_delay": 44,
    "avg_queue_size": 0.002777777777777778,
    "conflicts": 0,
    "avg_active_aircrafts": 10.762962962962963
}