time,rs_exec_time
00:00:00,
00:16:00,0.30116724967956543
00:32:00,0.9728000164031982
00:48:00,2.8568551540374756
01:04:00,0.9195799827575684
01:20:00,1.9769299030303955
01:36:00,1.3046019077301025
01:52:00,1.9411828517913818
02:08:00,1.3837192058563232
02:24:00,1.747081995010376
02:40:00,0.6804819107055664
02:56:00,0.697091817855835
03:12:00,0.9925038814544678
03:28:00,1.0254862308502197
03:44:00,1.4345440864562988
04:00:00,0.7097678184509277
04:16:00,1.933039903640747
04:32:00,1.803609848022461
04:48:00,0.35081005096435547
05:04:00,0.8444929122924805
05:20:00,1.8884117603302002
05:36:00,1.0566508769989014
05:52:00,0.4439270496368408
06:08:00,0.7255458831787109
06:24:00,0.4584951400756836
06:40:00,1.7862522602081299
06:56:00,0.7607967853546143
07:12:00,0.44176292419433594
07:28:00,1.1095068454742432
07:44:00,0.8801758289337158
08:00:00,1.1304640769958496
08:16:00,0.35979700088500977
08:32:00,0.4770040512084961
08:48:00,0.7961580753326416
09:04:00,0.3760650157928467
09:20:00,0.4655900001525879
09:36:00,0.4372098445892334
09:52:00,0.7985057830810547
10:08:00,0.45416784286499023
10:24:00,0.4462277889251709
10:40:00,0.8283350467681885
10:56:00,2.4270541667938232
11:12:00,0.8693962097167969
11:28:00,0.49999570846557617
11:44:00,4.127269983291626
12:00:00,0.8824560642242432
12:16:00,0.48327112197875977
12:32:00,0.4770009517669678
12:48:00,0.41813087463378906
13:04:00,1.400998830795288
13:20:00,2.1558079719543457
13:36:00,2.407963752746582
13:52:00,0.48665285110473633
14:08:00,0.49193477630615234
14:24:00,0.47632813453674316
14:40:00,1.2520132064819336
14:56:00,2.271376848220825
15:12:00,2.164681911468506
15:28:00,1.2658779621124268
15:44:00,0.5026638507843018
16:00:00,0.8791689872741699
16:16:00,1.2565009593963623
16:32:00,2.187185049057007
16:48:00,1.6755809783935547
17:04:00,1.7548489570617676
17:20:00,0.42278504371643066
17:36:00,1.940788984298706
17:52:00,3.493947744369507
18:08:00,1.8038251399993896
18:24:00,1.3273470401763916
18:40:00,0.5483407974243164
18:56:00,1.4194691181182861
19:12:00,1.8545379638671875
19:28:00,0.5589210987091064
19:44:00,0.5208358764648438
20:00:00,0.5377018451690674
20:16:00,1.3864638805389404
20:32:00,1.855698823928833
20:48:00,1.3996751308441162
21:04:00,1.8927257061004639
21:20:00,0.5513920783996582
21:36:00,0.4701802730560303
21:52:00,0.35480308532714844
22:08:00,0.44780683517456055
22:24:00,0.4151160717010498
22:40:00,0.43683314323425293
22:56:00,0.4312310218811035
23:12:00,0.4355340003967285
23:28:00,0.43746399879455566
