{
    "avg_n_delay": 0.022727272727272728,
    "avg_n_scheduler_delay": 0.01993006993006993,
    "avg_queue_size": 0.07377622377622378,
    "avg_n_uncertainty_delay": 0.002797202797202797,
    "conflicts": 0,
    "avg_reschedule_exec_time": 0.26443240839406984,
    "makespan": 77490
}