{
    "avg_n_delay": 0.006606397774687065,
    "conflicts": 0,
    "makespan": 76140,
    "avg_n_uncertainty_delay": 0.0003477051460361613,
    "avg_reschedule_exec_time": 0.3654484081401134,
    "avg_n_scheduler_delay": 0.006258692628650904,
    "avg_queue_size": 0.0
}