{
    "n_scheduler_delay": 324,
    "makespan": 32370,
    "avg_reschedule_exec_time": 0.4586702879085097,
    "n_delay": 324,
    "n_uncertainty_delay": 0,
    "avg_queue_size": 0.002777777777777778,
    "conflicts": 0,
    "avg_active_aircrafts": 10.867592592592592
}