{
    "conflicts": 0,
    "makespan": 33420,
    "avg_n_delay": 0.043055555555555555,
    "avg_n_scheduler_delay": 0.03194444444444444,
    "avg_n_uncertainty_delay": 0.011111111111111112,
    "avg_queue_size": 0.001388888888888889,
    "avg_reschedule_exec_time": 0.05443527837981753
}