{
    "n_scheduler_delay": 393,
    "n_uncertainty_delay": 44,
    "makespan": 32370,
    "conflicts": 0,
    "avg_queue_size": 0.003703703703703704,
    "avg_reschedule_exec_time": 0.5167731185292088,
    "n_delay": 437,
    "avg_active_aircrafts": 10.949074074074074
}