{
    "avg_reschedule_exec_time": 0.5772678330887195,
    "avg_active_aircrafts": 11.062037037037037,
    "avg_queue_size": 0.006481481481481481,
    "n_uncertainty_delay": 1,
    "n_delay": 387,
    "conflicts": 0,
    "makespan": 32370,
    "n_scheduler_delay": 386
}