{
    "n_scheduler_delay": 335,
    "n_uncertainty_delay": 5,
    "makespan": 32370,
    "conflicts": 0,
    "avg_queue_size": 0.001851851851851852,
    "avg_reschedule_exec_time": 0.2880384389744248,
    "n_delay": 340,
    "avg_active_aircrafts": 10.925925925925926
}