{
    "avg_reschedule_exec_time": 0.5017465702323026,
    "avg_queue_size": 0.003703703703703704,
    "conflicts": 0,
    "n_scheduler_delay": 303,
    "avg_active_aircrafts": 10.747222222222222,
    "n_delay": 306,
    "makespan": 32370,
    "n_uncertainty_delay": 3
}