{
    "conflicts": 0,
    "avg_n_delay": 0.011188811188811189,
    "avg_n_scheduler_delay": 0.011188811188811189,
    "avg_reschedule_exec_time": 0.23325447297432053,
    "makespan": 76770,
    "avg_queue_size": 0.032167832167832165,
    "avg_n_uncertainty_delay": 0.0
}