{
    "avg_n_delay": 0.011888111888111888,
    "avg_n_scheduler_delay": 0.01013986013986014,
    "avg_queue_size": 0.03146853146853147,
    "avg_n_uncertainty_delay": 0.0017482517482517483,
    "conflicts": 0,
    "avg_reschedule_exec_time": 0.21707746848254136,
    "makespan": 76770
}