{
    "avg_n_scheduler_delay": 0.009040333796940195,
    "avg_queue_size": 0.0,
    "avg_n_delay": 0.01773296244784423,
    "avg_reschedule_exec_time": 0.5989591138940668,
    "conflicts": 0,
    "avg_n_uncertainty_delay": 0.008692628650904033,
    "makespan": 76470
}