{
    "conflicts": 0,
    "makespan": 33180,
    "avg_n_delay": 0.04513888888888889,
    "avg_n_scheduler_delay": 0.029861111111111113,
    "avg_n_uncertainty_delay": 0.015277777777777777,
    "avg_queue_size": 0.004861111111111111,
    "avg_reschedule_exec_time": 0.0975788350224827
}