{
    "conflicts": 0,
    "avg_n_delay": 0.015384615384615385,
    "avg_n_scheduler_delay": 0.006293706293706294,
    "avg_reschedule_exec_time": 0.22949839645708112,
    "makespan": 76770,
    "avg_queue_size": 0.043356643356643354,
    "avg_n_uncertainty_delay": 0.00909090909090909
}