{
    "avg_active_aircrafts": 11.15,
    "avg_queue_size": 0.008333333333333333,
    "n_scheduler_delay": 346,
    "n_delay": 376,
    "conflicts": 0,
    "makespan": 32370,
    "n_uncertainty_delay": 30,
    "avg_reschedule_exec_time": 0.2661307445792265
}