{
    "n_scheduler_delay": 335,
    "makespan": 32370,
    "avg_reschedule_exec_time": 0.4542825299640035,
    "n_delay": 359,
    "n_uncertainty_delay": 24,
    "avg_queue_size": 0.003703703703703704,
    "conflicts": 0,
    "avg_active_aircrafts": 10.573148148148148
}