{
    "n_uncertainty_delay": 4,
    "avg_queue_size": 0.002777777777777778,
    "conflicts": 0,
    "avg_reschedule_exec_time": 0.5047120948170507,
    "n_delay": 334,
    "makespan": 32370,
    "n_scheduler_delay": 330,
    "avg_active_aircrafts": 10.775925925925925
}