{
    "avg_reschedule_exec_time": 0.4605041692423266,
    "avg_active_aircrafts": 10.824074074074074,
    "avg_queue_size": 0.001851851851851852,
    "n_uncertainty_delay": 2,
    "n_delay": 321,
    "conflicts": 0,
    "makespan": 32370,
    "n_scheduler_delay": 319
}