{
    "conflicts": 0,
    "makespan": 33240,
    "avg_n_delay": 0.03333333333333333,
    "avg_n_scheduler_delay": 0.01875,
    "avg_n_uncertainty_delay": 0.014583333333333334,
    "avg_queue_size": 0.001388888888888889,
    "avg_reschedule_exec_time": 0.09172928897783285
}