{
    "n_scheduler_delay": 328,
    "n_uncertainty_delay": 2,
    "avg_active_aircrafts": 11.972222222222221,
    "n_delay": 330,
    "avg_reschedule_exec_time": 0.48201591025951296,
    "conflicts": 0,
    "makespan": 32370,
    "avg_queue_size": 0.06481481481481481
}