{
    "n_scheduler_delay": 372,
    "n_uncertainty_delay": 4,
    "avg_active_aircrafts": 11.921296296296296,
    "n_delay": 376,
    "avg_reschedule_exec_time": 0.49717688893162926,
    "conflicts": 0,
    "makespan": 32370,
    "avg_queue_size": 0.05277777777777778
}