{
    "avg_n_scheduler_delay": 0.010083449235048678,
    "avg_queue_size": 0.0,
    "avg_n_delay": 0.02121001390820584,
    "avg_reschedule_exec_time": 0.5999240513299501,
    "conflicts": 0,
    "avg_n_uncertainty_delay": 0.011126564673157162,
    "makespan": 76200
}