{
    "n_scheduler_delay": 387,
    "makespan": 32370,
    "avg_reschedule_exec_time": 0.5410295608431794,
    "n_delay": 397,
    "n_uncertainty_delay": 10,
    "avg_queue_size": 0.003703703703703704,
    "conflicts": 0,
    "avg_active_aircrafts": 11.094444444444445
}