{
    "avg_n_delay": 0.023776223776223775,
    "avg_n_scheduler_delay": 0.01853146853146853,
    "avg_queue_size": 0.03566433566433566,
    "avg_n_uncertainty_delay": 0.005244755244755245,
    "conflicts": 0,
    "avg_reschedule_exec_time": 0.280729750330134,
    "makespan": 77010
}