{
    "makespan": 32370,
    "avg_queue_size": 0.011111111111111112,
    "avg_reschedule_exec_time": 0.5435700139334035,
    "n_uncertainty_delay": 3,
    "conflicts": 0,
    "n_scheduler_delay": 362,
    "n_delay": 365,
    "avg_active_aircrafts": 11.089814814814815
}