{
    "avg_n_uncertainty_delay": 0.001391304347826087,
    "makespan": 76710,
    "avg_n_delay": 0.01391304347826087,
    "avg_reschedule_exec_time": 0.39266389463005996,
    "conflicts": 0,
    "avg_queue_size": 0.0,
    "avg_n_scheduler_delay": 0.012521739130434783
}