{
    "makespan": 76770,
    "avg_reschedule_exec_time": 0.10937190429674208,
    "avg_queue_size": 0.0,
    "avg_n_uncertainty_delay": 0.00034782608695652176,
    "avg_n_scheduler_delay": 0.009043478260869564,
    "avg_n_delay": 0.009391304347826087,
    "conflicts": 0
}