{
    "avg_reschedule_exec_time": 0.09988398505452616,
    "avg_n_delay": 0.006954102920723227,
    "avg_queue_size": 0.0,
    "conflicts": 0,
    "makespan": 76590,
    "avg_n_scheduler_delay": 0.005910987482614743,
    "avg_n_uncertainty_delay": 0.001043115438108484
}