{
    "conflicts": 0,
    "avg_n_delay": 0.015384615384615385,
    "avg_n_scheduler_delay": 0.009790209790209791,
    "avg_reschedule_exec_time": 0.2305493841708546,
    "makespan": 76440,
    "avg_queue_size": 0.08286713286713286,
    "avg_n_uncertainty_delay": 0.005594405594405594
}