{
    "avg_n_delay": 0.04027777777777777,
    "avg_queue_size": 0.0,
    "makespan": 33300,
    "avg_n_scheduler_delay": 0.03333333333333333,
    "avg_n_uncertainty_delay": 0.006944444444444444,
    "conflicts": 0,
    "avg_reschedule_exec_time": 0.09885384511814808
}