{
    "n_uncertainty_delay": 0,
    "makespan": 32370,
    "n_delay": 404,
    "avg_queue_size": 0.006481481481481481,
    "avg_active_aircrafts": 11.099074074074075,
    "n_scheduler_delay": 404,
    "conflicts": 0,
    "avg_reschedule_exec_time": 0.5922566702199537
}