{
    "avg_queue_size": 0.006481481481481481,
    "n_uncertainty_delay": 6,
    "makespan": 32370,
    "n_scheduler_delay": 374,
    "avg_reschedule_exec_time": 0.2820970158244288,
    "conflicts": 0,
    "n_delay": 380,
    "avg_active_aircrafts": 10.625
}