{
    "makespan": 32370,
    "avg_queue_size": 0.002777777777777778,
    "avg_reschedule_exec_time": 0.41901913132778434,
    "n_uncertainty_delay": 0,
    "conflicts": 0,
    "n_scheduler_delay": 267,
    "n_delay": 267,
    "avg_active_aircrafts": 10.646296296296295
}