{
    "avg_queue_size": 0.007407407407407408,
    "n_uncertainty_delay": 4,
    "makespan": 32370,
    "n_scheduler_delay": 379,
    "avg_reschedule_exec_time": 0.12127843424608797,
    "conflicts": 0,
    "n_delay": 383,
    "avg_active_aircrafts": 11.041666666666666
}