{
    "n_uncertainty_delay": 0,
    "makespan": 32370,
    "n_delay": 348,
    "avg_queue_size": 0.002777777777777778,
    "avg_active_aircrafts": 11.207407407407407,
    "n_scheduler_delay": 348,
    "conflicts": 0,
    "avg_reschedule_exec_time": 0.5193384370138479
}