{
    "avg_n_delay": 0.012587412587412588,
    "avg_n_scheduler_delay": 0.008741258741258742,
    "avg_queue_size": 0.03776223776223776,
    "avg_n_uncertainty_delay": 0.0038461538461538464,
    "conflicts": 0,
    "avg_reschedule_exec_time": 0.20971483244022854,
    "makespan": 76650
}