{
    "conflicts": 0,
    "makespan": 33270,
    "avg_n_delay": 0.03958333333333333,
    "avg_n_scheduler_delay": 0.035416666666666666,
    "avg_n_uncertainty_delay": 0.004166666666666667,
    "avg_queue_size": 0.002777777777777778,
    "avg_reschedule_exec_time": 0.05516478278178691
}