{
    "makespan": 76650,
    "avg_reschedule_exec_time": 0.36821665637672446,
    "avg_n_delay": 0.007649513212795549,
    "avg_queue_size": 0.0,
    "avg_n_uncertainty_delay": 0.0013908205841446453,
    "avg_n_scheduler_delay": 0.006258692628650904,
    "conflicts": 0
}