{
    "avg_n_delay": 0.009388038942976356,
    "conflicts": 0,
    "makespan": 76800,
    "avg_n_uncertainty_delay": 0.0024339360222531293,
    "avg_reschedule_exec_time": 0.35871709754540065,
    "avg_n_scheduler_delay": 0.006954102920723227,
    "avg_queue_size": 0.0
}