{
    "conflicts": 0,
    "n_scheduler_delay": 361,
    "avg_reschedule_exec_time": 1.0262529226107018,
    "avg_active_aircrafts": 10.969444444444445,
    "makespan": 32370,
    "n_uncertainty_delay": 7,
    "n_delay": 368,
    "avg_queue_size": 0.008333333333333333
}