{
    "makespan": 32370,
    "n_delay": 352,
    "conflicts": 0,
    "avg_reschedule_exec_time": 0.5189111611553442,
    "n_scheduler_delay": 345,
    "avg_active_aircrafts": 10.597222222222221,
    "avg_queue_size": 0.001851851851851852,
    "n_uncertainty_delay": 7
}