{
    "conflicts": 0,
    "n_scheduler_delay": 424,
    "avg_reschedule_exec_time": 1.4209351244937167,
    "avg_active_aircrafts": 11.299074074074074,
    "makespan": 32370,
    "n_uncertainty_delay": 6,
    "n_delay": 430,
    "avg_queue_size": 0.004629629629629629
}