{
    "avg_n_delay": 0.03194444444444444,
    "avg_queue_size": 0.011805555555555555,
    "makespan": 33360,
    "avg_n_scheduler_delay": 0.029166666666666667,
    "avg_n_uncertainty_delay": 0.002777777777777778,
    "conflicts": 0,
    "avg_reschedule_exec_time": 0.0766808174175923
}