{
    "avg_n_uncertainty_delay": 0.007301808066759388,
    "avg_reschedule_exec_time": 0.3740004998395702,
    "conflicts": 0,
    "avg_n_delay": 0.01634214186369958,
    "avg_queue_size": 0.0006954102920723226,
    "avg_n_scheduler_delay": 0.009040333796940195,
    "makespan": 76770
}