{
    "avg_n_delay": 0.012587412587412587,
    "avg_n_scheduler_delay": 0.008391608391608392,
    "avg_queue_size": 0.03776223776223776,
    "avg_n_uncertainty_delay": 0.004195804195804196,
    "conflicts": 0,
    "avg_reschedule_exec_time": 0.2146885445420171,
    "makespan": 76530
}