{
    "avg_active_aircrafts": 10.937037037037037,
    "avg_queue_size": 0.000925925925925926,
    "n_scheduler_delay": 350,
    "n_delay": 354,
    "conflicts": 0,
    "makespan": 32370,
    "n_uncertainty_delay": 4,
    "avg_reschedule_exec_time": 0.2642562988192536
}