{
    "n_delay": 351,
    "conflicts": 0,
    "n_scheduler_delay": 342,
    "avg_reschedule_exec_time": 0.30096624507460484,
    "avg_active_aircrafts": 12.387962962962963,
    "avg_queue_size": 0.06111111111111111,
    "n_uncertainty_delay": 9,
    "makespan": 32370
}