{
    "conflicts": 0,
    "makespan": 33180,
    "avg_n_delay": 0.049999999999999996,
    "avg_n_scheduler_delay": 0.03194444444444444,
    "avg_n_uncertainty_delay": 0.018055555555555554,
    "avg_queue_size": 0.0,
    "avg_reschedule_exec_time": 0.09224171824441979
}