{
    "conflicts": 0,
    "makespan": 33450,
    "avg_n_delay": 0.029861111111111113,
    "avg_n_scheduler_delay": 0.025,
    "avg_n_uncertainty_delay": 0.004861111111111111,
    "avg_queue_size": 0.002777777777777778,
    "avg_reschedule_exec_time": 0.05267815736010878
}