{
    "conflicts": 0,
    "avg_n_delay": 0.01048951048951049,
    "avg_n_scheduler_delay": 0.008391608391608392,
    "avg_reschedule_exec_time": 0.21741784458429042,
    "makespan": 76710,
    "avg_queue_size": 0.03496503496503497,
    "avg_n_uncertainty_delay": 0.002097902097902098
}