{
    "conflicts": 0,
    "makespan": 33390,
    "avg_n_delay": 0.034027777777777775,
    "avg_n_scheduler_delay": 0.03125,
    "avg_n_uncertainty_delay": 0.002777777777777778,
    "avg_queue_size": 0.002777777777777778,
    "avg_reschedule_exec_time": 0.0535623847940174
}