{
    "avg_active_aircrafts": 10.837962962962964,
    "avg_queue_size": 0.000925925925925926,
    "n_scheduler_delay": 321,
    "n_delay": 333,
    "conflicts": 0,
    "makespan": 32370,
    "n_uncertainty_delay": 12,
    "avg_reschedule_exec_time": 0.256046818577966
}