{"total_conflicts": 443, "makespan": 81720, "delay_added": 0, "avg_queue_size": 1.798414363996737, "avg_reschedule_exec_time": 0.09760259193124123}