{
    "conflicts": 0,
    "n_scheduler_delay": 263,
    "avg_reschedule_exec_time": 0.6065665447889869,
    "avg_active_aircrafts": 10.703703703703704,
    "makespan": 32370,
    "n_uncertainty_delay": 6,
    "n_delay": 269,
    "avg_queue_size": 0.000925925925925926
}