{
    "conflicts": 110,
    "makespan": 85470,
    "delay_added": 4440,
    "avg_queue_size": 9.398830409356847,
    "avg_reschedule_exec_time": 0.30567238459715973
}