{
    "n_scheduler_delay": 301,
    "n_uncertainty_delay": 6,
    "avg_active_aircrafts": 11.697222222222223,
    "n_delay": 307,
    "avg_reschedule_exec_time": 0.43244345576264137,
    "conflicts": 0,
    "makespan": 32370,
    "avg_queue_size": 0.08888888888888889
}