{
    "n_scheduler_delay": 360,
    "makespan": 32370,
    "avg_reschedule_exec_time": 0.5111881267192752,
    "n_delay": 400,
    "n_uncertainty_delay": 40,
    "avg_queue_size": 0.004629629629629629,
    "conflicts": 0,
    "avg_active_aircrafts": 11.16388888888889
}