{
    "avg_reschedule_exec_time": 0.499723715005919,
    "avg_active_aircrafts": 11.037037037037036,
    "avg_queue_size": 0.010185185185185186,
    "n_uncertainty_delay": 1,
    "n_delay": 339,
    "conflicts": 0,
    "makespan": 32370,
    "n_scheduler_delay": 338
}