{
    "conflicts": 0,
    "n_scheduler_delay": 329,
    "avg_reschedule_exec_time": 0.8648030267697628,
    "avg_active_aircrafts": 10.705555555555556,
    "makespan": 32370,
    "n_uncertainty_delay": 10,
    "n_delay": 339,
    "avg_queue_size": 0.002777777777777778
}