{
    "n_uncertainty_delay": 0,
    "makespan": 32370,
    "n_delay": 341,
    "avg_queue_size": 0.012037037037037037,
    "avg_active_aircrafts": 10.705555555555556,
    "n_scheduler_delay": 341,
    "conflicts": 0,
    "avg_reschedule_exec_time": 0.5120694792547892
}