{
    "n_delay": 361,
    "n_scheduler_delay": 361,
    "avg_active_aircrafts": 11.079629629629629,
    "n_uncertainty_delay": 0,
    "makespan": 32370,
    "avg_reschedule_exec_time": 0.5236078273418338,
    "avg_queue_size": 0.005555555555555556,
    "conflicts": 0
}