{
    "avg_reschedule_exec_time": 0.4626271181328352,
    "avg_queue_size": 0.001851851851851852,
    "conflicts": 0,
    "n_scheduler_delay": 320,
    "avg_active_aircrafts": 10.718518518518518,
    "n_delay": 320,
    "makespan": 32370,
    "n_uncertainty_delay": 0
}