{
    "makespan": 32370,
    "avg_queue_size": 0.001851851851851852,
    "avg_reschedule_exec_time": 0.5261860293011332,
    "n_uncertainty_delay": 0,
    "conflicts": 0,
    "n_scheduler_delay": 357,
    "n_delay": 357,
    "avg_active_aircrafts": 10.817592592592593
}