{
    "n_scheduler_delay": 251,
    "n_uncertainty_delay": 0,
    "avg_active_aircrafts": 11.405555555555555,
    "n_delay": 251,
    "avg_reschedule_exec_time": 0.41787771845972815,
    "conflicts": 0,
    "makespan": 32370,
    "avg_queue_size": 0.09537037037037037
}