{
    "avg_n_delay": 0.011149825783972125,
    "avg_n_scheduler_delay": 0.007317073170731708,
    "avg_queue_size": 0.006968641114982578,
    "avg_n_uncertainty_delay": 0.003832752613240418,
    "conflicts": 0,
    "avg_reschedule_exec_time": 0.1653610818526324,
    "makespan": 76350
}