{
    "conflicts": 12,
    "makespan": 76530,
    "avg_queue_size": 0.010452961672473868,
    "avg_reschedule_exec_time": 0.4780223299475277,
    "avg_n_delay": 0.0,
    "avg_n_scheduler_delay": 0.0,
    "avg_n_uncertainty_delay": 0.0
}