{
    "avg_n_delay": 0.011482254697286013,
    "avg_n_scheduler_delay": 0.0055671537926235215,
    "avg_queue_size": 0.0006958942240779402,
    "avg_n_uncertainty_delay": 0.005915100904662491,
    "conflicts": 0,
    "avg_reschedule_exec_time": 0.11064107198595502,
    "makespan": 76710
}