{
    "conflicts": 0,
    "n_scheduler_delay": 374,
    "avg_reschedule_exec_time": 0.4258449325774239,
    "avg_active_aircrafts": 11.110185185185186,
    "makespan": 32370,
    "n_uncertainty_delay": 14,
    "n_delay": 388,
    "avg_queue_size": 0.006481481481481481
}