{
    "makespan": 32370,
    "avg_queue_size": 0.003703703703703704,
    "avg_reschedule_exec_time": 0.6067712805991949,
    "n_uncertainty_delay": 12,
    "conflicts": 0,
    "n_scheduler_delay": 442,
    "n_delay": 454,
    "avg_active_aircrafts": 11.01574074074074
}