{
    "makespan": 32370,
    "avg_queue_size": 0.004629629629629629,
    "avg_reschedule_exec_time": 0.27669427117636036,
    "n_uncertainty_delay": 33,
    "conflicts": 0,
    "n_scheduler_delay": 340,
    "n_delay": 373,
    "avg_active_aircrafts": 10.431481481481482
}