{
    "avg_n_delay": 0.02638888888888889,
    "avg_queue_size": 0.020833333333333332,
    "makespan": 33330,
    "avg_n_scheduler_delay": 0.022222222222222223,
    "avg_n_uncertainty_delay": 0.004166666666666667,
    "conflicts": 0,
    "avg_reschedule_exec_time": 0.0742374385535384
}