{
    "n_scheduler_delay": 355,
    "makespan": 32370,
    "avg_reschedule_exec_time": 0.4826951448307481,
    "n_delay": 364,
    "n_uncertainty_delay": 9,
    "avg_queue_size": 0.006481481481481481,
    "conflicts": 0,
    "avg_active_aircrafts": 10.900925925925925
}