{
    "n_delay": 356,
    "avg_queue_size": 0.06388888888888888,
    "n_scheduler_delay": 353,
    "n_uncertainty_delay": 3,
    "makespan": 32370,
    "conflicts": 0,
    "avg_reschedule_exec_time": 0.4958584807639898,
    "avg_active_aircrafts": 12.072222222222223
}