{
    "avg_reschedule_exec_time": 0.48490381240844727,
    "avg_queue_size": 0.000925925925925926,
    "conflicts": 0,
    "n_scheduler_delay": 322,
    "avg_active_aircrafts": 10.576851851851853,
    "n_delay": 324,
    "makespan": 32370,
    "n_uncertainty_delay": 2
}