{
    "n_scheduler_delay": 264,
    "n_uncertainty_delay": 3,
    "makespan": 32370,
    "conflicts": 0,
    "avg_queue_size": 0.000925925925925926,
    "avg_reschedule_exec_time": 0.40840401982152186,
    "n_delay": 267,
    "avg_active_aircrafts": 10.264814814814814
}