{
    "makespan": 32370,
    "avg_queue_size": 0.007407407407407408,
    "avg_reschedule_exec_time": 0.5241878465164539,
    "n_uncertainty_delay": 1,
    "conflicts": 0,
    "n_scheduler_delay": 383,
    "n_delay": 384,
    "avg_active_aircrafts": 10.794444444444444
}