{
    "avg_active_aircrafts": 10.569444444444445,
    "avg_queue_size": 0.003703703703703704,
    "n_scheduler_delay": 287,
    "n_delay": 287,
    "conflicts": 0,
    "makespan": 32370,
    "n_uncertainty_delay": 0,
    "avg_reschedule_exec_time": 0.2308624788772228
}