{
    "makespan": 76590,
    "avg_queue_size": 0.0,
    "conflicts": 0,
    "avg_reschedule_exec_time": 0.5791945594337639,
    "avg_n_delay": 0.006951685783802572,
    "avg_n_uncertainty_delay": 0.0003475842891901286,
    "avg_n_scheduler_delay": 0.006604101494612443
}