{
    "conflicts": 0,
    "makespan": 33270,
    "avg_n_delay": 0.03680555555555556,
    "avg_n_scheduler_delay": 0.030555555555555555,
    "avg_n_uncertainty_delay": 0.00625,
    "avg_queue_size": 0.004166666666666667,
    "avg_reschedule_exec_time": 0.05397180528029758
}