{
    "n_delay": 342,
    "conflicts": 0,
    "n_scheduler_delay": 339,
    "avg_reschedule_exec_time": 0.2879195490548777,
    "avg_active_aircrafts": 12.08611111111111,
    "avg_queue_size": 0.06666666666666667,
    "n_uncertainty_delay": 3,
    "makespan": 32370
}