{
    "n_scheduler_delay": 342,
    "makespan": 32370,
    "avg_reschedule_exec_time": 0.5061705678008324,
    "n_delay": 375,
    "n_uncertainty_delay": 33,
    "avg_queue_size": 0.002777777777777778,
    "conflicts": 0,
    "avg_active_aircrafts": 11.008333333333333
}