{
    "conflicts": 0,
    "makespan": 33450,
    "avg_n_delay": 0.035416666666666666,
    "avg_n_scheduler_delay": 0.024305555555555556,
    "avg_n_uncertainty_delay": 0.011111111111111112,
    "avg_queue_size": 0.00625,
    "avg_reschedule_exec_time": 0.052694478738938864
}