{
    "avg_reschedule_exec_time": 0.10143697062574722,
    "avg_n_delay": 0.009388038942976356,
    "avg_queue_size": 0.0,
    "conflicts": 0,
    "makespan": 76650,
    "avg_n_scheduler_delay": 0.008344923504867872,
    "avg_n_uncertainty_delay": 0.001043115438108484
}