{
    "n_delay": 322,
    "conflicts": 0,
    "n_scheduler_delay": 321,
    "avg_reschedule_exec_time": 0.27246840388275856,
    "avg_active_aircrafts": 11.860185185185186,
    "avg_queue_size": 0.08148148148148149,
    "n_uncertainty_delay": 1,
    "makespan": 32370
}