{
    "n_delay": 361,
    "n_scheduler_delay": 346,
    "avg_active_aircrafts": 10.766666666666667,
    "n_uncertainty_delay": 15,
    "makespan": 32370,
    "avg_reschedule_exec_time": 0.49404341121052586,
    "avg_queue_size": 0.006481481481481481,
    "conflicts": 0
}