{
    "avg_n_delay": 0.03958333333333333,
    "avg_queue_size": 0.0,
    "makespan": 33300,
    "avg_n_scheduler_delay": 0.029861111111111113,
    "avg_n_uncertainty_delay": 0.009722222222222222,
    "conflicts": 0,
    "avg_reschedule_exec_time": 0.08186279019659518
}