{
    "conflicts": 0,
    "avg_n_delay": 0.02132867132867133,
    "avg_n_scheduler_delay": 0.015734265734265736,
    "avg_reschedule_exec_time": 0.2361975370998114,
    "makespan": 76500,
    "avg_queue_size": 0.044055944055944055,
    "avg_n_uncertainty_delay": 0.005594405594405594
}