{
    "conflicts": 0,
    "makespan": 33390,
    "avg_n_delay": 0.025694444444444447,
    "avg_n_scheduler_delay": 0.025,
    "avg_n_uncertainty_delay": 0.0006944444444444445,
    "avg_queue_size": 0.003472222222222222,
    "avg_reschedule_exec_time": 0.05050200140907904
}