{
    "conflicts": 0,
    "n_scheduler_delay": 434,
    "avg_reschedule_exec_time": 1.7329175095809133,
    "avg_active_aircrafts": 11.346011131725417,
    "makespan": 32310,
    "n_uncertainty_delay": 4,
    "n_delay": 438,
    "avg_queue_size": 0.0037105751391465678
}