{
    "conflicts": 0,
    "n_scheduler_delay": 382,
    "avg_reschedule_exec_time": 0.27248762091811823,
    "avg_active_aircrafts": 10.939814814814815,
    "makespan": 32370,
    "n_uncertainty_delay": 6,
    "n_delay": 388,
    "avg_queue_size": 0.003703703703703704
}