{
    "conflicts": 51,
    "makespan": 76560,
    "avg_queue_size": 0.1143859649122807,
    "avg_reschedule_exec_time": 0.9003732229800935,
    "avg_n_delay": 0.08366533864541832,
    "avg_n_scheduler_delay": 0.06374501992031872,
    "avg_n_uncertainty_delay": 0.0199203187250996
}