{
    "conflicts": 339,
    "makespan": 76860,
    "avg_queue_size": 0.1231578947368421,
    "avg_reschedule_exec_time": 1.1360907757535894,
    "avg_n_delay": 0.6451612903225806,
    "avg_n_scheduler_delay": 0.15725806451612903,
    "avg_n_uncertainty_delay": 0.4879032258064516
}