{
    "avg_reschedule_exec_time": 0.5606414806011111,
    "avg_active_aircrafts": 11.189814814814815,
    "avg_queue_size": 0.004629629629629629,
    "n_uncertainty_delay": 1,
    "n_delay": 390,
    "conflicts": 0,
    "makespan": 32370,
    "n_scheduler_delay": 389
}