{
    "n_uncertainty_delay": 2,
    "avg_queue_size": 0.007407407407407408,
    "conflicts": 0,
    "avg_reschedule_exec_time": 0.5864324991093125,
    "n_delay": 402,
    "makespan": 32370,
    "n_scheduler_delay": 400,
    "avg_active_aircrafts": 10.954629629629629
}