{
    "conflicts": 0,
    "n_scheduler_delay": 389,
    "avg_reschedule_exec_time": 1.3207077390692208,
    "avg_active_aircrafts": 10.98425925925926,
    "makespan": 32370,
    "n_uncertainty_delay": 7,
    "n_delay": 396,
    "avg_queue_size": 0.007407407407407408
}