{
    "n_uncertainty_delay": 0,
    "makespan": 32370,
    "n_delay": 338,
    "avg_queue_size": 0.003703703703703704,
    "avg_active_aircrafts": 10.762962962962963,
    "n_scheduler_delay": 338,
    "conflicts": 0,
    "avg_reschedule_exec_time": 0.42438250935210614
}