time,rs_exec_time
00:00:00,
00:28:00,0.3421480655670166
00:56:00,2.075096845626831
01:24:00,0.7357497215270996
01:52:00,4.380511045455933
02:20:00,0.5423243045806885
02:48:00,2.5062568187713623
03:16:00,3.8346922397613525
03:44:00,1.2567908763885498
04:12:00,1.2727360725402832
04:40:00,1.270691156387329
05:08:00,2.6055407524108887
05:36:00,1.2186408042907715
06:04:00,5.561129093170166
06:32:00,4.5352020263671875
07:00:00,4.113164663314819
07:28:00,2.115891218185425
07:56:00,0.6248557567596436
08:24:00,2.106109857559204
08:52:00,2.7824599742889404
09:20:00,1.7060492038726807
09:48:00,5.414341926574707
10:16:00,4.47216796875
10:44:00,5.478143930435181
11:12:00,2.4024412631988525
11:40:00,3.5226590633392334
12:08:00,6.120567083358765
12:36:00,1.35166597366333
13:04:00,0.847374677658081
13:32:00,9.035774946212769
14:00:00,7.196444988250732
14:28:00,1.3237700462341309
14:56:00,8.342957019805908
15:24:00,1.3214399814605713
15:52:00,1.2650761604309082
16:20:00,0.7885839939117432
16:48:00,2.139855146408081
17:16:00,6.430024862289429
17:44:00,5.831407785415649
18:12:00,3.8713700771331787
18:40:00,12.823832988739014
19:08:00,8.56975507736206
19:36:00,1.8196349143981934
20:04:00,6.196573257446289
20:32:00,5.631739139556885
21:00:00,3.4590210914611816
21:28:00,2.3114612102508545
21:56:00,0.8194990158081055
22:24:00,0.8412079811096191
22:52:00,0.6970438957214355
23:20:00,0.690100908279419
