{
    "avg_reschedule_exec_time": 0.07199082082969767,
    "avg_queue_size": 0.0,
    "avg_n_scheduler_delay": 0.022222222222222223,
    "avg_n_uncertainty_delay": 0.009722222222222222,
    "conflicts": 0,
    "avg_n_delay": 0.03194444444444444,
    "makespan": 33210
}