{
    "n_delay": 356,
    "conflicts": 0,
    "n_scheduler_delay": 355,
    "avg_reschedule_exec_time": 0.28702573110890944,
    "avg_active_aircrafts": 11.919444444444444,
    "avg_queue_size": 0.0962962962962963,
    "n_uncertainty_delay": 1,
    "makespan": 32370
}