{
    "avg_n_delay": 0.017132867132867134,
    "avg_n_scheduler_delay": 0.012937062937062937,
    "avg_queue_size": 0.050699300699300696,
    "avg_n_uncertainty_delay": 0.004195804195804196,
    "conflicts": 0,
    "avg_reschedule_exec_time": 0.23900957510504925,
    "makespan": 76470
}