{
    "n_delay": 463,
    "n_scheduler_delay": 460,
    "avg_active_aircrafts": 11.22962962962963,
    "n_uncertainty_delay": 3,
    "makespan": 32370,
    "avg_reschedule_exec_time": 0.6093678984531137,
    "avg_queue_size": 0.005555555555555556,
    "conflicts": 0
}