{
    "n_scheduler_delay": 356,
    "makespan": 32370,
    "avg_reschedule_exec_time": 0.5047822453254878,
    "n_delay": 371,
    "n_uncertainty_delay": 15,
    "avg_queue_size": 0.006481481481481481,
    "conflicts": 0,
    "avg_active_aircrafts": 11.025925925925925
}