{
    "n_delay": 314,
    "conflicts": 0,
    "n_scheduler_delay": 311,
    "avg_reschedule_exec_time": 0.2543586830760157,
    "avg_active_aircrafts": 11.579629629629629,
    "avg_queue_size": 0.08611111111111111,
    "n_uncertainty_delay": 3,
    "makespan": 32370
}