{
    "n_scheduler_delay": 338,
    "n_uncertainty_delay": 2,
    "avg_active_aircrafts": 11.716666666666667,
    "n_delay": 340,
    "avg_reschedule_exec_time": 0.46247094620105833,
    "conflicts": 0,
    "makespan": 32370,
    "avg_queue_size": 0.058333333333333334
}