{
    "conflicts": 0,
    "n_scheduler_delay": 348,
    "avg_reschedule_exec_time": 0.5516954973423281,
    "avg_active_aircrafts": 10.978703703703705,
    "makespan": 32370,
    "n_uncertainty_delay": 7,
    "n_delay": 355,
    "avg_queue_size": 0.004629629629629629
}