{
    "n_delay": 443,
    "n_scheduler_delay": 433,
    "avg_active_aircrafts": 11.192592592592593,
    "n_uncertainty_delay": 10,
    "makespan": 32370,
    "avg_reschedule_exec_time": 0.592806707426559,
    "avg_queue_size": 0.005555555555555556,
    "conflicts": 0
}