{
    "conflicts": 0,
    "n_scheduler_delay": 459,
    "avg_reschedule_exec_time": 2.002385519052807,
    "avg_active_aircrafts": 11.550092764378478,
    "makespan": 32310,
    "n_uncertainty_delay": 11,
    "n_delay": 470,
    "avg_queue_size": 0.0037105751391465678
}