{
    "n_delay": 382,
    "n_scheduler_delay": 376,
    "avg_active_aircrafts": 11.25925925925926,
    "n_uncertainty_delay": 6,
    "makespan": 32370,
    "avg_reschedule_exec_time": 0.531194481738778,
    "avg_queue_size": 0.005555555555555556,
    "conflicts": 0
}