{
    "avg_reschedule_exec_time": 0.5100390877834586,
    "avg_active_aircrafts": 10.88425925925926,
    "avg_queue_size": 0.001851851851851852,
    "n_uncertainty_delay": 5,
    "n_delay": 341,
    "conflicts": 0,
    "makespan": 32370,
    "n_scheduler_delay": 336
}