{
    "n_uncertainty_delay": 0,
    "makespan": 32370,
    "n_delay": 334,
    "avg_queue_size": 0.002777777777777778,
    "avg_active_aircrafts": 11.277777777777779,
    "n_scheduler_delay": 334,
    "conflicts": 0,
    "avg_reschedule_exec_time": 0.4386124442501139
}