{
    "avg_queue_size": 0.004629629629629629,
    "n_uncertainty_delay": 9,
    "makespan": 32370,
    "n_scheduler_delay": 384,
    "avg_reschedule_exec_time": 0.24745886831035402,
    "conflicts": 0,
    "n_delay": 393,
    "avg_active_aircrafts": 10.900925925925925
}