{
    "conflicts": 12,
    "makespan": 75780,
    "avg_queue_size": 0.6207017543859649,
    "avg_reschedule_exec_time": 0.2179681290971472,
    "avg_n_delay": 0.7188755020080321,
    "avg_n_scheduler_delay": 0.6586345381526104,
    "avg_n_uncertainty_delay": 0.060240963855421686
}