{
    "conflicts": 0,
    "makespan": 33330,
    "avg_n_delay": 0.03958333333333333,
    "avg_n_scheduler_delay": 0.022916666666666665,
    "avg_n_uncertainty_delay": 0.016666666666666666,
    "avg_queue_size": 0.005555555555555556,
    "avg_reschedule_exec_time": 0.09432179482866462
}