{
    "avg_active_aircrafts": 10.950925925925926,
    "avg_queue_size": 0.001851851851851852,
    "n_scheduler_delay": 357,
    "n_delay": 365,
    "conflicts": 0,
    "makespan": 32370,
    "n_uncertainty_delay": 8,
    "avg_reschedule_exec_time": 0.26433114451031353
}