{
    "avg_active_aircrafts": 11.625,
    "conflicts": 0,
    "makespan": 32370,
    "avg_queue_size": 0.09444444444444444,
    "avg_reschedule_exec_time": 0.28585787817489267,
    "n_delay": 333,
    "n_scheduler_delay": 330,
    "n_uncertainty_delay": 3
}