{
    "n_delay": 318,
    "n_scheduler_delay": 310,
    "avg_active_aircrafts": 10.737037037037037,
    "n_uncertainty_delay": 8,
    "makespan": 32370,
    "avg_reschedule_exec_time": 0.47342778028443805,
    "avg_queue_size": 0.008333333333333333,
    "conflicts": 0
}