{
    "makespan": 76650,
    "avg_reschedule_exec_time": 0.08815636876724593,
    "avg_queue_size": 0.0,
    "avg_n_uncertainty_delay": 0.0006946856547412296,
    "avg_n_scheduler_delay": 0.009725599166377214,
    "avg_n_delay": 0.010420284821118442,
    "conflicts": 0
}