{
    "makespan": 32370,
    "n_delay": 282,
    "conflicts": 0,
    "avg_reschedule_exec_time": 0.4779808521270752,
    "n_scheduler_delay": 278,
    "avg_active_aircrafts": 10.474074074074075,
    "avg_queue_size": 0.003703703703703704,
    "n_uncertainty_delay": 4
}