{
    "makespan": 32370,
    "avg_queue_size": 0.001851851851851852,
    "avg_reschedule_exec_time": 0.4816235209620276,
    "n_uncertainty_delay": 11,
    "conflicts": 0,
    "n_scheduler_delay": 319,
    "n_delay": 330,
    "avg_active_aircrafts": 10.997222222222222
}