{
    "avg_reschedule_exec_time": 0.47649624735810037,
    "avg_queue_size": 0.005555555555555556,
    "conflicts": 0,
    "n_scheduler_delay": 316,
    "avg_active_aircrafts": 10.742592592592592,
    "n_delay": 330,
    "makespan": 32370,
    "n_uncertainty_delay": 14
}