{
    "n_scheduler_delay": 390,
    "n_uncertainty_delay": 11,
    "avg_active_aircrafts": 12.130555555555556,
    "n_delay": 401,
    "avg_reschedule_exec_time": 0.5487383609594301,
    "conflicts": 0,
    "makespan": 32370,
    "avg_queue_size": 0.06481481481481481
}