{
    "avg_active_aircrafts": 10.672222222222222,
    "avg_queue_size": 0.000925925925925926,
    "n_scheduler_delay": 330,
    "n_delay": 338,
    "conflicts": 0,
    "makespan": 32370,
    "n_uncertainty_delay": 8,
    "avg_reschedule_exec_time": 0.25790845405223756
}