{
    "avg_active_aircrafts": 10.528703703703703,
    "avg_queue_size": 0.004629629629629629,
    "n_scheduler_delay": 339,
    "n_delay": 374,
    "conflicts": 0,
    "makespan": 32370,
    "n_uncertainty_delay": 35,
    "avg_reschedule_exec_time": 0.25624055529749673
}