{
    "makespan": 32370,
    "avg_queue_size": 0.003703703703703704,
    "avg_reschedule_exec_time": 0.5264256344285122,
    "n_uncertainty_delay": 31,
    "conflicts": 0,
    "n_scheduler_delay": 330,
    "n_delay": 361,
    "avg_active_aircrafts": 11.048148148148147
}