{
    "makespan": 32370,
    "avg_queue_size": 0.002777777777777778,
    "avg_reschedule_exec_time": 0.4340622014777605,
    "n_uncertainty_delay": 0,
    "conflicts": 0,
    "n_scheduler_delay": 289,
    "n_delay": 289,
    "avg_active_aircrafts": 10.858333333333333
}