{
    "n_scheduler_delay": 359,
    "makespan": 32370,
    "avg_reschedule_exec_time": 0.500209464583286,
    "n_delay": 363,
    "n_uncertainty_delay": 4,
    "avg_queue_size": 0.001851851851851852,
    "conflicts": 0,
    "avg_active_aircrafts": 11.031481481481482
}