{
    "makespan": 32370,
    "avg_queue_size": 0.001851851851851852,
    "avg_reschedule_exec_time": 0.2883852027183355,
    "n_uncertainty_delay": 27,
    "conflicts": 0,
    "n_scheduler_delay": 379,
    "n_delay": 406,
    "avg_active_aircrafts": 10.701851851851853
}