{
    "conflicts": 0,
    "makespan": 33270,
    "avg_n_delay": 0.024305555555555552,
    "avg_n_scheduler_delay": 0.022916666666666665,
    "avg_n_uncertainty_delay": 0.001388888888888889,
    "avg_queue_size": 0.004166666666666667,
    "avg_reschedule_exec_time": 0.05291728721023602
}