{
    "makespan": 32370,
    "n_delay": 302,
    "conflicts": 0,
    "avg_reschedule_exec_time": 0.5936539869629935,
    "n_scheduler_delay": 297,
    "avg_active_aircrafts": 10.40462962962963,
    "avg_queue_size": 0.000925925925925926,
    "n_uncertainty_delay": 5
}