{
    "n_scheduler_delay": 309,
    "n_uncertainty_delay": 1,
    "avg_active_aircrafts": 11.834259259259259,
    "n_delay": 310,
    "avg_reschedule_exec_time": 0.4715566224830095,
    "conflicts": 0,
    "makespan": 32370,
    "avg_queue_size": 0.08888888888888889
}