{
    "avg_n_uncertainty_delay": 0.003129346314325452,
    "avg_n_delay": 0.014951321279554938,
    "avg_n_scheduler_delay": 0.011821974965229486,
    "conflicts": 0,
    "avg_queue_size": 0.0,
    "avg_reschedule_exec_time": 0.10365561290039657,
    "makespan": 76140
}