{
    "n_scheduler_delay": 289,
    "n_uncertainty_delay": 0,
    "avg_active_aircrafts": 11.512037037037038,
    "n_delay": 289,
    "avg_reschedule_exec_time": 0.43049794685008913,
    "conflicts": 0,
    "makespan": 32370,
    "avg_queue_size": 0.037037037037037035
}