{
    "avg_active_aircrafts": 11.006481481481481,
    "avg_queue_size": 0.002777777777777778,
    "n_scheduler_delay": 406,
    "n_delay": 406,
    "conflicts": 0,
    "makespan": 32370,
    "n_uncertainty_delay": 0,
    "avg_reschedule_exec_time": 0.2827849033266999
}