{
    "n_scheduler_delay": 398,
    "n_uncertainty_delay": 0,
    "makespan": 32370,
    "conflicts": 0,
    "avg_queue_size": 0.002777777777777778,
    "avg_reschedule_exec_time": 0.5592385547105656,
    "n_delay": 398,
    "avg_active_aircrafts": 10.86111111111111
}