{
    "avg_reschedule_exec_time": 0.504549364710963,
    "avg_queue_size": 0.003703703703703704,
    "conflicts": 0,
    "n_scheduler_delay": 333,
    "avg_active_aircrafts": 10.627777777777778,
    "n_delay": 333,
    "makespan": 32370,
    "n_uncertainty_delay": 0
}