{
    "n_delay": 454,
    "conflicts": 0,
    "n_scheduler_delay": 454,
    "avg_reschedule_exec_time": 0.3472613445548124,
    "avg_active_aircrafts": 12.146296296296295,
    "avg_queue_size": 0.08333333333333333,
    "n_uncertainty_delay": 0,
    "makespan": 32370
}