{
    "makespan": 32370,
    "avg_queue_size": 0.000925925925925926,
    "avg_reschedule_exec_time": 0.4597362307615058,
    "n_uncertainty_delay": 0,
    "conflicts": 0,
    "n_scheduler_delay": 275,
    "n_delay": 275,
    "avg_active_aircrafts": 10.743518518518519
}