{
    "conflicts": 0,
    "avg_n_delay": 0.012237762237762236,
    "avg_n_scheduler_delay": 0.010839160839160839,
    "avg_reschedule_exec_time": 0.2395375950235716,
    "makespan": 76680,
    "avg_queue_size": 0.02727272727272727,
    "avg_n_uncertainty_delay": 0.0013986013986013986
}