{
    "avg_n_scheduler_delay": 0.006258692628650904,
    "avg_queue_size": 0.0,
    "avg_n_delay": 0.006258692628650904,
    "avg_reschedule_exec_time": 0.5994179750219361,
    "conflicts": 0,
    "avg_n_uncertainty_delay": 0.0,
    "makespan": 76500
}