{
    "n_delay": 345,
    "conflicts": 0,
    "n_scheduler_delay": 341,
    "avg_reschedule_exec_time": 0.28217781532642455,
    "avg_active_aircrafts": 12.080555555555556,
    "avg_queue_size": 0.05462962962962963,
    "n_uncertainty_delay": 4,
    "makespan": 32370
}