{
    "avg_n_delay": 0.037815126050420166,
    "avg_queue_size": 0.10294117647058823,
    "makespan": 33390,
    "avg_n_scheduler_delay": 0.03221288515406162,
    "avg_n_uncertainty_delay": 0.0056022408963585435,
    "conflicts": 0,
    "avg_reschedule_exec_time": 0.1142996325351224
}