{
    "conflicts": 0,
    "avg_n_delay": 0.022727272727272728,
    "avg_n_scheduler_delay": 0.013636363636363636,
    "avg_reschedule_exec_time": 0.23720214400492923,
    "makespan": 76710,
    "avg_queue_size": 0.028671328671328673,
    "avg_n_uncertainty_delay": 0.00909090909090909
}