{
    "makespan": 76440,
    "avg_reschedule_exec_time": 0.09469717734797282,
    "avg_queue_size": 0.0,
    "avg_n_uncertainty_delay": 0.0010420284821118443,
    "avg_n_scheduler_delay": 0.007294199374782911,
    "avg_n_delay": 0.008336227856894755,
    "conflicts": 0
}