{
    "avg_n_uncertainty_delay": 0.0006946856547412296,
    "makespan": 76440,
    "avg_n_delay": 0.006599513720041681,
    "avg_reschedule_exec_time": 0.3706813037581936,
    "conflicts": 0,
    "avg_queue_size": 0.0,
    "avg_n_scheduler_delay": 0.005904828065300452
}