{
    "n_delay": 282,
    "avg_queue_size": 0.041666666666666664,
    "n_scheduler_delay": 276,
    "n_uncertainty_delay": 6,
    "makespan": 32370,
    "conflicts": 0,
    "avg_reschedule_exec_time": 0.44047053913737455,
    "avg_active_aircrafts": 11.96574074074074
}