{
    "n_delay": 306,
    "n_scheduler_delay": 296,
    "avg_active_aircrafts": 10.671296296296296,
    "n_uncertainty_delay": 10,
    "makespan": 32370,
    "avg_reschedule_exec_time": 0.4172232938367267,
    "avg_queue_size": 0.002777777777777778,
    "conflicts": 0
}