{
    "conflicts": 0,
    "makespan": 33480,
    "avg_n_delay": 0.05555555555555555,
    "avg_n_scheduler_delay": 0.03125,
    "avg_n_uncertainty_delay": 0.024305555555555556,
    "avg_queue_size": 0.003472222222222222,
    "avg_reschedule_exec_time": 0.09425956093833307
}