{
    "conflicts": 0,
    "makespan": 33240,
    "avg_n_delay": 0.03819444444444445,
    "avg_n_scheduler_delay": 0.025694444444444443,
    "avg_n_uncertainty_delay": 0.0125,
    "avg_queue_size": 0.007638888888888889,
    "avg_reschedule_exec_time": 0.05488034875280014
}