{
    "n_scheduler_delay": 425,
    "n_uncertainty_delay": 15,
    "makespan": 32370,
    "conflicts": 0,
    "avg_queue_size": 0.003703703703703704,
    "avg_reschedule_exec_time": 0.3403452152429625,
    "n_delay": 440,
    "avg_active_aircrafts": 11.021296296296295
}