{
    "n_uncertainty_delay": 4,
    "avg_queue_size": 0.000925925925925926,
    "conflicts": 0,
    "avg_reschedule_exec_time": 0.47274359769599383,
    "n_delay": 318,
    "makespan": 32370,
    "n_scheduler_delay": 314,
    "avg_active_aircrafts": 10.798148148148147
}