{
    "avg_n_delay": 0.027272727272727275,
    "avg_n_scheduler_delay": 0.022727272727272728,
    "avg_queue_size": 0.11433566433566433,
    "avg_n_uncertainty_delay": 0.004545454545454545,
    "conflicts": 0,
    "avg_reschedule_exec_time": 0.1660038593712203,
    "makespan": 76800
}