{
    "avg_n_delay": 0.008336227856894755,
    "avg_queue_size": 0.0,
    "avg_n_scheduler_delay": 0.00798888502952414,
    "avg_reschedule_exec_time": 0.35603487185093163,
    "avg_n_uncertainty_delay": 0.0003473428273706148,
    "makespan": 76500,
    "conflicts": 0
}