{
    "avg_n_scheduler_delay": 0.006606397774687065,
    "avg_queue_size": 0.0,
    "avg_n_delay": 0.014603616133518776,
    "avg_reschedule_exec_time": 0.5830971819444619,
    "conflicts": 0,
    "avg_n_uncertainty_delay": 0.007997218358831711,
    "makespan": 76260
}