{
    "makespan": 32370,
    "avg_queue_size": 0.001851851851851852,
    "avg_reschedule_exec_time": 0.44552889646485794,
    "n_uncertainty_delay": 4,
    "conflicts": 0,
    "n_scheduler_delay": 293,
    "n_delay": 297,
    "avg_active_aircrafts": 10.851851851851851
}