{
    "avg_n_delay": 0.0156794425087108,
    "avg_n_scheduler_delay": 0.012195121951219513,
    "avg_queue_size": 0.005226480836236934,
    "avg_n_uncertainty_delay": 0.003484320557491289,
    "conflicts": 0,
    "avg_reschedule_exec_time": 0.1503401102719607,
    "makespan": 76440
}