{
    "conflicts": 0,
    "makespan": 76620,
    "avg_queue_size": 0.6540350877192982,
    "avg_reschedule_exec_time": 0.2534218214927836,
    "avg_n_delay": 0.6587301587301587,
    "avg_n_scheduler_delay": 0.6587301587301587,
    "avg_n_uncertainty_delay": 0.0
}