{
    "conflicts": 0,
    "makespan": 76680,
    "delay_added": 5100,
    "avg_queue_size": 0.37614035087719244,
    "avg_reschedule_exec_time": 0.2683397759782507
}