{
    "conflicts": 0,
    "n_scheduler_delay": 346,
    "avg_reschedule_exec_time": 0.7344642183673915,
    "avg_active_aircrafts": 11.012962962962963,
    "makespan": 32370,
    "n_uncertainty_delay": 3,
    "n_delay": 349,
    "avg_queue_size": 0.000925925925925926
}