{
    "conflicts": 0,
    "n_scheduler_delay": 396,
    "avg_reschedule_exec_time": 1.9281264760277488,
    "avg_active_aircrafts": 11.255597014925373,
    "makespan": 32130,
    "n_uncertainty_delay": 3,
    "n_delay": 399,
    "avg_queue_size": 0.002798507462686567
}