{
    "avg_n_uncertainty_delay": 0.0013908205841446453,
    "avg_n_delay": 0.012169680111265646,
    "avg_n_scheduler_delay": 0.010778859527121001,
    "conflicts": 0,
    "avg_queue_size": 0.0,
    "avg_reschedule_exec_time": 0.10390023866403733,
    "makespan": 76350
}