{
    "conflicts": 0,
    "avg_n_delay": 0.013986013986013984,
    "avg_n_scheduler_delay": 0.005944055944055944,
    "avg_reschedule_exec_time": 0.2153161193283511,
    "makespan": 76710,
    "avg_queue_size": 0.05384615384615385,
    "avg_n_uncertainty_delay": 0.008041958041958041
}