{
    "conflicts": 0,
    "n_scheduler_delay": 397,
    "avg_reschedule_exec_time": 1.0366111804391736,
    "avg_active_aircrafts": 10.825,
    "makespan": 32370,
    "n_uncertainty_delay": 7,
    "n_delay": 404,
    "avg_queue_size": 0.001851851851851852
}