{
    "makespan": 32370,
    "avg_queue_size": 0.001851851851851852,
    "avg_reschedule_exec_time": 0.5086859181869862,
    "n_uncertainty_delay": 5,
    "conflicts": 0,
    "n_scheduler_delay": 369,
    "n_delay": 374,
    "avg_active_aircrafts": 10.838888888888889
}