{
    "n_scheduler_delay": 346,
    "n_uncertainty_delay": 6,
    "makespan": 32370,
    "conflicts": 0,
    "avg_queue_size": 0.004629629629629629,
    "avg_reschedule_exec_time": 0.49810749098312024,
    "n_delay": 352,
    "avg_active_aircrafts": 10.91388888888889
}