{
    "makespan": 32370,
    "avg_queue_size": 0.004629629629629629,
    "avg_reschedule_exec_time": 0.4687431080396785,
    "n_uncertainty_delay": 3,
    "conflicts": 0,
    "n_scheduler_delay": 324,
    "n_delay": 327,
    "avg_active_aircrafts": 10.77037037037037
}