{
    "avg_active_aircrafts": 10.656481481481482,
    "avg_queue_size": 0.006481481481481481,
    "n_scheduler_delay": 339,
    "n_delay": 341,
    "conflicts": 0,
    "makespan": 32370,
    "n_uncertainty_delay": 2,
    "avg_reschedule_exec_time": 0.2581634998321533
}