{
    "n_delay": 352,
    "n_scheduler_delay": 350,
    "avg_active_aircrafts": 10.741666666666667,
    "n_uncertainty_delay": 2,
    "makespan": 32370,
    "avg_reschedule_exec_time": 0.4628287315368652,
    "avg_queue_size": 0.001851851851851852,
    "conflicts": 0
}