{
    "conflicts": 0,
    "avg_n_delay": 0.010839160839160839,
    "avg_n_scheduler_delay": 0.008041958041958041,
    "avg_reschedule_exec_time": 0.2296298389703455,
    "makespan": 76980,
    "avg_queue_size": 0.04125874125874126,
    "avg_n_uncertainty_delay": 0.002797202797202797
}