{
    "n_uncertainty_delay": 0,
    "makespan": 32370,
    "n_delay": 319,
    "avg_queue_size": 0.005555555555555556,
    "avg_active_aircrafts": 10.892592592592592,
    "n_scheduler_delay": 319,
    "conflicts": 0,
    "avg_reschedule_exec_time": 0.34170053795519645
}