{
    "avg_queue_size": 0.002777777777777778,
    "n_uncertainty_delay": 9,
    "makespan": 32370,
    "n_scheduler_delay": 364,
    "avg_reschedule_exec_time": 0.14930949538448524,
    "conflicts": 0,
    "n_delay": 373,
    "avg_active_aircrafts": 11.11574074074074
}