{
    "n_uncertainty_delay": 0,
    "makespan": 32370,
    "n_delay": 346,
    "avg_queue_size": 0.003703703703703704,
    "avg_active_aircrafts": 10.469444444444445,
    "n_scheduler_delay": 346,
    "conflicts": 0,
    "avg_reschedule_exec_time": 0.2594221562755351
}