{
    "conflicts": 0,
    "makespan": 76770,
    "avg_queue_size": 0.08771929824561403,
    "avg_reschedule_exec_time": 0.9562320430228051,
    "avg_n_delay": 0.05905511811023622,
    "avg_n_scheduler_delay": 0.05511811023622047,
    "avg_n_uncertainty_delay": 0.003937007874015748
}