{
    "makespan": 32370,
    "avg_queue_size": 0.000925925925925926,
    "avg_reschedule_exec_time": 0.4805593169012735,
    "n_uncertainty_delay": 11,
    "conflicts": 0,
    "n_scheduler_delay": 328,
    "n_delay": 339,
    "avg_active_aircrafts": 10.743518518518519
}