{
    "n_delay": 365,
    "conflicts": 0,
    "n_scheduler_delay": 360,
    "avg_reschedule_exec_time": 0.2866711805033129,
    "avg_active_aircrafts": 11.89074074074074,
    "avg_queue_size": 0.06759259259259259,
    "n_uncertainty_delay": 5,
    "makespan": 32370
}