{
    "makespan": 32370,
    "avg_queue_size": 0.003703703703703704,
    "avg_reschedule_exec_time": 0.6321329948514007,
    "n_uncertainty_delay": 4,
    "conflicts": 0,
    "n_scheduler_delay": 443,
    "n_delay": 447,
    "avg_active_aircrafts": 11.314814814814815
}