{
    "n_delay": 321,
    "conflicts": 0,
    "n_scheduler_delay": 312,
    "avg_reschedule_exec_time": 0.26421042264893996,
    "avg_active_aircrafts": 11.755555555555556,
    "avg_queue_size": 0.08148148148148149,
    "n_uncertainty_delay": 9,
    "makespan": 32370
}