{
    "n_scheduler_delay": 431,
    "n_uncertainty_delay": 11,
    "makespan": 32370,
    "conflicts": 0,
    "avg_queue_size": 0.003703703703703704,
    "avg_reschedule_exec_time": 0.34463265219400097,
    "n_delay": 442,
    "avg_active_aircrafts": 11.15
}