{
    "conflicts": 0,
    "avg_n_delay": 0.015384615384615385,
    "avg_n_scheduler_delay": 0.011188811188811189,
    "avg_reschedule_exec_time": 0.23230073149775116,
    "makespan": 76470,
    "avg_queue_size": 0.028671328671328673,
    "avg_n_uncertainty_delay": 0.004195804195804196
}