{
    "conflicts": 486,
    "makespan": 76830,
    "delay_added": 3540,
    "avg_queue_size": 0.010827067669173006,
    "avg_reschedule_exec_time": 1.0261065122929025
}