{
    "conflicts": 434,
    "makespan": 76980,
    "delay_added": 3390,
    "avg_queue_size": 0.1519298245614035,
    "avg_reschedule_exec_time": 0.9877663064510265
}