{
    "avg_reschedule_exec_time": 0.10343088877898404,
    "avg_n_delay": 0.01321279554937413,
    "avg_queue_size": 0.0,
    "conflicts": 0,
    "makespan": 76440,
    "avg_n_scheduler_delay": 0.008344923504867872,
    "avg_n_uncertainty_delay": 0.004867872044506259
}