{
    "conflicts": 13,
    "makespan": 76620,
    "avg_queue_size": 0.2463157894736842,
    "avg_reschedule_exec_time": 0.2340423807184747,
    "avg_n_delay": 0.72,
    "avg_n_scheduler_delay": 0.656,
    "avg_n_uncertainty_delay": 0.064
}