time,rs_exec_time
00:00:00,
00:28:00,0.2974081039428711
00:56:00,1.1747851371765137
01:24:00,1.3207359313964844
01:52:00,1.6867928504943848
02:20:00,0.4687349796295166
02:48:00,3.652269124984741
03:16:00,2.277085065841675
03:44:00,5.815120220184326
04:12:00,2.7347609996795654
04:40:00,4.794979095458984
05:08:00,3.883612871170044
05:36:00,2.1253249645233154
06:04:00,1.7421879768371582
06:32:00,1.9074881076812744
07:00:00,6.21477484703064
07:28:00,3.299325942993164
07:56:00,1.8152220249176025
08:24:00,4.095681190490723
08:52:00,0.9869229793548584
09:20:00,1.0543231964111328
09:48:00,0.6964259147644043
10:16:00,2.9629130363464355
10:44:00,3.173266887664795
11:12:00,3.5171408653259277
11:40:00,1.2783622741699219
12:08:00,4.587738275527954
12:36:00,3.2381832599639893
13:04:00,0.7446460723876953
13:32:00,1.2085940837860107
14:00:00,1.214811086654663
14:28:00,2.074069023132324
14:56:00,4.816540956497192
15:24:00,5.4214537143707275
15:52:00,2.9177470207214355
16:20:00,4.581735849380493
16:48:00,5.256166219711304
17:16:00,2.279158115386963
17:44:00,1.6167678833007812
18:12:00,2.875246047973633
18:40:00,3.2534549236297607
19:08:00,4.9746410846710205
19:36:00,1.019543170928955
20:04:00,16.25923204421997
20:32:00,2.4850611686706543
21:00:00,2.9206559658050537
21:28:00,5.259551048278809
21:56:00,0.8556540012359619
22:24:00,0.7210080623626709
22:52:00,0.6912021636962891
23:20:00,0.736760139465332
