{
    "n_delay": 396,
    "avg_queue_size": 0.04537037037037037,
    "n_scheduler_delay": 389,
    "n_uncertainty_delay": 7,
    "makespan": 32370,
    "conflicts": 0,
    "avg_reschedule_exec_time": 0.5472297113995219,
    "avg_active_aircrafts": 12.042592592592593
}