{
    "makespan": 32370,
    "avg_queue_size": 0.000925925925925926,
    "avg_reschedule_exec_time": 0.39733145735984626,
    "n_uncertainty_delay": 13,
    "conflicts": 0,
    "n_scheduler_delay": 246,
    "n_delay": 259,
    "avg_active_aircrafts": 10.357407407407408
}