{
    "avg_n_delay": 0.011838440111420613,
    "avg_n_scheduler_delay": 0.008008356545961003,
    "avg_queue_size": 0.001392757660167131,
    "avg_n_uncertainty_delay": 0.00383008356545961,
    "conflicts": 0,
    "avg_reschedule_exec_time": 0.1247936833504192,
    "makespan": 76410
}