{
    "n_delay": 346,
    "avg_queue_size": 0.0824074074074074,
    "n_scheduler_delay": 343,
    "n_uncertainty_delay": 3,
    "makespan": 32370,
    "conflicts": 0,
    "avg_reschedule_exec_time": 0.49915033828380495,
    "avg_active_aircrafts": 11.962962962962964
}