{
    "avg_reschedule_exec_time": 0.47151682875877204,
    "avg_active_aircrafts": 10.932407407407407,
    "avg_queue_size": 0.000925925925925926,
    "n_uncertainty_delay": 2,
    "n_delay": 313,
    "conflicts": 0,
    "makespan": 32370,
    "n_scheduler_delay": 311
}