{
    "n_scheduler_delay": 276,
    "n_uncertainty_delay": 16,
    "makespan": 32370,
    "conflicts": 0,
    "avg_queue_size": 0.005555555555555556,
    "avg_reschedule_exec_time": 0.24549176526624103,
    "n_delay": 292,
    "avg_active_aircrafts": 10.387962962962963
}