{
    "avg_reschedule_exec_time": 0.6357438841531443,
    "avg_queue_size": 0.003703703703703704,
    "conflicts": 0,
    "n_scheduler_delay": 405,
    "avg_active_aircrafts": 11.037037037037036,
    "n_delay": 418,
    "makespan": 32370,
    "n_uncertainty_delay": 13
}