{
    "avg_reschedule_exec_time": 0.10250299720711031,
    "avg_n_delay": 0.006258692628650904,
    "avg_queue_size": 0.0,
    "conflicts": 0,
    "makespan": 76260,
    "avg_n_scheduler_delay": 0.006258692628650904,
    "avg_n_uncertainty_delay": 0.0
}