{
    "conflicts": 0,
    "avg_n_delay": 0.014335664335664335,
    "avg_n_scheduler_delay": 0.010839160839160839,
    "avg_reschedule_exec_time": 0.23482044649795747,
    "makespan": 76770,
    "avg_queue_size": 0.062237762237762236,
    "avg_n_uncertainty_delay": 0.0034965034965034965
}