{
    "makespan": 76710,
    "avg_reschedule_exec_time": 0.1097178982525337,
    "avg_queue_size": 0.0,
    "avg_n_uncertainty_delay": 0.0006956521739130435,
    "avg_n_scheduler_delay": 0.009391304347826087,
    "avg_n_delay": 0.01008695652173913,
    "conflicts": 0
}