{
    "avg_n_delay": 0.01007994438651373,
    "avg_queue_size": 0.0,
    "avg_n_scheduler_delay": 0.009037191518943343,
    "avg_reschedule_exec_time": 0.37995154723245067,
    "avg_n_uncertainty_delay": 0.0010427528675703858,
    "makespan": 76260,
    "conflicts": 0
}