{
    "conflicts": 0,
    "avg_n_delay": 0.014685314685314687,
    "avg_n_scheduler_delay": 0.011538461538461539,
    "avg_reschedule_exec_time": 0.2321475089435846,
    "makespan": 76770,
    "avg_queue_size": 0.017132867132867134,
    "avg_n_uncertainty_delay": 0.003146853146853147
}