{
    "avg_n_delay": 0.049305555555555554,
    "avg_queue_size": 0.03125,
    "makespan": 33570,
    "avg_n_scheduler_delay": 0.04583333333333333,
    "avg_n_uncertainty_delay": 0.003472222222222222,
    "conflicts": 0,
    "avg_reschedule_exec_time": 0.1042353205320214
}