{
    "makespan": 32370,
    "n_delay": 366,
    "conflicts": 0,
    "avg_reschedule_exec_time": 0.42818246277734695,
    "n_scheduler_delay": 359,
    "avg_active_aircrafts": 10.969444444444445,
    "avg_queue_size": 0.002777777777777778,
    "n_uncertainty_delay": 7
}