{
    "conflicts": 0,
    "avg_n_delay": 0.020979020979020976,
    "avg_n_scheduler_delay": 0.016083916083916083,
    "avg_reschedule_exec_time": 0.24682433840254664,
    "makespan": 76710,
    "avg_queue_size": 0.017482517482517484,
    "avg_n_uncertainty_delay": 0.0048951048951048955
}