{
    "avg_reschedule_exec_time": 0.5200410820717035,
    "avg_active_aircrafts": 10.858333333333333,
    "avg_queue_size": 0.003703703703703704,
    "n_uncertainty_delay": 0,
    "n_delay": 355,
    "conflicts": 0,
    "makespan": 32370,
    "n_scheduler_delay": 355
}