{
    "n_uncertainty_delay": 9,
    "avg_queue_size": 0.002777777777777778,
    "conflicts": 0,
    "avg_reschedule_exec_time": 0.4652740068213884,
    "n_delay": 323,
    "makespan": 32370,
    "n_scheduler_delay": 314,
    "avg_active_aircrafts": 10.898148148148149
}