{
    "conflicts": 0,
    "n_scheduler_delay": 351,
    "avg_reschedule_exec_time": 0.40579725109511594,
    "avg_active_aircrafts": 10.939814814814815,
    "makespan": 32370,
    "n_uncertainty_delay": 6,
    "n_delay": 357,
    "avg_queue_size": 0.006481481481481481
}