{
    "avg_n_delay": 0.025560224089635857,
    "avg_n_scheduler_delay": 0.02100840336134454,
    "avg_queue_size": 0.07983193277310924,
    "avg_n_uncertainty_delay": 0.004551820728291317,
    "conflicts": 0,
    "avg_reschedule_exec_time": 0.17372563569852623,
    "makespan": 76800
}