{
    "avg_n_delay": 0.012254901960784314,
    "avg_n_scheduler_delay": 0.01015406162464986,
    "avg_queue_size": 0.014005602240896359,
    "avg_n_uncertainty_delay": 0.0021008403361344537,
    "conflicts": 0,
    "avg_reschedule_exec_time": 0.22331101813558804,
    "makespan": 76500
}