{
    "avg_n_scheduler_delay": 0.006606397774687065,
    "avg_queue_size": 0.0,
    "avg_n_delay": 0.01043115438108484,
    "avg_reschedule_exec_time": 0.5884697228089016,
    "conflicts": 0,
    "avg_n_uncertainty_delay": 0.0038247566063977748,
    "makespan": 76320
}