{
    "avg_n_uncertainty_delay": 0.002086230876216968,
    "avg_n_delay": 0.012517385257301809,
    "avg_n_scheduler_delay": 0.01043115438108484,
    "conflicts": 0,
    "avg_queue_size": 0.0,
    "avg_reschedule_exec_time": 0.1013970630746698,
    "makespan": 76530
}