{
    "conflicts": 0,
    "avg_n_delay": 0.011888111888111888,
    "avg_n_scheduler_delay": 0.011888111888111888,
    "avg_reschedule_exec_time": 0.2493803316438702,
    "makespan": 76770,
    "avg_queue_size": 0.05034965034965035,
    "avg_n_uncertainty_delay": 0.0
}