{
    "conflicts": 0,
    "n_scheduler_delay": 335,
    "avg_reschedule_exec_time": 0.5674702415253197,
    "avg_active_aircrafts": 11.052777777777777,
    "makespan": 32370,
    "n_uncertainty_delay": 4,
    "n_delay": 339,
    "avg_queue_size": 0.001851851851851852
}