{
    "n_scheduler_delay": 350,
    "makespan": 32370,
    "avg_reschedule_exec_time": 0.5012633024260055,
    "n_delay": 383,
    "n_uncertainty_delay": 33,
    "avg_queue_size": 0.005555555555555556,
    "conflicts": 0,
    "avg_active_aircrafts": 11.20648148148148
}