{
    "conflicts": 0,
    "avg_n_delay": 0.01783216783216783,
    "avg_n_scheduler_delay": 0.013286713286713287,
    "avg_reschedule_exec_time": 0.2448151279503191,
    "makespan": 76440,
    "avg_queue_size": 0.043356643356643354,
    "avg_n_uncertainty_delay": 0.004545454545454545
}