{
    "conflicts": 0,
    "makespan": 33120,
    "avg_n_delay": 0.040972222222222215,
    "avg_n_scheduler_delay": 0.022916666666666665,
    "avg_n_uncertainty_delay": 0.018055555555555554,
    "avg_queue_size": 0.0020833333333333333,
    "avg_reschedule_exec_time": 0.09336393258033689
}