{
    "n_scheduler_delay": 292,
    "makespan": 32370,
    "avg_reschedule_exec_time": 0.40980590775955555,
    "n_delay": 296,
    "n_uncertainty_delay": 4,
    "avg_queue_size": 0.001851851851851852,
    "conflicts": 0,
    "avg_active_aircrafts": 10.491666666666667
}