{
    "conflicts": 0,
    "avg_n_delay": 0.013286713286713287,
    "avg_n_scheduler_delay": 0.008041958041958041,
    "avg_reschedule_exec_time": 0.21336215986332424,
    "makespan": 76680,
    "avg_queue_size": 0.05314685314685315,
    "avg_n_uncertainty_delay": 0.005244755244755245
}