{
    "conflicts": 0,
    "avg_n_delay": 0.024475524475524476,
    "avg_n_scheduler_delay": 0.017132867132867134,
    "avg_reschedule_exec_time": 0.13879364141276185,
    "makespan": 77130,
    "avg_queue_size": 0.033216783216783216,
    "avg_n_uncertainty_delay": 0.0073426573426573424
}