{
    "avg_n_delay": 0.014275766016713091,
    "avg_n_scheduler_delay": 0.012186629526462395,
    "avg_queue_size": 0.002437325905292479,
    "avg_n_uncertainty_delay": 0.0020891364902506965,
    "conflicts": 0,
    "avg_reschedule_exec_time": 0.13271894534872897,
    "makespan": 76440
}