{
    "n_delay": 311,
    "n_scheduler_delay": 309,
    "avg_active_aircrafts": 10.848148148148148,
    "n_uncertainty_delay": 2,
    "makespan": 32370,
    "avg_reschedule_exec_time": 0.4413666969121889,
    "avg_queue_size": 0.001851851851851852,
    "conflicts": 0
}