{
    "avg_n_delay": 0.012937062937062937,
    "avg_n_scheduler_delay": 0.00944055944055944,
    "avg_queue_size": 0.0486013986013986,
    "avg_n_uncertainty_delay": 0.0034965034965034965,
    "conflicts": 0,
    "avg_reschedule_exec_time": 0.25989642254141876,
    "makespan": 76740
}