{
    "conflicts": 328,
    "makespan": 76740,
    "delay_added": 5250,
    "avg_queue_size": 0.0056179775280898875,
    "avg_reschedule_exec_time": 0.6090346598289382,
    "avg_n_delay": 0.7258687258687259,
    "avg_n_scheduler_delay": 0.04633204633204633,
    "avg_n_uncertainty_delay": 0.6795366795366795
}