{
    "conflicts": 0,
    "n_scheduler_delay": 332,
    "avg_reschedule_exec_time": 1.3190398059393231,
    "avg_active_aircrafts": 10.668831168831169,
    "makespan": 32310,
    "n_uncertainty_delay": 3,
    "n_delay": 335,
    "avg_queue_size": 0.0037105751391465678
}