{
    "conflicts": 0,
    "makespan": 33240,
    "avg_n_delay": 0.043750000000000004,
    "avg_n_scheduler_delay": 0.03263888888888889,
    "avg_n_uncertainty_delay": 0.011111111111111112,
    "avg_queue_size": 0.001388888888888889,
    "avg_reschedule_exec_time": 0.05397415493192115
}