{
    "conflicts": 0,
    "makespan": 33270,
    "avg_n_delay": 0.06180555555555556,
    "avg_n_scheduler_delay": 0.03680555555555556,
    "avg_n_uncertainty_delay": 0.025,
    "avg_queue_size": 0.007638888888888889,
    "avg_reschedule_exec_time": 0.09776855112782427
}