{
    "makespan": 32370,
    "avg_queue_size": 0.002777777777777778,
    "avg_reschedule_exec_time": 0.5710064488787984,
    "n_uncertainty_delay": 3,
    "conflicts": 0,
    "n_scheduler_delay": 403,
    "n_delay": 406,
    "avg_active_aircrafts": 11.13888888888889
}