{
    "conflicts": 0,
    "avg_n_delay": 0.012237762237762238,
    "avg_n_scheduler_delay": 0.012237762237762238,
    "avg_reschedule_exec_time": 0.23688795868779572,
    "makespan": 76500,
    "avg_queue_size": 0.033566433566433566,
    "avg_n_uncertainty_delay": 0.0
}