{
    "avg_n_delay": 0.02097902097902098,
    "avg_n_scheduler_delay": 0.01888111888111888,
    "avg_queue_size": 0.08181818181818182,
    "avg_n_uncertainty_delay": 0.002097902097902098,
    "conflicts": 0,
    "avg_reschedule_exec_time": 0.2603820573299303,
    "makespan": 76500
}