{
    "n_scheduler_delay": 320,
    "n_uncertainty_delay": 0,
    "avg_active_aircrafts": 12.277777777777779,
    "n_delay": 320,
    "avg_reschedule_exec_time": 0.4956601287043372,
    "conflicts": 0,
    "makespan": 32370,
    "avg_queue_size": 0.10648148148148148
}