{
    "conflicts": 0,
    "avg_n_delay": 0.01048951048951049,
    "avg_n_scheduler_delay": 0.0073426573426573424,
    "avg_reschedule_exec_time": 0.22615156207286136,
    "makespan": 76440,
    "avg_queue_size": 0.05,
    "avg_n_uncertainty_delay": 0.003146853146853147
}