{
    "conflicts": 0,
    "makespan": 33150,
    "avg_queue_size": 0.0,
    "avg_reschedule_exec_time": 0.06744427147468318,
    "avg_n_delay": 0.03888888888888889,
    "avg_n_scheduler_delay": 0.03125,
    "avg_n_uncertainty_delay": 0.007638888888888889
}