{
    "conflicts": 0,
    "avg_n_delay": 0.015734265734265736,
    "avg_n_scheduler_delay": 0.010839160839160839,
    "avg_reschedule_exec_time": 0.24995278136830934,
    "makespan": 76530,
    "avg_queue_size": 0.04895104895104895,
    "avg_n_uncertainty_delay": 0.0048951048951048955
}