{
    "n_uncertainty_delay": 1,
    "avg_queue_size": 0.002777777777777778,
    "conflicts": 0,
    "avg_reschedule_exec_time": 0.5575195245964583,
    "n_delay": 396,
    "makespan": 32370,
    "n_scheduler_delay": 395,
    "avg_active_aircrafts": 11.106481481481481
}