{
    "avg_reschedule_exec_time": 0.49096421862757483,
    "avg_active_aircrafts": 10.521296296296295,
    "avg_queue_size": 0.003703703703703704,
    "n_uncertainty_delay": 0,
    "n_delay": 322,
    "conflicts": 0,
    "makespan": 32370,
    "n_scheduler_delay": 322
}