{
    "avg_n_delay": 0.016689847009735744,
    "avg_n_scheduler_delay": 0.012517385257301807,
    "avg_queue_size": 0.0,
    "avg_n_uncertainty_delay": 0.004172461752433936,
    "conflicts": 0,
    "avg_reschedule_exec_time": 0.10176543040527938,
    "makespan": 76530
}