{
    "n_scheduler_delay": 367,
    "n_uncertainty_delay": 2,
    "avg_active_aircrafts": 11.849074074074075,
    "n_delay": 369,
    "avg_reschedule_exec_time": 0.4908802265344664,
    "conflicts": 0,
    "makespan": 32370,
    "avg_queue_size": 0.07314814814814814
}