{
    "makespan": 32370,
    "avg_queue_size": 0.003703703703703704,
    "avg_reschedule_exec_time": 0.5130215057106905,
    "n_uncertainty_delay": 0,
    "conflicts": 0,
    "n_scheduler_delay": 325,
    "n_delay": 325,
    "avg_active_aircrafts": 10.922222222222222
}