{
    "n_scheduler_delay": 320,
    "n_uncertainty_delay": 0,
    "makespan": 32370,
    "conflicts": 0,
    "avg_queue_size": 0.001851851851851852,
    "avg_reschedule_exec_time": 0.5095228672027587,
    "n_delay": 320,
    "avg_active_aircrafts": 10.989814814814816
}