{
    "n_scheduler_delay": 279,
    "n_uncertainty_delay": 0,
    "avg_active_aircrafts": 11.635185185185184,
    "n_delay": 279,
    "avg_reschedule_exec_time": 0.4394623989282652,
    "conflicts": 0,
    "makespan": 32370,
    "avg_queue_size": 0.07962962962962963
}