{
    "avg_active_aircrafts": 11.210185185185185,
    "avg_queue_size": 0.009259259259259259,
    "n_scheduler_delay": 361,
    "n_delay": 361,
    "conflicts": 0,
    "makespan": 32370,
    "n_uncertainty_delay": 0,
    "avg_reschedule_exec_time": 0.28437602020973385
}