{
    "conflicts": 0,
    "makespan": 33510,
    "avg_n_delay": 0.02847222222222222,
    "avg_n_scheduler_delay": 0.02847222222222222,
    "avg_n_uncertainty_delay": 0.0,
    "avg_queue_size": 0.002777777777777778,
    "avg_reschedule_exec_time": 0.053452700957614396
}