{
    "conflicts": 0,
    "avg_n_delay": 0.010839160839160839,
    "avg_n_scheduler_delay": 0.010839160839160839,
    "avg_reschedule_exec_time": 0.23118929795815912,
    "makespan": 76710,
    "avg_queue_size": 0.04265734265734266,
    "avg_n_uncertainty_delay": 0.0
}