{
    "avg_n_delay": 0.024825174825174826,
    "avg_n_scheduler_delay": 0.02062937062937063,
    "avg_queue_size": 0.04685314685314685,
    "avg_n_uncertainty_delay": 0.004195804195804196,
    "conflicts": 0,
    "avg_reschedule_exec_time": 0.2614564895629883,
    "makespan": 76500
}