{
    "avg_n_delay": 0.034722222222222224,
    "avg_queue_size": 0.009722222222222222,
    "makespan": 33330,
    "avg_n_scheduler_delay": 0.029166666666666667,
    "avg_n_uncertainty_delay": 0.005555555555555556,
    "conflicts": 0,
    "avg_reschedule_exec_time": 0.10922631060229186
}