{
    "conflicts": 0,
    "makespan": 75480,
    "avg_queue_size": 0.0,
    "avg_reschedule_exec_time": 0.05996810792216351,
    "avg_n_delay": 0.02051460361613352,
    "avg_n_scheduler_delay": 0.0,
    "avg_n_uncertainty_delay": 0.02051460361613352
}