{
    "conflicts": 0,
    "avg_n_delay": 0.022027972027972027,
    "avg_n_scheduler_delay": 0.009790209790209791,
    "avg_reschedule_exec_time": 0.2284236961687115,
    "makespan": 76650,
    "avg_queue_size": 0.0472027972027972,
    "avg_n_uncertainty_delay": 0.012237762237762238
}