{
    "conflicts": 0,
    "n_scheduler_delay": 354,
    "avg_reschedule_exec_time": 1.4495734195960195,
    "avg_active_aircrafts": 11.079777365491651,
    "makespan": 32310,
    "n_uncertainty_delay": 5,
    "n_delay": 359,
    "avg_queue_size": 0.0027829313543599257
}