{
    "makespan": 32370,
    "avg_queue_size": 0.001851851851851852,
    "avg_reschedule_exec_time": 0.5266517439553904,
    "n_uncertainty_delay": 9,
    "conflicts": 0,
    "n_scheduler_delay": 362,
    "n_delay": 371,
    "avg_active_aircrafts": 11.146296296296295
}