{
    "avg_reschedule_exec_time": 0.10452783805082104,
    "avg_n_delay": 0.015994436717663423,
    "avg_queue_size": 0.0,
    "conflicts": 0,
    "makespan": 76530,
    "avg_n_scheduler_delay": 0.014255910987482615,
    "avg_n_uncertainty_delay": 0.0017385257301808068
}