{
    "avg_n_delay": 0.018815331010452963,
    "avg_n_scheduler_delay": 0.01289198606271777,
    "avg_queue_size": 0.0027874564459930314,
    "avg_n_uncertainty_delay": 0.005923344947735192,
    "conflicts": 0,
    "avg_reschedule_exec_time": 0.15627013053093758,
    "makespan": 76500
}