{
    "n_uncertainty_delay": 10,
    "avg_queue_size": 0.005555555555555556,
    "conflicts": 0,
    "avg_reschedule_exec_time": 0.4996863331905631,
    "n_delay": 350,
    "makespan": 32370,
    "n_scheduler_delay": 340,
    "avg_active_aircrafts": 10.746296296296297
}