{
    "n_delay": 365,
    "avg_queue_size": 0.09444444444444444,
    "n_scheduler_delay": 361,
    "n_uncertainty_delay": 4,
    "makespan": 32370,
    "conflicts": 0,
    "avg_reschedule_exec_time": 0.5182764142058617,
    "avg_active_aircrafts": 11.994444444444444
}