{
    "conflicts": 0,
    "n_scheduler_delay": 307,
    "avg_reschedule_exec_time": 0.8777845507470247,
    "avg_active_aircrafts": 10.726851851851851,
    "makespan": 32370,
    "n_uncertainty_delay": 5,
    "n_delay": 312,
    "avg_queue_size": 0.001851851851851852
}