{
    "conflicts": 0,
    "n_scheduler_delay": 337,
    "avg_reschedule_exec_time": 0.40692295726790306,
    "avg_active_aircrafts": 10.905555555555555,
    "makespan": 32370,
    "n_uncertainty_delay": 4,
    "n_delay": 341,
    "avg_queue_size": 0.003703703703703704
}