{
    "makespan": 32370,
    "n_delay": 366,
    "conflicts": 0,
    "avg_reschedule_exec_time": 0.426178775312289,
    "n_scheduler_delay": 356,
    "avg_active_aircrafts": 10.795370370370371,
    "avg_queue_size": 0.001851851851851852,
    "n_uncertainty_delay": 10
}