{
    "conflicts": 167,
    "makespan": 76830,
    "avg_queue_size": 0.057692307692307696,
    "avg_reschedule_exec_time": 0.6819287286985904,
    "avg_n_delay": 0.08695652173913043,
    "avg_n_scheduler_delay": 0.08695652173913043,
    "avg_n_uncertainty_delay": 0.0
}