{
    "conflicts": 0,
    "n_scheduler_delay": 370,
    "avg_reschedule_exec_time": 2.47467292479749,
    "avg_active_aircrafts": 10.91851851851852,
    "makespan": 32370,
    "n_uncertainty_delay": 1,
    "n_delay": 371,
    "avg_queue_size": 0.002777777777777778
}