{
    "avg_n_delay": 0.014685314685314685,
    "avg_n_scheduler_delay": 0.00909090909090909,
    "avg_queue_size": 0.0472027972027972,
    "avg_n_uncertainty_delay": 0.005594405594405594,
    "conflicts": 0,
    "avg_reschedule_exec_time": 0.21746063400322282,
    "makespan": 76680
}