{
    "makespan": 32370,
    "avg_queue_size": 0.004629629629629629,
    "avg_reschedule_exec_time": 0.5394155003303706,
    "n_uncertainty_delay": 14,
    "conflicts": 0,
    "n_scheduler_delay": 354,
    "n_delay": 368,
    "avg_active_aircrafts": 11.078703703703704
}