{
    "avg_n_delay": 0.016433566433566436,
    "avg_n_scheduler_delay": 0.011538461538461539,
    "avg_queue_size": 0.03076923076923077,
    "avg_n_uncertainty_delay": 0.0048951048951048955,
    "conflicts": 0,
    "avg_reschedule_exec_time": 0.22565097540197238,
    "makespan": 76440
}