{
    "n_scheduler_delay": 365,
    "n_uncertainty_delay": 12,
    "avg_active_aircrafts": 12.255555555555556,
    "n_delay": 377,
    "avg_reschedule_exec_time": 0.2899752284205237,
    "conflicts": 0,
    "makespan": 32370,
    "avg_queue_size": 0.07685185185185185
}