{
    "avg_reschedule_exec_time": 0.7122445350469545,
    "avg_queue_size": 0.002777777777777778,
    "conflicts": 0,
    "n_scheduler_delay": 487,
    "avg_active_aircrafts": 11.637962962962963,
    "n_delay": 497,
    "makespan": 32370,
    "n_uncertainty_delay": 10
}