{
    "n_scheduler_delay": 307,
    "n_uncertainty_delay": 13,
    "makespan": 32370,
    "conflicts": 0,
    "avg_queue_size": 0.001851851851851852,
    "avg_reschedule_exec_time": 0.2609694236932799,
    "n_delay": 320,
    "avg_active_aircrafts": 10.636111111111111
}