{
    "makespan": 32370,
    "avg_queue_size": 0.005555555555555556,
    "avg_reschedule_exec_time": 0.5079102627066678,
    "n_uncertainty_delay": 8,
    "conflicts": 0,
    "n_scheduler_delay": 344,
    "n_delay": 352,
    "avg_active_aircrafts": 10.75
}