{
    "makespan": 32370,
    "avg_queue_size": 0.003703703703703704,
    "avg_reschedule_exec_time": 0.5398963041083757,
    "n_uncertainty_delay": 6,
    "conflicts": 0,
    "n_scheduler_delay": 382,
    "n_delay": 388,
    "avg_active_aircrafts": 11.092592592592593
}