{
    "avg_active_aircrafts": 10.728703703703705,
    "avg_queue_size": 0.002777777777777778,
    "n_scheduler_delay": 299,
    "n_delay": 304,
    "conflicts": 0,
    "makespan": 32370,
    "n_uncertainty_delay": 5,
    "avg_reschedule_exec_time": 0.24002102031264194
}