{
    "avg_reschedule_exec_time": 0.45939796691717105,
    "avg_queue_size": 0.000925925925925926,
    "conflicts": 0,
    "n_scheduler_delay": 313,
    "avg_active_aircrafts": 10.48611111111111,
    "n_delay": 314,
    "makespan": 32370,
    "n_uncertainty_delay": 1
}