{
    "n_delay": 235,
    "avg_queue_size": 0.07962962962962963,
    "n_scheduler_delay": 235,
    "n_uncertainty_delay": 0,
    "makespan": 32370,
    "conflicts": 0,
    "avg_reschedule_exec_time": 0.39500565307084906,
    "avg_active_aircrafts": 11.383333333333333
}