{
    "n_scheduler_delay": 386,
    "makespan": 32370,
    "avg_reschedule_exec_time": 0.5234418059504309,
    "n_delay": 397,
    "n_uncertainty_delay": 11,
    "avg_queue_size": 0.000925925925925926,
    "conflicts": 0,
    "avg_active_aircrafts": 10.967592592592593
}