{
    "n_scheduler_delay": 388,
    "n_uncertainty_delay": 3,
    "avg_active_aircrafts": 11.962037037037037,
    "n_delay": 391,
    "avg_reschedule_exec_time": 0.5319206149079079,
    "conflicts": 0,
    "makespan": 32370,
    "avg_queue_size": 0.062037037037037036
}