{
    "n_uncertainty_delay": 3,
    "avg_queue_size": 0.003703703703703704,
    "conflicts": 0,
    "avg_reschedule_exec_time": 0.4943160711332809,
    "n_delay": 292,
    "makespan": 32370,
    "n_scheduler_delay": 289,
    "avg_active_aircrafts": 11.027777777777779
}