{
    "conflicts": 0,
    "avg_n_delay": 0.017132867132867134,
    "avg_n_scheduler_delay": 0.014335664335664336,
    "avg_reschedule_exec_time": 0.257216623131658,
    "makespan": 76710,
    "avg_queue_size": 0.05839160839160839,
    "avg_n_uncertainty_delay": 0.002797202797202797
}