{
    "n_uncertainty_delay": 5,
    "avg_queue_size": 0.002777777777777778,
    "conflicts": 0,
    "avg_reschedule_exec_time": 0.59256352491157,
    "n_delay": 407,
    "makespan": 32370,
    "n_scheduler_delay": 402,
    "avg_active_aircrafts": 11.221296296296297
}