{
    "avg_reschedule_exec_time": 0.5245326441387798,
    "avg_active_aircrafts": 10.883333333333333,
    "avg_queue_size": 0.001851851851851852,
    "n_uncertainty_delay": 4,
    "n_delay": 350,
    "conflicts": 0,
    "makespan": 32370,
    "n_scheduler_delay": 346
}