{
    "makespan": 32370,
    "avg_queue_size": 0.001851851851851852,
    "avg_reschedule_exec_time": 0.4180838485096776,
    "n_uncertainty_delay": 10,
    "conflicts": 0,
    "n_scheduler_delay": 281,
    "n_delay": 291,
    "avg_active_aircrafts": 10.299074074074074
}