{
    "conflicts": 0,
    "n_scheduler_delay": 360,
    "avg_reschedule_exec_time": 1.874604102336999,
    "avg_active_aircrafts": 10.792910447761194,
    "makespan": 32130,
    "n_uncertainty_delay": 5,
    "n_delay": 365,
    "avg_queue_size": 0.0009328358208955224
}