{
    "avg_active_aircrafts": 10.73425925925926,
    "avg_queue_size": 0.001851851851851852,
    "n_scheduler_delay": 349,
    "n_delay": 368,
    "conflicts": 0,
    "makespan": 32370,
    "n_uncertainty_delay": 19,
    "avg_reschedule_exec_time": 0.2624591494715491
}