{
    "avg_reschedule_exec_time": 0.10042883227462555,
    "avg_n_delay": 0.014951321279554938,
    "avg_queue_size": 0.0,
    "conflicts": 0,
    "makespan": 76320,
    "avg_n_scheduler_delay": 0.006954102920723227,
    "avg_n_uncertainty_delay": 0.007997218358831711
}