{
    "avg_reschedule_exec_time": 0.5225686239641766,
    "avg_active_aircrafts": 10.487037037037037,
    "avg_queue_size": 0.002777777777777778,
    "n_uncertainty_delay": 0,
    "n_delay": 377,
    "conflicts": 0,
    "makespan": 32370,
    "n_scheduler_delay": 377
}