{
    "makespan": 32370,
    "avg_queue_size": 0.007407407407407408,
    "avg_reschedule_exec_time": 0.5032943381819615,
    "n_uncertainty_delay": 19,
    "conflicts": 0,
    "n_scheduler_delay": 314,
    "n_delay": 333,
    "avg_active_aircrafts": 10.86111111111111
}