{
    "conflicts": 0,
    "makespan": 33120,
    "avg_n_delay": 0.03611111111111111,
    "avg_n_scheduler_delay": 0.02847222222222222,
    "avg_n_uncertainty_delay": 0.007638888888888889,
    "avg_queue_size": 0.004166666666666667,
    "avg_reschedule_exec_time": 0.054229712419855226
}