{
    "conflicts": 0,
    "avg_n_delay": 0.015384615384615385,
    "avg_n_scheduler_delay": 0.01048951048951049,
    "avg_reschedule_exec_time": 0.24294613280766447,
    "makespan": 76650,
    "avg_queue_size": 0.04650349650349651,
    "avg_n_uncertainty_delay": 0.0048951048951048955
}