{
    "n_delay": 287,
    "avg_queue_size": 0.05740740740740741,
    "n_scheduler_delay": 284,
    "n_uncertainty_delay": 3,
    "makespan": 32370,
    "conflicts": 0,
    "avg_reschedule_exec_time": 0.4433845752893492,
    "avg_active_aircrafts": 11.848148148148148
}