{
    "makespan": 32370,
    "avg_queue_size": 0.008333333333333333,
    "avg_reschedule_exec_time": 0.5034355706946795,
    "n_uncertainty_delay": 14,
    "conflicts": 0,
    "n_scheduler_delay": 353,
    "n_delay": 367,
    "avg_active_aircrafts": 10.678703703703704
}