{
    "makespan": 76680,
    "avg_reschedule_exec_time": 0.09791553753881684,
    "avg_queue_size": 0.0,
    "avg_n_uncertainty_delay": 0.0010420284821118443,
    "avg_n_scheduler_delay": 0.010420284821118444,
    "avg_n_delay": 0.011462313303230288,
    "conflicts": 0
}