{
    "makespan": 76260,
    "avg_reschedule_exec_time": 0.3905614275786206,
    "avg_n_delay": 0.01321279554937413,
    "avg_queue_size": 0.0,
    "avg_n_uncertainty_delay": 0.0003477051460361613,
    "avg_n_scheduler_delay": 0.01286509040333797,
    "conflicts": 0
}