{
    "conflicts": 16,
    "makespan": 76650,
    "avg_queue_size": 0.0863157894736842,
    "avg_reschedule_exec_time": 0.8490068151595744,
    "avg_n_delay": 0.05405405405405405,
    "avg_n_scheduler_delay": 0.04633204633204633,
    "avg_n_uncertainty_delay": 0.007722007722007722
}