{
    "conflicts": 0,
    "makespan": 33390,
    "avg_n_delay": 0.03194444444444444,
    "avg_n_scheduler_delay": 0.027777777777777776,
    "avg_n_uncertainty_delay": 0.004166666666666667,
    "avg_queue_size": 0.001388888888888889,
    "avg_reschedule_exec_time": 0.052167223688619715
}