{
    "conflicts": 0,
    "n_scheduler_delay": 363,
    "avg_reschedule_exec_time": 0.5950550446963178,
    "avg_active_aircrafts": 11.035185185185185,
    "makespan": 32370,
    "n_uncertainty_delay": 6,
    "n_delay": 369,
    "avg_queue_size": 0.001851851851851852
}