{
    "avg_n_delay": 0.03125,
    "avg_queue_size": 0.002777777777777778,
    "makespan": 33450,
    "avg_n_scheduler_delay": 0.025,
    "avg_n_uncertainty_delay": 0.00625,
    "conflicts": 0,
    "avg_reschedule_exec_time": 0.09601825791149086
}