{
    "n_delay": 273,
    "conflicts": 0,
    "n_scheduler_delay": 268,
    "avg_reschedule_exec_time": 0.23270394857539686,
    "avg_active_aircrafts": 11.274074074074074,
    "avg_queue_size": 0.06666666666666667,
    "n_uncertainty_delay": 5,
    "makespan": 32370
}