{
    "conflicts": 0,
    "n_scheduler_delay": 343,
    "avg_reschedule_exec_time": 0.2906207255397082,
    "avg_active_aircrafts": 10.733333333333333,
    "makespan": 32370,
    "n_uncertainty_delay": 13,
    "n_delay": 356,
    "avg_queue_size": 0.007407407407407408
}