{
    "n_delay": 322,
    "n_scheduler_delay": 313,
    "avg_active_aircrafts": 10.613888888888889,
    "n_uncertainty_delay": 9,
    "makespan": 32370,
    "avg_reschedule_exec_time": 0.48051363811936487,
    "avg_queue_size": 0.002777777777777778,
    "conflicts": 0
}