{
    "makespan": 32370,
    "avg_queue_size": 0.003703703703703704,
    "avg_reschedule_exec_time": 0.5076901014461074,
    "n_uncertainty_delay": 21,
    "conflicts": 0,
    "n_scheduler_delay": 339,
    "n_delay": 360,
    "avg_active_aircrafts": 11.05462962962963
}