{
    "avg_reschedule_exec_time": 0.07400720329894384,
    "avg_queue_size": 0.0,
    "avg_n_scheduler_delay": 0.02847222222222222,
    "avg_n_uncertainty_delay": 0.00625,
    "conflicts": 0,
    "avg_n_delay": 0.034722222222222224,
    "makespan": 33210
}