{
    "avg_reschedule_exec_time": 0.5194322508434916,
    "avg_active_aircrafts": 11.08148148148148,
    "avg_queue_size": 0.002777777777777778,
    "n_uncertainty_delay": 1,
    "n_delay": 351,
    "conflicts": 0,
    "makespan": 32370,
    "n_scheduler_delay": 350
}