{
    "n_delay": 308,
    "avg_queue_size": 0.058333333333333334,
    "n_scheduler_delay": 304,
    "n_uncertainty_delay": 4,
    "makespan": 32370,
    "conflicts": 0,
    "avg_reschedule_exec_time": 0.45694102242935536,
    "avg_active_aircrafts": 12.032407407407407
}