{
    "n_uncertainty_delay": 0,
    "makespan": 32370,
    "n_delay": 329,
    "avg_queue_size": 0.001851851851851852,
    "avg_active_aircrafts": 10.756481481481481,
    "n_scheduler_delay": 329,
    "conflicts": 0,
    "avg_reschedule_exec_time": 0.2557068636333345
}