{
    "makespan": 76380,
    "avg_queue_size": 0.0,
    "conflicts": 0,
    "avg_reschedule_exec_time": 0.5920170949852985,
    "avg_n_delay": 0.009030913511635985,
    "avg_n_uncertainty_delay": 0.0003473428273706148,
    "avg_n_scheduler_delay": 0.00868357068426537
}