{
    "avg_n_delay": 0.012534818941504178,
    "avg_n_scheduler_delay": 0.006963788300835654,
    "avg_queue_size": 0.0006963788300835655,
    "avg_n_uncertainty_delay": 0.005571030640668524,
    "conflicts": 0,
    "avg_reschedule_exec_time": 0.11847123686827761,
    "makespan": 76290
}