{
    "conflicts": 14,
    "makespan": 76710,
    "avg_queue_size": 0.09473684210526316,
    "avg_reschedule_exec_time": 0.9288416441450728,
    "avg_n_delay": 0.050980392156862744,
    "avg_n_scheduler_delay": 0.047058823529411764,
    "avg_n_uncertainty_delay": 0.00392156862745098
}