{
    "avg_reschedule_exec_time": 0.46869662307029547,
    "avg_active_aircrafts": 10.723148148148148,
    "avg_queue_size": 0.002777777777777778,
    "n_uncertainty_delay": 0,
    "n_delay": 317,
    "conflicts": 0,
    "makespan": 32370,
    "n_scheduler_delay": 317
}