{
    "n_delay": 302,
    "avg_queue_size": 0.05555555555555555,
    "n_scheduler_delay": 302,
    "n_uncertainty_delay": 0,
    "makespan": 32370,
    "conflicts": 0,
    "avg_reschedule_exec_time": 0.4550402563671733,
    "avg_active_aircrafts": 11.440740740740742
}