{
    "avg_n_delay": 0.009103641456582634,
    "avg_n_scheduler_delay": 0.007352941176470588,
    "avg_queue_size": 0.08753501400560224,
    "avg_n_uncertainty_delay": 0.0017507002801120449,
    "conflicts": 0,
    "avg_reschedule_exec_time": 0.22968930107052044,
    "makespan": 76770
}