{
    "avg_reschedule_exec_time": 0.07542380895607996,
    "avg_queue_size": 0.0,
    "avg_n_scheduler_delay": 0.03819444444444445,
    "avg_n_uncertainty_delay": 0.002777777777777778,
    "conflicts": 0,
    "avg_n_delay": 0.04097222222222222,
    "makespan": 33240
}