{
    "makespan": 76230,
    "avg_queue_size": 0.0,
    "conflicts": 0,
    "avg_reschedule_exec_time": 0.5679550157643756,
    "avg_n_delay": 0.012851684612712747,
    "avg_n_uncertainty_delay": 0.0020840569642236887,
    "avg_n_scheduler_delay": 0.01076762764848906
}