{
    "conflicts": 72,
    "makespan": 85470,
    "delay_added": 3360,
    "avg_queue_size": 18.37871345029214,
    "avg_reschedule_exec_time": 0.27034238832337515
}