{
    "conflicts": 0,
    "avg_n_delay": 0.017132867132867134,
    "avg_n_scheduler_delay": 0.011888111888111888,
    "avg_reschedule_exec_time": 0.2343684888221848,
    "makespan": 76770,
    "avg_queue_size": 0.05419580419580419,
    "avg_n_uncertainty_delay": 0.005244755244755245
}