{
    "avg_n_uncertainty_delay": 0.002086230876216968,
    "avg_n_delay": 0.015299026425591099,
    "avg_n_scheduler_delay": 0.01321279554937413,
    "conflicts": 0,
    "avg_queue_size": 0.0,
    "avg_reschedule_exec_time": 0.10430051191271514,
    "makespan": 76770
}