{
    "avg_n_scheduler_delay": 0.005910987482614743,
    "avg_queue_size": 0.0,
    "avg_n_delay": 0.008692628650904033,
    "avg_reschedule_exec_time": 0.5903669286903233,
    "conflicts": 0,
    "avg_n_uncertainty_delay": 0.0027816411682892906,
    "makespan": 76650
}