{
    "makespan": 76440,
    "avg_queue_size": 0.0,
    "conflicts": 0,
    "avg_reschedule_exec_time": 0.5949825058401502,
    "avg_n_delay": 0.0121654501216545,
    "avg_n_uncertainty_delay": 0.0006951685783802572,
    "avg_n_scheduler_delay": 0.011470281543274244
}