{
    "avg_reschedule_exec_time": 0.5684262042821839,
    "avg_queue_size": 0.005555555555555556,
    "conflicts": 0,
    "n_scheduler_delay": 335,
    "avg_active_aircrafts": 11.315740740740742,
    "n_delay": 353,
    "makespan": 32370,
    "n_uncertainty_delay": 18
}