{
    "makespan": 32370,
    "avg_queue_size": 0.001851851851851852,
    "avg_reschedule_exec_time": 0.4820220548053121,
    "n_uncertainty_delay": 13,
    "conflicts": 0,
    "n_scheduler_delay": 338,
    "n_delay": 351,
    "avg_active_aircrafts": 10.51574074074074
}