{
    "avg_n_uncertainty_delay": 0.0003473428273706148,
    "makespan": 76200,
    "avg_n_delay": 0.0069468565474122956,
    "avg_reschedule_exec_time": 0.38743959787245336,
    "conflicts": 0,
    "avg_queue_size": 0.0,
    "avg_n_scheduler_delay": 0.006599513720041681
}