{
    "makespan": 76680,
    "avg_queue_size": 0.0,
    "conflicts": 0,
    "avg_reschedule_exec_time": 0.5755805265667292,
    "avg_n_delay": 0.009378256339006599,
    "avg_n_uncertainty_delay": 0.0010420284821118443,
    "avg_n_scheduler_delay": 0.008336227856894755
}