{
    "conflicts": 81,
    "makespan": 85650,
    "delay_added": 3000,
    "avg_queue_size": 21.447595704948373,
    "avg_reschedule_exec_time": 0.2334292459487915
}