{
    "avg_reschedule_exec_time": 0.5692775171856548,
    "avg_active_aircrafts": 11.0,
    "avg_queue_size": 0.005555555555555556,
    "n_uncertainty_delay": 3,
    "n_delay": 401,
    "conflicts": 0,
    "makespan": 32370,
    "n_scheduler_delay": 398
}