{
    "n_uncertainty_delay": 7,
    "avg_queue_size": 0.005555555555555556,
    "conflicts": 0,
    "avg_reschedule_exec_time": 0.5132464597391527,
    "n_delay": 340,
    "makespan": 32370,
    "n_scheduler_delay": 333,
    "avg_active_aircrafts": 10.987962962962962
}