{
    "conflicts": 0,
    "n_scheduler_delay": 299,
    "avg_reschedule_exec_time": 0.5205428800103384,
    "avg_active_aircrafts": 10.73425925925926,
    "makespan": 32370,
    "n_uncertainty_delay": 14,
    "n_delay": 313,
    "avg_queue_size": 0.004629629629629629
}