{
    "avg_queue_size": 0.005555555555555556,
    "n_uncertainty_delay": 5,
    "makespan": 32370,
    "n_scheduler_delay": 334,
    "avg_reschedule_exec_time": 0.2706145674683327,
    "conflicts": 0,
    "n_delay": 339,
    "avg_active_aircrafts": 10.598148148148148
}