{
    "conflicts": 0,
    "makespan": 33480,
    "avg_n_delay": 0.052777777777777785,
    "avg_n_scheduler_delay": 0.03819444444444445,
    "avg_n_uncertainty_delay": 0.014583333333333334,
    "avg_queue_size": 0.0,
    "avg_reschedule_exec_time": 0.09601107945349223
}