{
    "conflicts": 0,
    "n_scheduler_delay": 262,
    "avg_reschedule_exec_time": 0.2561640540390156,
    "avg_active_aircrafts": 10.675,
    "makespan": 32370,
    "n_uncertainty_delay": 13,
    "n_delay": 275,
    "avg_queue_size": 0.005555555555555556
}