{
    "makespan": 32370,
    "n_delay": 333,
    "conflicts": 0,
    "avg_reschedule_exec_time": 0.26485776237742575,
    "n_scheduler_delay": 328,
    "avg_active_aircrafts": 11.030555555555555,
    "avg_queue_size": 0.006481481481481481,
    "n_uncertainty_delay": 5
}