{
    "conflicts": 0,
    "avg_n_delay": 0.011538461538461539,
    "avg_n_scheduler_delay": 0.01048951048951049,
    "avg_reschedule_exec_time": 0.2383168230594044,
    "makespan": 76530,
    "avg_queue_size": 0.05384615384615385,
    "avg_n_uncertainty_delay": 0.001048951048951049
}