{
    "makespan": 32370,
    "avg_queue_size": 0.000925925925925926,
    "avg_reschedule_exec_time": 0.5494758406350779,
    "n_uncertainty_delay": 24,
    "conflicts": 0,
    "n_scheduler_delay": 361,
    "n_delay": 385,
    "avg_active_aircrafts": 11.295370370370371
}