{
    "makespan": 32370,
    "avg_queue_size": 0.000925925925925926,
    "avg_reschedule_exec_time": 0.43753793184147327,
    "n_uncertainty_delay": 0,
    "conflicts": 0,
    "n_scheduler_delay": 289,
    "n_delay": 289,
    "avg_active_aircrafts": 10.503703703703703
}