{
    "makespan": 76350,
    "avg_reschedule_exec_time": 0.11520804144395418,
    "avg_queue_size": 0.0006946856547412296,
    "avg_n_uncertainty_delay": 0.0003473428273706148,
    "avg_n_scheduler_delay": 0.00798888502952414,
    "avg_n_delay": 0.008336227856894755,
    "conflicts": 0
}