{
    "conflicts": 607,
    "makespan": 77520,
    "avg_queue_size": 0.06179775280898876,
    "avg_reschedule_exec_time": 0.9586944309147921,
    "avg_n_delay": 2.3238866396761133,
    "avg_n_scheduler_delay": 0.20647773279352227,
    "avg_n_uncertainty_delay": 2.117408906882591
}