time,rs_exec_time
00:00:00,
00:16:00,0.30284905433654785
00:32:00,0.6247079372406006
00:48:00,0.6980409622192383
01:04:00,1.0006349086761475
01:20:00,1.2566359043121338
01:36:00,1.0002532005310059
01:52:00,0.39346814155578613
02:08:00,0.633673906326294
02:24:00,0.39067912101745605
02:40:00,0.8191418647766113
02:56:00,0.41036200523376465
03:12:00,0.43503832817077637
03:28:00,1.0108141899108887
03:44:00,1.3479430675506592
04:00:00,1.0277891159057617
04:16:00,0.7297549247741699
04:32:00,0.4085838794708252
04:48:00,0.7072708606719971
05:04:00,0.7514398097991943
05:20:00,0.7066740989685059
05:36:00,0.7305941581726074
05:52:00,1.0476441383361816
06:08:00,1.0837440490722656
06:24:00,1.7962160110473633
06:40:00,1.0965688228607178
06:56:00,1.0906782150268555
07:12:00,1.1008882522583008
07:28:00,0.768146276473999
07:44:00,1.806398868560791
08:00:00,2.2449429035186768
08:16:00,0.7963991165161133
08:32:00,1.1513309478759766
08:48:00,2.2001001834869385
09:04:00,1.143594741821289
09:20:00,0.8334240913391113
09:36:00,0.3598592281341553
09:52:00,0.4737510681152344
10:08:00,0.44210290908813477
10:24:00,0.7922811508178711
10:40:00,0.829171895980835
10:56:00,0.477694034576416
11:12:00,0.389538049697876
11:28:00,0.4674520492553711
11:44:00,0.882728099822998
12:00:00,0.36069512367248535
12:16:00,0.49552297592163086
12:32:00,0.45651674270629883
12:48:00,1.1792590618133545
13:04:00,2.4510750770568848
13:20:00,0.4903688430786133
13:36:00,0.7969379425048828
13:52:00,0.8682339191436768
14:08:00,0.48087620735168457
14:24:00,1.1781551837921143
14:40:00,1.3732218742370605
14:56:00,0.8195741176605225
15:12:00,0.8884291648864746
15:28:00,0.867887020111084
15:44:00,1.192112684249878
16:00:00,1.27559494972229
16:16:00,0.8828940391540527
16:32:00,1.2641239166259766
16:48:00,0.5003049373626709
17:04:00,0.8790969848632812
17:20:00,1.2350990772247314
17:36:00,0.5302119255065918
17:52:00,1.378675937652588
18:08:00,5.3869709968566895
18:24:00,2.2361233234405518
18:40:00,0.9717221260070801
18:56:00,0.5415916442871094
19:12:00,0.42192697525024414
19:28:00,0.501352071762085
19:44:00,1.7699899673461914
20:00:00,0.8907604217529297
20:16:00,0.504525899887085
20:32:00,4.409855842590332
20:48:00,1.4636800289154053
21:04:00,0.42823028564453125
21:20:00,0.9453823566436768
21:36:00,0.4544351100921631
21:52:00,0.421414852142334
22:08:00,0.42778587341308594
22:24:00,0.4312739372253418
22:40:00,0.43131589889526367
22:56:00,0.4366581439971924
23:12:00,0.3415968418121338
23:28:00,0.4426450729370117
