{
    "n_scheduler_delay": 370,
    "n_uncertainty_delay": 0,
    "makespan": 32370,
    "conflicts": 0,
    "avg_queue_size": 0.003703703703703704,
    "avg_reschedule_exec_time": 0.5273190498352051,
    "n_delay": 370,
    "avg_active_aircrafts": 10.796296296296296
}