{
    "n_scheduler_delay": 398,
    "n_uncertainty_delay": 0,
    "avg_active_aircrafts": 12.174074074074074,
    "n_delay": 398,
    "avg_reschedule_exec_time": 0.5483214422713879,
    "conflicts": 0,
    "makespan": 32370,
    "avg_queue_size": 0.08611111111111111
}