{
    "n_scheduler_delay": 344,
    "n_uncertainty_delay": 10,
    "makespan": 32370,
    "conflicts": 0,
    "avg_queue_size": 0.001851851851851852,
    "avg_reschedule_exec_time": 0.2785181855046472,
    "n_delay": 354,
    "avg_active_aircrafts": 10.728703703703705
}