{
    "conflicts": 0,
    "avg_n_delay": 0.013286713286713287,
    "avg_n_scheduler_delay": 0.009790209790209791,
    "avg_reschedule_exec_time": 0.2471529631547525,
    "makespan": 76440,
    "avg_queue_size": 0.017132867132867134,
    "avg_n_uncertainty_delay": 0.0034965034965034965
}