{
    "avg_n_delay": 0.017819706498951784,
    "avg_n_scheduler_delay": 0.0143256464011181,
    "avg_queue_size": 0.03389238294898672,
    "avg_n_uncertainty_delay": 0.0034940600978336828,
    "conflicts": 0,
    "avg_reschedule_exec_time": 0.22659596008590505,
    "makespan": 76680
}