{
    "avg_reschedule_exec_time": 0.10176959077627878,
    "avg_n_delay": 0.014255910987482615,
    "avg_queue_size": 0.0,
    "conflicts": 0,
    "makespan": 76230,
    "avg_n_scheduler_delay": 0.009388038942976356,
    "avg_n_uncertainty_delay": 0.004867872044506259
}