{
    "total_conflicts": 899,
    "makespan": 79320,
    "delay_added": 300,
    "avg_queue_size": 1.2125451789670083,
    "avg_reschedule_exec_time": 0.36658913880875965
}