{"total_conflicts": 546, "makespan": 80370, "delay_added": 180, "avg_queue_size": 1.50099102250204, "avg_reschedule_exec_time": 0.08185161433173614}