{
    "total_conflicts": 666,
    "makespan": 79320,
    "delay_added": 150,
    "avg_queue_size": 1.291710388247637,
    "avg_reschedule_exec_time": 0.28870434668457623
}