{
    "total_conflicts": 500,
    "makespan": 81390,
    "delay_added": 30,
    "avg_queue_size": 1.4859507986475409,
    "avg_reschedule_exec_time": 0.31096843608374736
}