{
    "n_uncertainty_delay": 16,
    "avg_queue_size": 0.002777777777777778,
    "conflicts": 0,
    "avg_reschedule_exec_time": 0.5071979023689448,
    "n_delay": 332,
    "makespan": 32370,
    "n_scheduler_delay": 316,
    "avg_active_aircrafts": 10.9
}