{
    "avg_reschedule_exec_time": 0.2951528970585313,
    "avg_active_aircrafts": 10.905555555555555,
    "avg_queue_size": 0.005555555555555556,
    "n_uncertainty_delay": 7,
    "n_delay": 364,
    "conflicts": 0,
    "makespan": 32370,
    "n_scheduler_delay": 357
}