{
    "avg_reschedule_exec_time": 0.26379149791806245,
    "avg_active_aircrafts": 11.040740740740741,
    "avg_queue_size": 0.004629629629629629,
    "n_uncertainty_delay": 3,
    "n_delay": 294,
    "conflicts": 0,
    "makespan": 32370,
    "n_scheduler_delay": 291
}