{
    "n_uncertainty_delay": 8,
    "avg_queue_size": 0.001851851851851852,
    "conflicts": 0,
    "avg_reschedule_exec_time": 0.5247053079826888,
    "n_delay": 349,
    "makespan": 32370,
    "n_scheduler_delay": 341,
    "avg_active_aircrafts": 10.982407407407408
}