{
    "n_delay": 336,
    "n_scheduler_delay": 318,
    "avg_active_aircrafts": 10.841666666666667,
    "n_uncertainty_delay": 18,
    "makespan": 32370,
    "avg_reschedule_exec_time": 0.25017907120460686,
    "avg_queue_size": 0.001851851851851852,
    "conflicts": 0
}