{
    "conflicts": 0,
    "makespan": 75720,
    "avg_queue_size": 0.0,
    "avg_reschedule_exec_time": 0.05847012764232072,
    "avg_n_delay": 0.0006954102920723226,
    "avg_n_scheduler_delay": 0.0,
    "avg_n_uncertainty_delay": 0.0006954102920723226
}