{
    "makespan": 32370,
    "avg_queue_size": 0.005555555555555556,
    "avg_reschedule_exec_time": 0.45734342419823937,
    "n_uncertainty_delay": 15,
    "conflicts": 0,
    "n_scheduler_delay": 324,
    "n_delay": 339,
    "avg_active_aircrafts": 10.613888888888889
}