{
    "n_scheduler_delay": 294,
    "n_uncertainty_delay": 1,
    "avg_active_aircrafts": 11.881481481481481,
    "n_delay": 295,
    "avg_reschedule_exec_time": 0.45083854032117265,
    "conflicts": 0,
    "makespan": 32370,
    "avg_queue_size": 0.07314814814814814
}