{
    "avg_n_delay": 0.019580419580419582,
    "avg_n_scheduler_delay": 0.015384615384615385,
    "avg_queue_size": 0.09300699300699301,
    "avg_n_uncertainty_delay": 0.004195804195804196,
    "conflicts": 0,
    "avg_reschedule_exec_time": 0.14235386935942765,
    "makespan": 76830
}