{
    "conflicts": 0,
    "avg_n_delay": 0.015034965034965035,
    "avg_n_scheduler_delay": 0.005594405594405594,
    "avg_reschedule_exec_time": 0.21930904623488306,
    "makespan": 76770,
    "avg_queue_size": 0.03076923076923077,
    "avg_n_uncertainty_delay": 0.00944055944055944
}