{
    "conflicts": 0,
    "n_scheduler_delay": 333,
    "avg_reschedule_exec_time": 1.7267517537781687,
    "avg_active_aircrafts": 11.082089552238806,
    "makespan": 32130,
    "n_uncertainty_delay": 6,
    "n_delay": 339,
    "avg_queue_size": 0.002798507462686567
}