{
    "avg_n_delay": 0.023157894736842106,
    "avg_n_scheduler_delay": 0.021052631578947368,
    "avg_queue_size": 0.10631578947368421,
    "avg_n_uncertainty_delay": 0.002105263157894737,
    "conflicts": 0,
    "avg_reschedule_exec_time": 0.39446348332344217,
    "makespan": 77340
}