{
    "makespan": 76200,
    "avg_reschedule_exec_time": 0.3887745477362928,
    "avg_n_delay": 0.009735744089012517,
    "avg_queue_size": 0.0,
    "avg_n_uncertainty_delay": 0.0027816411682892906,
    "avg_n_scheduler_delay": 0.006954102920723227,
    "conflicts": 0
}