{
    "avg_n_delay": 0.049305555555555554,
    "avg_queue_size": 0.018055555555555554,
    "makespan": 33510,
    "avg_n_scheduler_delay": 0.043055555555555555,
    "avg_n_uncertainty_delay": 0.00625,
    "conflicts": 0,
    "avg_reschedule_exec_time": 0.08308494823604988
}