{
    "n_scheduler_delay": 332,
    "makespan": 32370,
    "avg_reschedule_exec_time": 0.46946382411690646,
    "n_delay": 353,
    "n_uncertainty_delay": 21,
    "avg_queue_size": 0.000925925925925926,
    "conflicts": 0,
    "avg_active_aircrafts": 10.787037037037036
}