{
    "avg_reschedule_exec_time": 0.05781875546596176,
    "avg_n_delay": 0.02086230876216968,
    "avg_queue_size": 0.0,
    "conflicts": 0,
    "makespan": 76410,
    "avg_n_scheduler_delay": 0.013908205841446454,
    "avg_n_uncertainty_delay": 0.006954102920723227
}