{
    "conflicts": 0,
    "makespan": 33240,
    "avg_n_delay": 0.03958333333333333,
    "avg_n_scheduler_delay": 0.03263888888888889,
    "avg_n_uncertainty_delay": 0.006944444444444444,
    "avg_queue_size": 0.002777777777777778,
    "avg_reschedule_exec_time": 0.05465239933938369
}