time,rs_exec_time
00:00:00,
00:25:00,0.43959712982177734
00:50:00,1.033371925354004
01:15:00,0.81597900390625
01:40:00,31.534788131713867
02:05:00,2.9781289100646973
02:30:00,0.49803686141967773
02:55:00,8.335172176361084
03:20:00,13.16829800605774
03:45:00,3.880722999572754
04:10:00,8.208446025848389
04:35:00,7.447667837142944
05:00:00,5.287657022476196
05:25:00,0.9535138607025146
05:50:00,4.083560943603516
06:15:00,1.4579949378967285
06:40:00,2.159137010574341
07:05:00,0.9694499969482422
07:30:00,0.5392069816589355
07:55:00,6.238013744354248
08:20:00,2.122037887573242
08:45:00,0.633615255355835
09:10:00,13.50551724433899
09:35:00,1.5608110427856445
10:00:00,1.5435690879821777
10:25:00,2.112362861633301
10:50:00,1.7375462055206299
11:15:00,3.5159220695495605
11:40:00,1.760746955871582
12:05:00,0.7079570293426514
12:30:00,3.8307220935821533
12:55:00,3.7372608184814453
13:20:00,2.389007091522217
13:45:00,4.852293014526367
14:10:00,7.966109991073608
14:35:00,3.2234139442443848
15:00:00,2.6257967948913574
15:25:00,1.4825479984283447
15:50:00,1.3625171184539795
16:15:00,0.7790179252624512
16:40:00,1.7071449756622314
17:05:00,3.186185836791992
17:30:00,3.333826780319214
17:55:00,1.3328146934509277
18:20:00,6.989037036895752
18:45:00,2.718893051147461
19:10:00,1.528465986251831
19:35:00,4.101204872131348
20:00:00,2.942512035369873
20:25:00,9.836114168167114
20:50:00,10.194193840026855
21:15:00,0.8247649669647217
21:40:00,2.0028610229492188
22:05:00,0.6524758338928223
22:30:00,0.7660360336303711
22:55:00,0.6904120445251465
23:20:00,0.7866401672363281
