{
    "avg_queue_size": 0.007407407407407408,
    "n_uncertainty_delay": 10,
    "makespan": 32370,
    "n_scheduler_delay": 398,
    "avg_reschedule_exec_time": 0.21047944345182032,
    "conflicts": 0,
    "n_delay": 408,
    "avg_active_aircrafts": 11.056481481481482
}