{
    "n_uncertainty_delay": 0,
    "makespan": 32370,
    "n_delay": 288,
    "avg_queue_size": 0.000925925925925926,
    "avg_active_aircrafts": 10.749074074074073,
    "n_scheduler_delay": 288,
    "conflicts": 0,
    "avg_reschedule_exec_time": 0.3221730362406016
}