{
    "n_uncertainty_delay": 5,
    "avg_queue_size": 0.002777777777777778,
    "conflicts": 0,
    "avg_reschedule_exec_time": 0.5419021806051565,
    "n_delay": 365,
    "makespan": 32370,
    "n_scheduler_delay": 360,
    "avg_active_aircrafts": 10.950925925925926
}