{
    "avg_reschedule_exec_time": 0.2982254050498785,
    "avg_active_aircrafts": 11.322222222222223,
    "avg_queue_size": 0.002777777777777778,
    "n_uncertainty_delay": 4,
    "n_delay": 376,
    "conflicts": 0,
    "makespan": 32370,
    "n_scheduler_delay": 372
}