{
    "n_scheduler_delay": 360,
    "makespan": 32370,
    "avg_reschedule_exec_time": 0.48930047500965207,
    "n_delay": 364,
    "n_uncertainty_delay": 4,
    "avg_queue_size": 0.005555555555555556,
    "conflicts": 0,
    "avg_active_aircrafts": 10.764814814814814
}