{
    "conflicts": 478,
    "makespan": 76890,
    "delay_added": 3390,
    "avg_queue_size": 0.15228070175438596,
    "avg_reschedule_exec_time": 1.0304081008789387,
    "avg_n_delay": 0.8571428571428571,
    "avg_n_scheduler_delay": 0.16988416988416988,
    "avg_n_uncertainty_delay": 0.6872586872586872
}