{
    "conflicts": 428,
    "makespan": 76950,
    "delay_added": 3510,
    "avg_queue_size": 0.010827067669173006,
    "avg_reschedule_exec_time": 1.1015839678175905
}