{
    "n_scheduler_delay": 398,
    "makespan": 32370,
    "avg_reschedule_exec_time": 0.5399198864781579,
    "n_delay": 403,
    "n_uncertainty_delay": 5,
    "avg_queue_size": 0.001851851851851852,
    "conflicts": 0,
    "avg_active_aircrafts": 11.101851851851851
}