{
    "n_delay": 285,
    "avg_queue_size": 0.09259259259259259,
    "n_scheduler_delay": 278,
    "n_uncertainty_delay": 7,
    "makespan": 32370,
    "conflicts": 0,
    "avg_reschedule_exec_time": 0.44152213917222133,
    "avg_active_aircrafts": 11.671296296296296
}