{
    "makespan": 32370,
    "avg_queue_size": 0.004629629629629629,
    "avg_reschedule_exec_time": 0.5349003215168797,
    "n_uncertainty_delay": 31,
    "conflicts": 0,
    "n_scheduler_delay": 357,
    "n_delay": 388,
    "avg_active_aircrafts": 11.189814814814815
}