{
    "makespan": 76350,
    "avg_queue_size": 0.0006946856547412296,
    "conflicts": 0,
    "avg_reschedule_exec_time": 0.5976308049140245,
    "avg_n_delay": 0.009378256339006599,
    "avg_n_uncertainty_delay": 0.0020840569642236887,
    "avg_n_scheduler_delay": 0.007294199374782911
}