{
    "conflicts": 0,
    "makespan": 33240,
    "avg_n_delay": 0.025,
    "avg_n_scheduler_delay": 0.019444444444444445,
    "avg_n_uncertainty_delay": 0.005555555555555556,
    "avg_queue_size": 0.001388888888888889,
    "avg_reschedule_exec_time": 0.050739418497324655
}