{
    "avg_reschedule_exec_time": 0.6048257661420245,
    "avg_queue_size": 0.005555555555555556,
    "conflicts": 0,
    "n_scheduler_delay": 398,
    "avg_active_aircrafts": 11.157407407407407,
    "n_delay": 403,
    "makespan": 32370,
    "n_uncertainty_delay": 5
}