{
    "makespan": 32370,
    "avg_queue_size": 0.003703703703703704,
    "avg_reschedule_exec_time": 0.5252146210781363,
    "n_uncertainty_delay": 2,
    "conflicts": 0,
    "n_scheduler_delay": 386,
    "n_delay": 388,
    "avg_active_aircrafts": 10.776851851851852
}