{
    "conflicts": 0,
    "n_scheduler_delay": 346,
    "avg_reschedule_exec_time": 0.5538793369378457,
    "avg_active_aircrafts": 10.690740740740742,
    "makespan": 32370,
    "n_uncertainty_delay": 3,
    "n_delay": 349,
    "avg_queue_size": 0.001851851851851852
}