{
    "avg_reschedule_exec_time": 0.10212780539371841,
    "avg_n_delay": 0.0076495132127955496,
    "avg_queue_size": 0.0,
    "conflicts": 0,
    "makespan": 76260,
    "avg_n_scheduler_delay": 0.0076495132127955496,
    "avg_n_uncertainty_delay": 0.0
}