{
    "avg_n_delay": 0.029166666666666667,
    "avg_queue_size": 0.0125,
    "makespan": 33450,
    "avg_n_scheduler_delay": 0.024305555555555556,
    "avg_n_uncertainty_delay": 0.004861111111111111,
    "conflicts": 0,
    "avg_reschedule_exec_time": 0.07277103775706371
}