{
    "conflicts": 7,
    "makespan": 76470,
    "avg_queue_size": 0.002437325905292479,
    "avg_reschedule_exec_time": 0.39466855179664145,
    "avg_n_delay": 0.0,
    "avg_n_scheduler_delay": 0.0,
    "avg_n_uncertainty_delay": 0.0
}