{
    "makespan": 32370,
    "avg_queue_size": 0.004629629629629629,
    "avg_reschedule_exec_time": 0.48359513504560603,
    "n_uncertainty_delay": 18,
    "conflicts": 0,
    "n_scheduler_delay": 312,
    "n_delay": 330,
    "avg_active_aircrafts": 10.637962962962963
}