{
    "avg_active_aircrafts": 10.866666666666667,
    "avg_queue_size": 0.004629629629629629,
    "n_scheduler_delay": 323,
    "n_delay": 342,
    "conflicts": 0,
    "makespan": 32370,
    "n_uncertainty_delay": 19,
    "avg_reschedule_exec_time": 0.26381620251855187
}