{
    "conflicts": 0,
    "makespan": 33330,
    "avg_n_delay": 0.044444444444444446,
    "avg_n_scheduler_delay": 0.03125,
    "avg_n_uncertainty_delay": 0.013194444444444444,
    "avg_queue_size": 0.004166666666666667,
    "avg_reschedule_exec_time": 0.09446586207759082
}