{
    "avg_active_aircrafts": 10.857407407407408,
    "avg_queue_size": 0.002777777777777778,
    "n_scheduler_delay": 319,
    "n_delay": 327,
    "conflicts": 0,
    "makespan": 32370,
    "n_uncertainty_delay": 8,
    "avg_reschedule_exec_time": 0.24753188310667526
}