{
    "makespan": 32370,
    "avg_queue_size": 0.003703703703703704,
    "avg_reschedule_exec_time": 0.45304682310237443,
    "n_uncertainty_delay": 11,
    "conflicts": 0,
    "n_scheduler_delay": 314,
    "n_delay": 325,
    "avg_active_aircrafts": 10.65462962962963
}