{
    "n_scheduler_delay": 238,
    "n_uncertainty_delay": 14,
    "avg_active_aircrafts": 11.412037037037036,
    "n_delay": 252,
    "avg_reschedule_exec_time": 0.38055226858272106,
    "conflicts": 0,
    "makespan": 32370,
    "avg_queue_size": 0.0787037037037037
}