{
    "avg_reschedule_exec_time": 0.09946615151376113,
    "avg_n_delay": 0.012517385257301807,
    "avg_queue_size": 0.0,
    "conflicts": 0,
    "makespan": 76560,
    "avg_n_scheduler_delay": 0.011126564673157162,
    "avg_n_uncertainty_delay": 0.0013908205841446453
}