{
    "n_scheduler_delay": 335,
    "n_uncertainty_delay": 16,
    "makespan": 32370,
    "conflicts": 0,
    "avg_queue_size": 0.003703703703703704,
    "avg_reschedule_exec_time": 0.27639409996742426,
    "n_delay": 351,
    "avg_active_aircrafts": 10.896296296296295
}