{
    "makespan": 32370,
    "avg_queue_size": 0.004629629629629629,
    "avg_reschedule_exec_time": 0.5179096122120702,
    "n_uncertainty_delay": 17,
    "conflicts": 0,
    "n_scheduler_delay": 337,
    "n_delay": 354,
    "avg_active_aircrafts": 11.382407407407408
}