{
    "n_delay": 380,
    "n_scheduler_delay": 380,
    "avg_active_aircrafts": 11.051851851851852,
    "n_uncertainty_delay": 0,
    "makespan": 32370,
    "avg_reschedule_exec_time": 0.552673554974933,
    "avg_queue_size": 0.004629629629629629,
    "conflicts": 0
}