{
    "n_scheduler_delay": 354,
    "makespan": 32370,
    "avg_reschedule_exec_time": 0.47271647785985194,
    "n_delay": 354,
    "n_uncertainty_delay": 0,
    "avg_queue_size": 0.005555555555555556,
    "conflicts": 0,
    "avg_active_aircrafts": 10.725
}