{
    "total_conflicts": 578,
    "makespan": 85740,
    "delay_added": 330,
    "avg_queue_size": 18.422525358517206,
    "avg_reschedule_exec_time": 0.34580330848693847
}