{
    "conflicts": 0,
    "makespan": 33240,
    "avg_n_delay": 0.04513888888888889,
    "avg_n_scheduler_delay": 0.0375,
    "avg_n_uncertainty_delay": 0.007638888888888889,
    "avg_queue_size": 0.0006944444444444445,
    "avg_reschedule_exec_time": 0.05489851571723279
}