{
    "conflicts": 0,
    "n_scheduler_delay": 280,
    "avg_reschedule_exec_time": 0.7829814224599678,
    "avg_active_aircrafts": 10.564814814814815,
    "makespan": 32370,
    "n_uncertainty_delay": 14,
    "n_delay": 294,
    "avg_queue_size": 0.007407407407407408
}