{
    "conflicts": 0,
    "n_scheduler_delay": 358,
    "avg_reschedule_exec_time": 0.576112913685804,
    "avg_active_aircrafts": 11.00925925925926,
    "makespan": 32370,
    "n_uncertainty_delay": 3,
    "n_delay": 361,
    "avg_queue_size": 0.001851851851851852
}