{
    "total_conflicts": 0,
    "makespan": 76680,
    "delay_added": 0,
    "avg_queue_size": 0.3420776495278069,
    "avg_reschedule_exec_time": 0.2022230602005153
}