{
    "avg_n_delay": 0.01149025069637883,
    "avg_n_scheduler_delay": 0.006615598885793872,
    "avg_queue_size": 0.0020891364902506965,
    "avg_n_uncertainty_delay": 0.004874651810584958,
    "conflicts": 0,
    "avg_reschedule_exec_time": 0.12719409425831374,
    "makespan": 76770
}