{
    "n_delay": 302,
    "n_scheduler_delay": 302,
    "avg_active_aircrafts": 10.818518518518518,
    "n_uncertainty_delay": 0,
    "makespan": 32370,
    "avg_reschedule_exec_time": 0.4466846832009249,
    "avg_queue_size": 0.002777777777777778,
    "conflicts": 0
}