{
    "conflicts": 0,
    "n_scheduler_delay": 391,
    "avg_reschedule_exec_time": 1.341340086433325,
    "avg_active_aircrafts": 11.147222222222222,
    "makespan": 32370,
    "n_uncertainty_delay": 5,
    "n_delay": 396,
    "avg_queue_size": 0.003703703703703704
}