{
    "makespan": 32370,
    "avg_queue_size": 0.001851851851851852,
    "avg_reschedule_exec_time": 0.5107484895129536,
    "n_uncertainty_delay": 6,
    "conflicts": 0,
    "n_scheduler_delay": 364,
    "n_delay": 370,
    "avg_active_aircrafts": 10.991666666666667
}