{
    "avg_n_delay": 0.013199027440083362,
    "avg_queue_size": 0.0,
    "avg_n_scheduler_delay": 0.012851684612712747,
    "avg_reschedule_exec_time": 0.35244188696415246,
    "avg_n_uncertainty_delay": 0.0003473428273706148,
    "makespan": 76500,
    "conflicts": 0
}