{
    "makespan": 32370,
    "avg_queue_size": 0.003703703703703704,
    "avg_reschedule_exec_time": 0.43239079408867415,
    "n_uncertainty_delay": 2,
    "conflicts": 0,
    "n_scheduler_delay": 270,
    "n_delay": 272,
    "avg_active_aircrafts": 10.635185185185184
}