{
    "conflicts": 0,
    "n_scheduler_delay": 375,
    "avg_reschedule_exec_time": 0.2793840592336566,
    "avg_active_aircrafts": 10.985185185185186,
    "makespan": 32370,
    "n_uncertainty_delay": 11,
    "n_delay": 386,
    "avg_queue_size": 0.008333333333333333
}