{
    "n_scheduler_delay": 335,
    "makespan": 32370,
    "avg_reschedule_exec_time": 0.4826720404070477,
    "n_delay": 355,
    "n_uncertainty_delay": 20,
    "avg_queue_size": 0.003703703703703704,
    "conflicts": 0,
    "avg_active_aircrafts": 10.822222222222223
}