{
    "conflicts": 0,
    "n_scheduler_delay": 395,
    "avg_reschedule_exec_time": 0.4420672659537163,
    "avg_active_aircrafts": 11.048148148148147,
    "makespan": 32370,
    "n_uncertainty_delay": 7,
    "n_delay": 402,
    "avg_queue_size": 0.007407407407407408
}