{
    "avg_n_delay": 0.041666666666666664,
    "avg_queue_size": 0.0,
    "makespan": 33180,
    "avg_n_scheduler_delay": 0.035416666666666666,
    "avg_n_uncertainty_delay": 0.00625,
    "conflicts": 0,
    "avg_reschedule_exec_time": 0.08372507009121573
}