{
    "makespan": 32370,
    "avg_queue_size": 0.007407407407407408,
    "avg_reschedule_exec_time": 0.5715419403342313,
    "n_uncertainty_delay": 0,
    "conflicts": 0,
    "n_scheduler_delay": 397,
    "n_delay": 397,
    "avg_active_aircrafts": 11.080555555555556
}