{
    "avg_n_uncertainty_delay": 0.0034770514603616135,
    "avg_n_delay": 0.007997218358831711,
    "avg_n_scheduler_delay": 0.004520166898470098,
    "conflicts": 0,
    "avg_queue_size": 0.0,
    "avg_reschedule_exec_time": 0.09921481317132297,
    "makespan": 76410
}