{
    "n_delay": 366,
    "avg_queue_size": 0.12037037037037036,
    "n_scheduler_delay": 364,
    "n_uncertainty_delay": 2,
    "makespan": 32370,
    "conflicts": 0,
    "avg_reschedule_exec_time": 0.5031832351241001,
    "avg_active_aircrafts": 12.051851851851852
}