{
    "n_uncertainty_delay": 0,
    "makespan": 32370,
    "n_delay": 408,
    "avg_queue_size": 0.004629629629629629,
    "avg_active_aircrafts": 11.205555555555556,
    "n_scheduler_delay": 408,
    "conflicts": 0,
    "avg_reschedule_exec_time": 0.4085130611834088
}