{
    "n_uncertainty_delay": 3,
    "avg_queue_size": 0.005555555555555556,
    "conflicts": 0,
    "avg_reschedule_exec_time": 0.4823424838310064,
    "n_delay": 325,
    "makespan": 32370,
    "n_scheduler_delay": 322,
    "avg_active_aircrafts": 10.552777777777777
}