{
    "conflicts": 0,
    "n_scheduler_delay": 354,
    "avg_reschedule_exec_time": 1.245561414890075,
    "avg_active_aircrafts": 10.74074074074074,
    "makespan": 32370,
    "n_uncertainty_delay": 7,
    "n_delay": 361,
    "avg_queue_size": 0.007407407407407408
}