{
    "n_delay": 340,
    "avg_queue_size": 0.09537037037037037,
    "n_scheduler_delay": 340,
    "n_uncertainty_delay": 0,
    "makespan": 32370,
    "conflicts": 0,
    "avg_reschedule_exec_time": 0.5016061627587607,
    "avg_active_aircrafts": 12.046296296296296
}