{
    "n_uncertainty_delay": 0,
    "avg_queue_size": 0.001851851851851852,
    "conflicts": 0,
    "avg_reschedule_exec_time": 0.5151086718537087,
    "n_delay": 328,
    "makespan": 32370,
    "n_scheduler_delay": 328,
    "avg_active_aircrafts": 10.746296296296297
}