{
    "makespan": 32370,
    "avg_queue_size": 0.004629629629629629,
    "avg_reschedule_exec_time": 0.5173082418219987,
    "n_uncertainty_delay": 3,
    "conflicts": 0,
    "n_scheduler_delay": 336,
    "n_delay": 339,
    "avg_active_aircrafts": 10.910185185185185
}