{
    "n_uncertainty_delay": 14,
    "avg_queue_size": 0.000925925925925926,
    "conflicts": 0,
    "avg_reschedule_exec_time": 0.5137611877086551,
    "n_delay": 366,
    "makespan": 32370,
    "n_scheduler_delay": 352,
    "avg_active_aircrafts": 10.837037037037037
}