{
    "avg_reschedule_exec_time": 0.27890877058339675,
    "avg_active_aircrafts": 10.808333333333334,
    "avg_queue_size": 0.005555555555555556,
    "n_uncertainty_delay": 12,
    "n_delay": 362,
    "conflicts": 0,
    "makespan": 32370,
    "n_scheduler_delay": 350
}