{
    "avg_n_scheduler_delay": 0.009735744089012517,
    "avg_queue_size": 0.0,
    "avg_n_delay": 0.016689847009735744,
    "avg_reschedule_exec_time": 0.5942594320993237,
    "conflicts": 0,
    "avg_n_uncertainty_delay": 0.006954102920723227,
    "makespan": 76530
}