{
    "makespan": 76470,
    "avg_reschedule_exec_time": 0.10152561674529223,
    "avg_queue_size": 0.0,
    "avg_n_uncertainty_delay": 0.0010420284821118443,
    "avg_n_scheduler_delay": 0.0093782563390066,
    "avg_n_delay": 0.010420284821118444,
    "conflicts": 0
}