{
    "total_conflicts": 500,
    "makespan": 80850,
    "delay_added": 90,
    "avg_queue_size": 1.4671796665500765,
    "avg_reschedule_exec_time": 0.29831409454345703
}