{"total_conflicts": 549, "makespan": 81210, "delay_added": 90, "avg_queue_size": 2.092922933426597, "avg_reschedule_exec_time": 0.09019574146826291}