{
    "conflicts": 0,
    "avg_n_delay": 0.01748251748251748,
    "avg_n_scheduler_delay": 0.013636363636363636,
    "avg_reschedule_exec_time": 0.2345600615085011,
    "makespan": 77130,
    "avg_queue_size": 0.02902097902097902,
    "avg_n_uncertainty_delay": 0.0038461538461538464
}