{
    "avg_n_delay": 0.02638888888888889,
    "avg_queue_size": 0.002777777777777778,
    "makespan": 33300,
    "avg_n_scheduler_delay": 0.020833333333333332,
    "avg_n_uncertainty_delay": 0.005555555555555556,
    "conflicts": 0,
    "avg_reschedule_exec_time": 0.11119505251800665
}