{
    "conflicts": 0,
    "n_scheduler_delay": 327,
    "avg_reschedule_exec_time": 0.25825820296505164,
    "avg_active_aircrafts": 10.894444444444444,
    "makespan": 32370,
    "n_uncertainty_delay": 6,
    "n_delay": 333,
    "avg_queue_size": 0.000925925925925926
}