{
    "n_scheduler_delay": 282,
    "n_uncertainty_delay": 0,
    "avg_active_aircrafts": 11.623148148148148,
    "n_delay": 282,
    "avg_reschedule_exec_time": 0.4291055025056351,
    "conflicts": 0,
    "makespan": 32370,
    "avg_queue_size": 0.06851851851851852
}