{
    "n_scheduler_delay": 351,
    "n_uncertainty_delay": 0,
    "makespan": 32370,
    "conflicts": 0,
    "avg_queue_size": 0.002777777777777778,
    "avg_reschedule_exec_time": 0.4944112999494686,
    "n_delay": 351,
    "avg_active_aircrafts": 10.718518518518518
}