{
    "makespan": 32370,
    "avg_queue_size": 0.005555555555555556,
    "avg_reschedule_exec_time": 0.5239674002625222,
    "n_uncertainty_delay": 16,
    "conflicts": 0,
    "n_scheduler_delay": 375,
    "n_delay": 391,
    "avg_active_aircrafts": 11.13888888888889
}