{
    "avg_n_delay": 0.04097222222222222,
    "avg_queue_size": 0.024305555555555556,
    "makespan": 33570,
    "avg_n_scheduler_delay": 0.03125,
    "avg_n_uncertainty_delay": 0.009722222222222222,
    "conflicts": 0,
    "avg_reschedule_exec_time": 0.08532823882736526
}