{
    "conflicts": 10,
    "makespan": 77580,
    "avg_queue_size": 1.9056140350877193,
    "avg_reschedule_exec_time": 0.23077453197316922,
    "avg_n_delay": 0.715953307392996,
    "avg_n_scheduler_delay": 0.669260700389105,
    "avg_n_uncertainty_delay": 0.04669260700389105
}