{
    "n_delay": 287,
    "n_scheduler_delay": 277,
    "avg_active_aircrafts": 10.666666666666666,
    "n_uncertainty_delay": 10,
    "makespan": 32370,
    "avg_reschedule_exec_time": 0.40917171766591626,
    "avg_queue_size": 0.000925925925925926,
    "conflicts": 0
}