{
    "avg_n_delay": 0.0343859649122807,
    "avg_n_scheduler_delay": 0.028771929824561403,
    "avg_queue_size": 0.07964912280701754,
    "avg_n_uncertainty_delay": 0.005614035087719298,
    "conflicts": 0,
    "avg_reschedule_exec_time": 0.38920126570032,
    "makespan": 76710
}