{
    "avg_n_delay": 0.010111576011157601,
    "avg_n_scheduler_delay": 0.006624825662482566,
    "avg_queue_size": 0.010111576011157601,
    "avg_n_uncertainty_delay": 0.003486750348675035,
    "conflicts": 0,
    "avg_reschedule_exec_time": 0.13688961497875823,
    "makespan": 76440
}