{
    "conflicts": 322,
    "makespan": 76740,
    "delay_added": 3030,
    "avg_queue_size": 0.010751879699248193,
    "avg_reschedule_exec_time": 0.9855069733680563
}