{
    "conflicts": 273,
    "makespan": 76740,
    "delay_added": 2850,
    "avg_queue_size": 0.010701754385964985,
    "avg_reschedule_exec_time": 0.9943146959264227
}