{
    "conflicts": 299,
    "makespan": 76800,
    "delay_added": 2640,
    "avg_queue_size": 0.14982456140350878,
    "avg_reschedule_exec_time": 0.913942628718437
}