{
    "n_delay": 326,
    "avg_queue_size": 0.05277777777777778,
    "n_scheduler_delay": 323,
    "n_uncertainty_delay": 3,
    "makespan": 32370,
    "conflicts": 0,
    "avg_reschedule_exec_time": 0.45483352417169615,
    "avg_active_aircrafts": 11.371296296296297
}