{
    "makespan": 76500,
    "avg_reschedule_exec_time": 0.11994247203919946,
    "avg_queue_size": 0.0010427528675703858,
    "avg_n_uncertainty_delay": 0.0006951685783802572,
    "avg_n_scheduler_delay": 0.009732360097323601,
    "avg_n_delay": 0.01042752867570386,
    "conflicts": 0
}