{
    "makespan": 76500,
    "avg_reschedule_exec_time": 0.12132884990878222,
    "avg_queue_size": 0.002780674313521029,
    "avg_n_uncertainty_delay": 0.0006951685783802572,
    "avg_n_scheduler_delay": 0.0072992700729927005,
    "avg_n_delay": 0.007994438651372959,
    "conflicts": 0
}