{
    "conflicts": 0,
    "n_scheduler_delay": 294,
    "avg_reschedule_exec_time": 0.5210559767717756,
    "avg_active_aircrafts": 10.73425925925926,
    "makespan": 32370,
    "n_uncertainty_delay": 11,
    "n_delay": 305,
    "avg_queue_size": 0.003703703703703704
}