{
    "n_delay": 344,
    "n_scheduler_delay": 334,
    "avg_active_aircrafts": 10.987962962962962,
    "n_uncertainty_delay": 10,
    "makespan": 32370,
    "avg_reschedule_exec_time": 0.47151209587274595,
    "avg_queue_size": 0.001851851851851852,
    "conflicts": 0
}