{
    "conflicts": 326,
    "makespan": 77610,
    "avg_queue_size": 0.14,
    "avg_reschedule_exec_time": 1.1019215254073447,
    "avg_n_delay": 0.7176470588235294,
    "avg_n_scheduler_delay": 0.1450980392156863,
    "avg_n_uncertainty_delay": 0.5725490196078431
}