{
    "n_delay": 333,
    "n_scheduler_delay": 325,
    "avg_active_aircrafts": 10.928703703703704,
    "n_uncertainty_delay": 8,
    "makespan": 32370,
    "avg_reschedule_exec_time": 0.47227805825166924,
    "avg_queue_size": 0.001851851851851852,
    "conflicts": 0
}