{
    "conflicts": 0,
    "n_scheduler_delay": 422,
    "avg_reschedule_exec_time": 0.5076954081155997,
    "avg_active_aircrafts": 11.268518518518519,
    "makespan": 32370,
    "n_uncertainty_delay": 7,
    "n_delay": 429,
    "avg_queue_size": 0.004629629629629629
}