{
    "conflicts": 0,
    "n_scheduler_delay": 327,
    "avg_reschedule_exec_time": 0.3959497288700373,
    "avg_active_aircrafts": 11.01574074074074,
    "makespan": 32370,
    "n_uncertainty_delay": 8,
    "n_delay": 335,
    "avg_queue_size": 0.001851851851851852
}