{
    "makespan": 32370,
    "avg_queue_size": 0.007407407407407408,
    "avg_reschedule_exec_time": 0.5434774897819341,
    "n_uncertainty_delay": 0,
    "conflicts": 0,
    "n_scheduler_delay": 373,
    "n_delay": 373,
    "avg_active_aircrafts": 10.926851851851852
}