{
    "avg_active_aircrafts": 13.824074074074074,
    "conflicts": 0,
    "makespan": 32370,
    "avg_queue_size": 0.649074074074074,
    "avg_reschedule_exec_time": 1.4476508879929446,
    "n_delay": 469,
    "n_scheduler_delay": 469,
    "n_uncertainty_delay": 0
}