{
    "conflicts": 243,
    "makespan": 77220,
    "avg_queue_size": 0.2543859649122807,
    "avg_reschedule_exec_time": 1.4927711229066591,
    "avg_n_delay": 0.7198443579766537,
    "avg_n_scheduler_delay": 0.5330739299610895,
    "avg_n_uncertainty_delay": 0.1867704280155642
}