time,rs_exec_time
00:00:00,
00:19:00,0.2648138999938965
00:38:00,0.9701941013336182
00:57:00,1.0785651206970215
01:16:00,1.996145248413086
01:35:00,0.9745421409606934
01:54:00,0.4091451168060303
02:13:00,0.6995398998260498
02:32:00,0.40880680084228516
02:51:00,3.5568580627441406
03:10:00,2.4790971279144287
03:29:00,0.7390339374542236
03:48:00,0.41021275520324707
04:07:00,0.40798401832580566
04:26:00,1.146733045578003
04:45:00,0.7936220169067383
05:04:00,0.4344298839569092
05:23:00,0.4426109790802002
05:42:00,1.6032850742340088
06:01:00,2.1385819911956787
06:20:00,0.46620798110961914
06:39:00,0.47661471366882324
06:58:00,1.6612181663513184
07:17:00,1.2271878719329834
07:36:00,1.652838945388794
07:55:00,1.195831060409546
08:14:00,4.696314096450806
08:33:00,1.6086289882659912
08:52:00,0.4775979518890381
09:11:00,0.8331849575042725
09:30:00,1.3052959442138672
09:49:00,0.5163187980651855
10:08:00,0.4315650463104248
10:27:00,3.9702539443969727
10:46:00,1.6516711711883545
11:05:00,0.8631942272186279
11:24:00,1.3211791515350342
11:43:00,1.3229689598083496
12:02:00,0.924483060836792
12:21:00,0.5347027778625488
12:40:00,0.4591789245605469
12:59:00,0.941464900970459
13:18:00,1.020400047302246
13:37:00,1.3507609367370605
13:56:00,0.9917991161346436
14:15:00,0.5715839862823486
14:34:00,1.5224528312683105
14:53:00,1.3947148323059082
15:12:00,1.4557230472564697
15:31:00,2.3847198486328125
15:50:00,3.289533853530884
16:09:00,2.0433342456817627
16:28:00,1.5297338962554932
16:47:00,2.4741907119750977
17:06:00,1.0527558326721191
17:25:00,2.1519858837127686
17:44:00,2.9084489345550537
18:03:00,1.0206170082092285
18:22:00,1.5288550853729248
18:41:00,0.6050951480865479
19:00:00,2.5287210941314697
19:19:00,3.5130090713500977
19:38:00,1.1004111766815186
19:57:00,0.6182730197906494
20:16:00,0.5852930545806885
20:35:00,1.1154060363769531
20:54:00,1.6922531127929688
21:13:00,2.97993803024292
21:32:00,1.4630188941955566
21:51:00,0.5066521167755127
22:10:00,0.4585857391357422
22:29:00,0.48526692390441895
22:48:00,0.4723780155181885
23:07:00,0.46111297607421875
23:26:00,0.46553802490234375
