{
    "makespan": 32370,
    "avg_queue_size": 0.006481481481481481,
    "avg_reschedule_exec_time": 0.5854165310083433,
    "n_uncertainty_delay": 7,
    "conflicts": 0,
    "n_scheduler_delay": 421,
    "n_delay": 428,
    "avg_active_aircrafts": 11.003703703703703
}