{
    "n_scheduler_delay": 421,
    "n_uncertainty_delay": 14,
    "makespan": 32370,
    "conflicts": 0,
    "avg_queue_size": 0.003703703703703704,
    "avg_reschedule_exec_time": 0.32182697030000906,
    "n_delay": 435,
    "avg_active_aircrafts": 11.072222222222223
}