{
    "makespan": 76560,
    "avg_queue_size": 0.0,
    "conflicts": 0,
    "avg_reschedule_exec_time": 0.6124322011495716,
    "avg_n_delay": 0.012521739130434783,
    "avg_n_uncertainty_delay": 0.0017391304347826088,
    "avg_n_scheduler_delay": 0.010782608695652174
}