{
    "n_scheduler_delay": 382,
    "makespan": 32370,
    "avg_reschedule_exec_time": 0.5246588085972985,
    "n_delay": 411,
    "n_uncertainty_delay": 29,
    "avg_queue_size": 0.002777777777777778,
    "conflicts": 0,
    "avg_active_aircrafts": 11.103703703703705
}