{
    "avg_n_scheduler_delay": 0.011474269819193325,
    "avg_queue_size": 0.0,
    "avg_n_delay": 0.015994436717663423,
    "avg_reschedule_exec_time": 0.6004131049498874,
    "conflicts": 0,
    "avg_n_uncertainty_delay": 0.004520166898470098,
    "makespan": 76500
}