simulation.reschedule_cycle,avg_active_aircrafts,conflicts,makespan,avg_queue_size,avg_reschedule_exec_time,n_delay,n_scheduler_delay,n_uncertainty_delay
60.0,10.850787037037039,0.0,32370.0,0.003564814814814815,0.2618682720223251,345.45,336.65,8.8
120.0,10.818736383442266,0.0,32370.0,0.0030501089324618735,0.3902512244210576,334.47058823529414,327.05882352941177,7.411764705882353
180.0,11.008333333333333,0.0,32370.0,0.004243827160493828,0.5820451568624827,366.4166666666667,361.0833333333333,5.333333333333333
240.0,10.85327160493827,0.0,32370.0,0.003271604938271605,0.653006093181781,350.1333333333333,343.06666666666666,7.066666666666666
300.0,10.940319865319866,0.0,32370.0,0.004377104377104377,0.8990631393183057,356.45454545454544,352.3636363636364,4.090909090909091
360.0,10.851620370370371,0.0,32370.0,0.003356481481481482,1.1034885641564145,343.625,338.0,5.625
420.0,10.834044526901668,0.0,32310.0,0.002782931354359926,1.3987047913827395,359.1,352.6,6.5
480.0,10.83653846153846,0.0,32130.0,0.002654994259471871,1.3882711786768098,333.3076923076923,328.15384615384613,5.153846153846154
540.0,10.92006172839506,0.0,32370.0,0.0028806584362139915,1.8562576245453397,362.55555555555554,355.8888888888889,6.666666666666667
