simulation.reschedule_cycle,avg_active_aircrafts,conflicts,makespan,avg_queue_size,avg_reschedule_exec_time,n_delay,n_scheduler_delay,n_uncertainty_delay
60.0,10.835092592592593,0.0,32370.0,0.003425925925925926,0.2660064310222477,341.45,334.1,7.35
120.0,10.969729344729343,0.0,32370.0,0.0030626780626780625,0.4301256412842085,364.9230769230769,358.61538461538464,6.3076923076923075
180.0,10.893518518518517,0.0,32370.0,0.0038888888888888888,0.5106120887415369,331.2,323.0,8.2
240.0,10.82145061728395,0.0,32370.0,0.0049382716049382715,0.4136965802652919,338.1666666666667,329.0,9.166666666666666
300.0,10.707638888888889,0.0,32370.0,0.003240740740740741,0.5363373806543439,350.75,344.75,6.0
360.0,10.572222222222223,0.0,32370.0,0.001851851851851852,0.6099717161628637,314.5,309.5,5.0
420.0,10.799165120593692,0.0,32310.0,0.004174397031539889,0.7943647268571352,337.5,331.5,6.0
480.0,10.830783582089552,0.0,32130.0,0.0026119402985074628,0.9083622412248091,330.6,324.4,6.2
540.0,10.95648148148148,0.0,32370.0,0.001851851851851852,1.2535044459973352,394.0,388.0,6.0
