{
    "n_delay": 366,
    "avg_queue_size": 0.06759259259259259,
    "n_scheduler_delay": 366,
    "n_uncertainty_delay": 0,
    "makespan": 32370,
    "conflicts": 0,
    "avg_reschedule_exec_time": 0.5471271060233892,
    "avg_active_aircrafts": 11.967592592592593
}