{
    "avg_reschedule_exec_time": 0.5535549374513848,
    "avg_active_aircrafts": 11.116666666666667,
    "avg_queue_size": 0.006481481481481481,
    "n_uncertainty_delay": 0,
    "n_delay": 374,
    "conflicts": 0,
    "makespan": 32370,
    "n_scheduler_delay": 374
}