{
    "n_uncertainty_delay": 0,
    "avg_queue_size": 0.004629629629629629,
    "conflicts": 0,
    "avg_reschedule_exec_time": 0.5103680100551872,
    "n_delay": 328,
    "makespan": 32370,
    "n_scheduler_delay": 328,
    "avg_active_aircrafts": 10.594444444444445
}