{
    "avg_reschedule_exec_time": 0.07395152154276982,
    "avg_queue_size": 0.0,
    "avg_n_scheduler_delay": 0.02638888888888889,
    "avg_n_uncertainty_delay": 0.00625,
    "conflicts": 0,
    "avg_n_delay": 0.03263888888888889,
    "makespan": 33360
}