{
    "n_delay": 367,
    "avg_queue_size": 0.06666666666666667,
    "n_scheduler_delay": 367,
    "n_uncertainty_delay": 0,
    "makespan": 32370,
    "conflicts": 0,
    "avg_reschedule_exec_time": 0.5424551154291907,
    "avg_active_aircrafts": 11.864814814814816
}