{
    "makespan": 32370,
    "avg_queue_size": 0.001851851851851852,
    "avg_reschedule_exec_time": 0.5646084585855173,
    "n_uncertainty_delay": 1,
    "conflicts": 0,
    "n_scheduler_delay": 383,
    "n_delay": 384,
    "avg_active_aircrafts": 11.127777777777778
}