{
    "avg_reschedule_exec_time": 0.10369751612788124,
    "avg_n_delay": 0.009388038942976356,
    "avg_queue_size": 0.0,
    "conflicts": 0,
    "makespan": 76410,
    "avg_n_scheduler_delay": 0.008692628650904033,
    "avg_n_uncertainty_delay": 0.0006954102920723226
}