{
    "n_scheduler_delay": 332,
    "makespan": 32370,
    "avg_reschedule_exec_time": 0.49842908548754317,
    "n_delay": 332,
    "n_uncertainty_delay": 0,
    "avg_queue_size": 0.000925925925925926,
    "conflicts": 0,
    "avg_active_aircrafts": 10.728703703703705
}