{
    "conflicts": 0,
    "avg_n_delay": 0.011888111888111888,
    "avg_n_scheduler_delay": 0.011888111888111888,
    "avg_reschedule_exec_time": 0.23175855589584565,
    "makespan": 76500,
    "avg_queue_size": 0.03566433566433566,
    "avg_n_uncertainty_delay": 0.0
}