{
    "conflicts": 0,
    "avg_n_delay": 0.012937062937062937,
    "avg_n_scheduler_delay": 0.011538461538461539,
    "avg_reschedule_exec_time": 0.24381316043961215,
    "makespan": 76440,
    "avg_queue_size": 0.04685314685314685,
    "avg_n_uncertainty_delay": 0.0013986013986013986
}