{
    "avg_reschedule_exec_time": 0.10186306048900635,
    "avg_n_delay": 0.019819193324061193,
    "avg_queue_size": 0.0,
    "conflicts": 0,
    "makespan": 76140,
    "avg_n_scheduler_delay": 0.011126564673157162,
    "avg_n_uncertainty_delay": 0.008692628650904033
}