{
    "avg_n_delay": 0.03680555555555556,
    "avg_queue_size": 0.0,
    "makespan": 33210,
    "avg_n_scheduler_delay": 0.03125,
    "avg_n_uncertainty_delay": 0.005555555555555556,
    "conflicts": 0,
    "avg_reschedule_exec_time": 0.08020121000075042
}