{
    "conflicts": 0,
    "n_scheduler_delay": 390,
    "avg_reschedule_exec_time": 0.2994620755784808,
    "avg_active_aircrafts": 11.327777777777778,
    "makespan": 32370,
    "n_uncertainty_delay": 3,
    "n_delay": 393,
    "avg_queue_size": 0.003703703703703704
}