{
    "avg_n_delay": 0.0273109243697479,
    "avg_n_scheduler_delay": 0.025210084033613446,
    "avg_queue_size": 0.13060224089635855,
    "avg_n_uncertainty_delay": 0.0021008403361344537,
    "conflicts": 0,
    "avg_reschedule_exec_time": 0.18245558455438898,
    "makespan": 76680
}