{
    "makespan": 32370,
    "avg_queue_size": 0.007407407407407408,
    "avg_reschedule_exec_time": 0.5414226487625476,
    "n_uncertainty_delay": 6,
    "conflicts": 0,
    "n_scheduler_delay": 348,
    "n_delay": 354,
    "avg_active_aircrafts": 11.316666666666666
}