{
    "conflicts": 0,
    "n_scheduler_delay": 358,
    "avg_reschedule_exec_time": 0.27422092044950636,
    "avg_active_aircrafts": 10.962962962962964,
    "makespan": 32370,
    "n_uncertainty_delay": 6,
    "n_delay": 364,
    "avg_queue_size": 0.002777777777777778
}