{
    "conflicts": 0,
    "n_scheduler_delay": 409,
    "avg_reschedule_exec_time": 0.4753592484059387,
    "avg_active_aircrafts": 11.499074074074073,
    "makespan": 32370,
    "n_uncertainty_delay": 3,
    "n_delay": 412,
    "avg_queue_size": 0.002777777777777778
}