{
    "n_scheduler_delay": 310,
    "makespan": 32370,
    "avg_reschedule_exec_time": 0.4715360319891641,
    "n_delay": 317,
    "n_uncertainty_delay": 7,
    "avg_queue_size": 0.004629629629629629,
    "conflicts": 0,
    "avg_active_aircrafts": 11.112962962962962
}