{
    "n_uncertainty_delay": 10,
    "avg_queue_size": 0.001851851851851852,
    "conflicts": 0,
    "avg_reschedule_exec_time": 0.5893626091092132,
    "n_delay": 409,
    "makespan": 32370,
    "n_scheduler_delay": 399,
    "avg_active_aircrafts": 11.025
}