{
    "avg_reschedule_exec_time": 0.31023915867472807,
    "avg_active_aircrafts": 11.136111111111111,
    "avg_queue_size": 0.006481481481481481,
    "n_uncertainty_delay": 4,
    "n_delay": 378,
    "conflicts": 0,
    "makespan": 32370,
    "n_scheduler_delay": 374
}