{
    "conflicts": 0,
    "makespan": 33570,
    "avg_n_delay": 0.04375,
    "avg_n_scheduler_delay": 0.03125,
    "avg_n_uncertainty_delay": 0.0125,
    "avg_queue_size": 0.0006944444444444445,
    "avg_reschedule_exec_time": 0.054557272982796584
}