{
    "makespan": 32370,
    "n_delay": 366,
    "conflicts": 0,
    "avg_reschedule_exec_time": 0.6304201773425054,
    "n_scheduler_delay": 357,
    "avg_active_aircrafts": 11.176851851851852,
    "avg_queue_size": 0.003703703703703704,
    "n_uncertainty_delay": 9
}