{
    "makespan": 32370,
    "avg_queue_size": 0.007407407407407408,
    "avg_reschedule_exec_time": 0.3425057799317116,
    "n_uncertainty_delay": 40,
    "conflicts": 0,
    "n_scheduler_delay": 413,
    "n_delay": 453,
    "avg_active_aircrafts": 11.433333333333334
}