{
    "conflicts": 0,
    "n_scheduler_delay": 343,
    "avg_reschedule_exec_time": 0.2551951806487754,
    "avg_active_aircrafts": 10.769444444444444,
    "makespan": 32370,
    "n_uncertainty_delay": 7,
    "n_delay": 350,
    "avg_queue_size": 0.003703703703703704
}