{
    "conflicts": 0,
    "n_scheduler_delay": 346,
    "avg_reschedule_exec_time": 2.20149581715212,
    "avg_active_aircrafts": 10.744444444444444,
    "makespan": 32370,
    "n_uncertainty_delay": 6,
    "n_delay": 352,
    "avg_queue_size": 0.006481481481481481
}