{
    "n_delay": 445,
    "n_scheduler_delay": 434,
    "avg_active_aircrafts": 11.286111111111111,
    "n_uncertainty_delay": 11,
    "makespan": 32370,
    "avg_reschedule_exec_time": 0.6000286213187285,
    "avg_queue_size": 0.010185185185185186,
    "conflicts": 0
}