{
    "n_delay": 327,
    "avg_queue_size": 0.06666666666666667,
    "n_scheduler_delay": 324,
    "n_uncertainty_delay": 3,
    "makespan": 32370,
    "conflicts": 0,
    "avg_reschedule_exec_time": 0.4675341295641522,
    "avg_active_aircrafts": 11.71574074074074
}