{
    "avg_n_delay": 0.013636363636363637,
    "avg_n_scheduler_delay": 0.009790209790209791,
    "avg_queue_size": 0.023776223776223775,
    "avg_n_uncertainty_delay": 0.0038461538461538464,
    "conflicts": 0,
    "avg_reschedule_exec_time": 0.23637375025682048,
    "makespan": 76680
}