{
    "makespan": 76380,
    "avg_queue_size": 0.0006946856547412296,
    "conflicts": 0,
    "avg_reschedule_exec_time": 0.5921775701148785,
    "avg_n_delay": 0.013546370267453978,
    "avg_n_uncertainty_delay": 0.0013893713094824591,
    "avg_n_scheduler_delay": 0.012156998957971519
}