{
    "conflicts": 343,
    "makespan": 76770,
    "delay_added": 4410,
    "avg_queue_size": 0.023574947220267418,
    "avg_reschedule_exec_time": 0.7290398838496445,
    "avg_n_delay": 1.5637065637065637,
    "avg_n_scheduler_delay": 0.08494208494208494,
    "avg_n_uncertainty_delay": 1.4787644787644787
}