{
    "avg_queue_size": 0.001851851851851852,
    "n_uncertainty_delay": 10,
    "makespan": 32370,
    "n_scheduler_delay": 329,
    "avg_reschedule_exec_time": 0.1476642674108162,
    "conflicts": 0,
    "n_delay": 339,
    "avg_active_aircrafts": 10.724074074074075
}