{
    "avg_n_uncertainty_delay": 0.0010420284821118443,
    "makespan": 76290,
    "avg_n_delay": 0.013199027440083362,
    "avg_reschedule_exec_time": 0.3770702705641857,
    "conflicts": 0,
    "avg_queue_size": 0.0,
    "avg_n_scheduler_delay": 0.012156998957971519
}