{
    "n_delay": 304,
    "n_scheduler_delay": 296,
    "avg_active_aircrafts": 10.858333333333333,
    "n_uncertainty_delay": 8,
    "makespan": 32370,
    "avg_reschedule_exec_time": 0.43190533061360203,
    "avg_queue_size": 0.000925925925925926,
    "conflicts": 0
}