{
    "conflicts": 0,
    "avg_n_delay": 0.01013986013986014,
    "avg_n_scheduler_delay": 0.01013986013986014,
    "avg_reschedule_exec_time": 0.23729626729454792,
    "makespan": 77280,
    "avg_queue_size": 0.043356643356643354,
    "avg_n_uncertainty_delay": 0.0
}