{
    "makespan": 32370,
    "avg_queue_size": 0.008333333333333333,
    "avg_reschedule_exec_time": 0.6445493886637134,
    "n_uncertainty_delay": 32,
    "conflicts": 0,
    "n_scheduler_delay": 444,
    "n_delay": 476,
    "avg_active_aircrafts": 11.423148148148147
}