{
    "avg_reschedule_exec_time": 0.1023188268241776,
    "avg_n_delay": 0.014603616133518776,
    "avg_queue_size": 0.0,
    "conflicts": 0,
    "makespan": 76560,
    "avg_n_scheduler_delay": 0.008344923504867872,
    "avg_n_uncertainty_delay": 0.006258692628650904
}