{
    "avg_n_delay": 0.02631578947368421,
    "avg_n_scheduler_delay": 0.02245614035087719,
    "avg_queue_size": 0.0992982456140351,
    "avg_n_uncertainty_delay": 0.0038596491228070177,
    "conflicts": 0,
    "avg_reschedule_exec_time": 0.38265467450973834,
    "makespan": 77280
}