{
    "conflicts": 0,
    "makespan": 33240,
    "avg_n_delay": 0.03402777777777778,
    "avg_n_scheduler_delay": 0.024305555555555556,
    "avg_n_uncertainty_delay": 0.009722222222222222,
    "avg_queue_size": 0.0,
    "avg_reschedule_exec_time": 0.05099397383028418
}