{
    "avg_reschedule_exec_time": 0.522701644897461,
    "avg_queue_size": 0.010185185185185186,
    "conflicts": 0,
    "n_scheduler_delay": 348,
    "avg_active_aircrafts": 11.046296296296296,
    "n_delay": 358,
    "makespan": 32370,
    "n_uncertainty_delay": 10
}