{
    "n_delay": 334,
    "avg_queue_size": 0.05555555555555555,
    "n_scheduler_delay": 330,
    "n_uncertainty_delay": 4,
    "makespan": 32370,
    "conflicts": 0,
    "avg_reschedule_exec_time": 0.47848041889279386,
    "avg_active_aircrafts": 11.92962962962963
}