{
    "conflicts": 0,
    "avg_n_delay": 0.017132867132867134,
    "avg_n_scheduler_delay": 0.00944055944055944,
    "avg_reschedule_exec_time": 0.22929452170788403,
    "makespan": 76650,
    "avg_queue_size": 0.04230769230769231,
    "avg_n_uncertainty_delay": 0.007692307692307693
}