{
    "n_scheduler_delay": 294,
    "makespan": 32370,
    "avg_reschedule_exec_time": 0.45180320185284284,
    "n_delay": 294,
    "n_uncertainty_delay": 0,
    "avg_queue_size": 0.000925925925925926,
    "conflicts": 0,
    "avg_active_aircrafts": 11.002777777777778
}