{
    "makespan": 32370,
    "avg_queue_size": 0.005555555555555556,
    "avg_reschedule_exec_time": 0.5198715287585591,
    "n_uncertainty_delay": 21,
    "conflicts": 0,
    "n_scheduler_delay": 343,
    "n_delay": 364,
    "avg_active_aircrafts": 11.075925925925926
}