{
    "n_delay": 323,
    "n_scheduler_delay": 317,
    "avg_active_aircrafts": 10.568518518518518,
    "n_uncertainty_delay": 6,
    "makespan": 32370,
    "avg_reschedule_exec_time": 0.45173705899438193,
    "avg_queue_size": 0.001851851851851852,
    "conflicts": 0
}