{
    "n_delay": 320,
    "n_scheduler_delay": 314,
    "avg_active_aircrafts": 10.670370370370371,
    "n_uncertainty_delay": 6,
    "makespan": 32370,
    "avg_reschedule_exec_time": 0.46356808972913166,
    "avg_queue_size": 0.004629629629629629,
    "conflicts": 0
}