{
    "avg_n_scheduler_delay": 0.009735744089012517,
    "avg_queue_size": 0.0017385257301808068,
    "avg_n_delay": 0.019471488178025034,
    "avg_reschedule_exec_time": 0.5987247520834622,
    "conflicts": 0,
    "avg_n_uncertainty_delay": 0.009735744089012517,
    "makespan": 76560
}