{
    "conflicts": 1434,
    "makespan": 77670,
    "delay_added": 6210,
    "avg_queue_size": 0.04907268170426046,
    "avg_reschedule_exec_time": 17.7225261586053
}