{
    "makespan": 32370,
    "avg_queue_size": 0.000925925925925926,
    "avg_reschedule_exec_time": 0.5104536289392516,
    "n_uncertainty_delay": 0,
    "conflicts": 0,
    "n_scheduler_delay": 368,
    "n_delay": 368,
    "avg_active_aircrafts": 10.785185185185185
}