{
    "n_scheduler_delay": 330,
    "n_uncertainty_delay": 10,
    "makespan": 32370,
    "conflicts": 0,
    "avg_queue_size": 0.001851851851851852,
    "avg_reschedule_exec_time": 0.2595760467440583,
    "n_delay": 340,
    "avg_active_aircrafts": 10.712962962962964
}