{
    "avg_n_delay": 0.05277777777777778,
    "avg_queue_size": 0.049305555555555554,
    "makespan": 33570,
    "avg_n_scheduler_delay": 0.04513888888888889,
    "avg_n_uncertainty_delay": 0.007638888888888889,
    "conflicts": 0,
    "avg_reschedule_exec_time": 0.10809164087311561
}