{
    "makespan": 32370,
    "avg_queue_size": 0.002777777777777778,
    "avg_reschedule_exec_time": 0.489389885303586,
    "n_uncertainty_delay": 16,
    "conflicts": 0,
    "n_scheduler_delay": 334,
    "n_delay": 350,
    "avg_active_aircrafts": 10.84074074074074
}