{
    "conflicts": 26,
    "makespan": 76710,
    "avg_queue_size": 0.07543859649122807,
    "avg_reschedule_exec_time": 0.9017811582443562,
    "avg_n_delay": 0.08235294117647059,
    "avg_n_scheduler_delay": 0.06666666666666667,
    "avg_n_uncertainty_delay": 0.01568627450980392
}