{
    "avg_n_delay": 0.015384615384615385,
    "avg_n_scheduler_delay": 0.012937062937062937,
    "avg_queue_size": 0.06258741258741259,
    "avg_n_uncertainty_delay": 0.0024475524475524478,
    "conflicts": 0,
    "avg_reschedule_exec_time": 0.270884445471357,
    "makespan": 76740
}