{
    "makespan": 76620,
    "avg_reschedule_exec_time": 0.10911206875113244,
    "avg_queue_size": 0.0,
    "avg_n_uncertainty_delay": 0.0006956521739130435,
    "avg_n_scheduler_delay": 0.009043478260869564,
    "avg_n_delay": 0.009739130434782608,
    "conflicts": 0
}