{
    "avg_n_uncertainty_delay": 0.00034782608695652176,
    "makespan": 76560,
    "avg_n_delay": 0.010434782608695653,
    "avg_reschedule_exec_time": 0.3911534605956659,
    "conflicts": 0,
    "avg_queue_size": 0.0,
    "avg_n_scheduler_delay": 0.01008695652173913
}