{
    "conflicts": 0,
    "makespan": 33300,
    "avg_n_delay": 0.029166666666666667,
    "avg_n_scheduler_delay": 0.02361111111111111,
    "avg_n_uncertainty_delay": 0.005555555555555556,
    "avg_queue_size": 0.001388888888888889,
    "avg_reschedule_exec_time": 0.05074858134171425
}