{
    "makespan": 32370,
    "avg_queue_size": 0.005555555555555556,
    "avg_reschedule_exec_time": 0.5106160319128702,
    "n_uncertainty_delay": 24,
    "conflicts": 0,
    "n_scheduler_delay": 364,
    "n_delay": 388,
    "avg_active_aircrafts": 10.677777777777777
}