{
    "avg_reschedule_exec_time": 0.5288143180137457,
    "avg_active_aircrafts": 10.887037037037038,
    "avg_queue_size": 0.008333333333333333,
    "n_uncertainty_delay": 3,
    "n_delay": 356,
    "conflicts": 0,
    "makespan": 32370,
    "n_scheduler_delay": 353
}