{
    "n_uncertainty_delay": 14,
    "avg_queue_size": 0.004629629629629629,
    "conflicts": 0,
    "avg_reschedule_exec_time": 0.46150898489841197,
    "n_delay": 320,
    "makespan": 32370,
    "n_scheduler_delay": 306,
    "avg_active_aircrafts": 10.578703703703704
}