{
    "conflicts": 12,
    "makespan": 76650,
    "avg_queue_size": 0.12456140350877193,
    "avg_reschedule_exec_time": 0.29698785822442236,
    "avg_n_delay": 0.7222222222222222,
    "avg_n_scheduler_delay": 0.6587301587301587,
    "avg_n_uncertainty_delay": 0.06349206349206349
}