{
    "n_delay": 380,
    "n_scheduler_delay": 380,
    "avg_active_aircrafts": 10.743518518518519,
    "n_uncertainty_delay": 0,
    "makespan": 32370,
    "avg_reschedule_exec_time": 0.5260153981142266,
    "avg_queue_size": 0.005555555555555556,
    "conflicts": 0
}