{
    "n_delay": 282,
    "conflicts": 0,
    "n_scheduler_delay": 278,
    "avg_reschedule_exec_time": 0.24104208835335664,
    "avg_active_aircrafts": 11.82037037037037,
    "avg_queue_size": 0.05277777777777778,
    "n_uncertainty_delay": 4,
    "makespan": 32370
}