{
    "n_scheduler_delay": 397,
    "n_uncertainty_delay": 7,
    "avg_active_aircrafts": 12.164814814814815,
    "n_delay": 404,
    "avg_reschedule_exec_time": 0.5282431336336357,
    "conflicts": 0,
    "makespan": 32370,
    "avg_queue_size": 0.07037037037037037
}