{
    "conflicts": 0,
    "n_scheduler_delay": 251,
    "avg_reschedule_exec_time": 0.23180202783149337,
    "avg_active_aircrafts": 10.46111111111111,
    "makespan": 32370,
    "n_uncertainty_delay": 14,
    "n_delay": 265,
    "avg_queue_size": 0.000925925925925926
}