{
    "makespan": 32370,
    "avg_queue_size": 0.002777777777777778,
    "avg_reschedule_exec_time": 0.5745611667633057,
    "n_uncertainty_delay": 15,
    "conflicts": 0,
    "n_scheduler_delay": 401,
    "n_delay": 416,
    "avg_active_aircrafts": 11.412962962962963
}