{
    "avg_n_delay": 0.02030812324929972,
    "avg_n_scheduler_delay": 0.014705882352941176,
    "avg_queue_size": 0.05567226890756303,
    "avg_n_uncertainty_delay": 0.0056022408963585435,
    "conflicts": 0,
    "avg_reschedule_exec_time": 0.15309577271089717,
    "makespan": 76710
}