{
    "avg_n_delay": 0.014285714285714287,
    "avg_n_scheduler_delay": 0.009059233449477353,
    "avg_queue_size": 0.005923344947735192,
    "avg_n_uncertainty_delay": 0.005226480836236934,
    "conflicts": 0,
    "avg_reschedule_exec_time": 0.16842365264892578,
    "makespan": 76680
}