{
    "n_scheduler_delay": 362,
    "n_uncertainty_delay": 3,
    "avg_active_aircrafts": 12.01388888888889,
    "n_delay": 365,
    "avg_reschedule_exec_time": 0.5116895132286604,
    "conflicts": 0,
    "makespan": 32370,
    "avg_queue_size": 0.08981481481481482
}