{
    "n_scheduler_delay": 347,
    "n_uncertainty_delay": 0,
    "makespan": 32370,
    "conflicts": 0,
    "avg_queue_size": 0.000925925925925926,
    "avg_reschedule_exec_time": 0.3750733042872229,
    "n_delay": 347,
    "avg_active_aircrafts": 10.647222222222222
}