{
    "avg_reschedule_exec_time": 0.29346245388652004,
    "avg_active_aircrafts": 11.181481481481482,
    "avg_queue_size": 0.006481481481481481,
    "n_uncertainty_delay": 4,
    "n_delay": 380,
    "conflicts": 0,
    "makespan": 32370,
    "n_scheduler_delay": 376
}