{
    "n_uncertainty_delay": 14,
    "avg_queue_size": 0.000925925925925926,
    "conflicts": 0,
    "avg_reschedule_exec_time": 0.45605070757311444,
    "n_delay": 304,
    "makespan": 32370,
    "n_scheduler_delay": 290,
    "avg_active_aircrafts": 10.546296296296296
}