{
    "avg_n_delay": 0.011180992313067784,
    "avg_n_scheduler_delay": 0.005590496156533892,
    "avg_queue_size": 0.021313766596785466,
    "avg_n_uncertainty_delay": 0.005590496156533892,
    "conflicts": 0,
    "avg_reschedule_exec_time": 0.19146898124791398,
    "makespan": 76470
}