{
    "avg_n_delay": 0.013199027440083362,
    "conflicts": 0,
    "makespan": 76350,
    "avg_queue_size": 0.0,
    "avg_reschedule_exec_time": 0.3555284391433684,
    "avg_n_scheduler_delay": 0.01076762764848906,
    "avg_n_uncertainty_delay": 0.0024313997915943034
}