{
    "makespan": 32370,
    "avg_queue_size": 0.004629629629629629,
    "avg_reschedule_exec_time": 0.4891453887141028,
    "n_uncertainty_delay": 9,
    "conflicts": 0,
    "n_scheduler_delay": 337,
    "n_delay": 346,
    "avg_active_aircrafts": 10.825
}