{
    "avg_n_delay": 0.034027777777777775,
    "avg_queue_size": 0.043055555555555555,
    "makespan": 33270,
    "avg_n_scheduler_delay": 0.03125,
    "avg_n_uncertainty_delay": 0.002777777777777778,
    "conflicts": 0,
    "avg_reschedule_exec_time": 0.08760031786831943
}