{
    "conflicts": 0,
    "n_scheduler_delay": 324,
    "avg_reschedule_exec_time": 0.9408596208162396,
    "avg_active_aircrafts": 10.875,
    "makespan": 32370,
    "n_uncertainty_delay": 3,
    "n_delay": 327,
    "avg_queue_size": 0.005555555555555556
}