{
    "conflicts": 72,
    "makespan": 76710,
    "delay_added": 5100,
    "avg_queue_size": 1.1442105263157896,
    "avg_reschedule_exec_time": 0.2523530645573393,
    "avg_n_delay": 1.1850393700787403,
    "avg_n_scheduler_delay": 0.6692913385826772,
    "avg_n_uncertainty_delay": 0.515748031496063
}