{
    "makespan": 32370,
    "avg_queue_size": 0.002777777777777778,
    "avg_reschedule_exec_time": 0.45044482031533883,
    "n_uncertainty_delay": 0,
    "conflicts": 0,
    "n_scheduler_delay": 295,
    "n_delay": 295,
    "avg_active_aircrafts": 10.719444444444445
}