{
    "conflicts": 0,
    "avg_n_delay": 0.019580419580419582,
    "avg_n_scheduler_delay": 0.011888111888111888,
    "avg_reschedule_exec_time": 0.22176266556054774,
    "makespan": 76770,
    "avg_queue_size": 0.025524475524475523,
    "avg_n_uncertainty_delay": 0.007692307692307693
}