{
    "n_scheduler_delay": 306,
    "n_uncertainty_delay": 15,
    "makespan": 32370,
    "conflicts": 0,
    "avg_queue_size": 0.001851851851851852,
    "avg_reschedule_exec_time": 0.24610942130865052,
    "n_delay": 321,
    "avg_active_aircrafts": 10.488888888888889
}