{
    "avg_reschedule_exec_time": 0.4809295232905898,
    "avg_queue_size": 0.002777777777777778,
    "conflicts": 0,
    "n_scheduler_delay": 314,
    "avg_active_aircrafts": 10.88425925925926,
    "n_delay": 331,
    "makespan": 32370,
    "n_uncertainty_delay": 17
}