{
    "n_delay": 286,
    "avg_queue_size": 0.06759259259259259,
    "n_scheduler_delay": 283,
    "n_uncertainty_delay": 3,
    "makespan": 32370,
    "conflicts": 0,
    "avg_reschedule_exec_time": 0.4279659160347872,
    "avg_active_aircrafts": 11.63425925925926
}