{
    "conflicts": 0,
    "avg_n_delay": 0.012937062937062937,
    "avg_n_scheduler_delay": 0.007692307692307693,
    "avg_reschedule_exec_time": 0.2017618753540684,
    "makespan": 76500,
    "avg_queue_size": 0.022027972027972027,
    "avg_n_uncertainty_delay": 0.005244755244755245
}