{
    "makespan": 76500,
    "avg_reschedule_exec_time": 0.08653869680268139,
    "avg_queue_size": 0.0,
    "avg_n_uncertainty_delay": 0.0010420284821118443,
    "avg_n_scheduler_delay": 0.011114970475859673,
    "avg_n_delay": 0.012156998957971517,
    "conflicts": 0
}