{
    "n_uncertainty_delay": 0,
    "makespan": 32370,
    "n_delay": 405,
    "avg_queue_size": 0.003703703703703704,
    "avg_active_aircrafts": 11.249074074074073,
    "n_scheduler_delay": 405,
    "conflicts": 0,
    "avg_reschedule_exec_time": 0.57803212986436
}