{
    "avg_reschedule_exec_time": 0.07636109120817629,
    "avg_queue_size": 0.0,
    "avg_n_scheduler_delay": 0.04722222222222222,
    "avg_n_uncertainty_delay": 0.003472222222222222,
    "conflicts": 0,
    "avg_n_delay": 0.050694444444444445,
    "makespan": 33360
}