{
    "avg_n_delay": 0.01288300835654596,
    "avg_n_scheduler_delay": 0.006615598885793872,
    "avg_queue_size": 0.0006963788300835655,
    "avg_n_uncertainty_delay": 0.006267409470752089,
    "conflicts": 0,
    "avg_reschedule_exec_time": 0.12525393376803265,
    "makespan": 76440
}