{
    "n_scheduler_delay": 373,
    "makespan": 32370,
    "avg_reschedule_exec_time": 0.48415834515593775,
    "n_delay": 411,
    "n_uncertainty_delay": 38,
    "avg_queue_size": 0.003703703703703704,
    "conflicts": 0,
    "avg_active_aircrafts": 10.837037037037037
}