{
    "avg_n_delay": 0.04375,
    "avg_queue_size": 0.02847222222222222,
    "makespan": 33600,
    "avg_n_scheduler_delay": 0.03958333333333333,
    "avg_n_uncertainty_delay": 0.004166666666666667,
    "conflicts": 0,
    "avg_reschedule_exec_time": 0.09972569922439191
}