{
    "makespan": 32370,
    "avg_queue_size": 0.002777777777777778,
    "avg_reschedule_exec_time": 0.4787255897078403,
    "n_uncertainty_delay": 4,
    "conflicts": 0,
    "n_scheduler_delay": 312,
    "n_delay": 316,
    "avg_active_aircrafts": 10.905555555555555
}