{
    "avg_n_delay": 0.017482517482517484,
    "avg_n_scheduler_delay": 0.013986013986013986,
    "avg_queue_size": 0.04265734265734266,
    "avg_n_uncertainty_delay": 0.0034965034965034965,
    "conflicts": 0,
    "avg_reschedule_exec_time": 0.26608057539592417,
    "makespan": 76800
}