{
    "conflicts": 10,
    "makespan": 76680,
    "avg_queue_size": 1.2863157894736843,
    "avg_reschedule_exec_time": 0.2058545173482692,
    "avg_n_delay": 0.7125984251968505,
    "avg_n_scheduler_delay": 0.6692913385826772,
    "avg_n_uncertainty_delay": 0.04330708661417323
}