{
    "makespan": 32370,
    "avg_queue_size": 0.005555555555555556,
    "avg_reschedule_exec_time": 0.47692819861478586,
    "n_uncertainty_delay": 30,
    "conflicts": 0,
    "n_scheduler_delay": 303,
    "n_delay": 333,
    "avg_active_aircrafts": 10.947222222222223
}