{
    "avg_reschedule_exec_time": 0.5219474215840184,
    "avg_active_aircrafts": 11.136111111111111,
    "avg_queue_size": 0.001851851851851852,
    "n_uncertainty_delay": 0,
    "n_delay": 374,
    "conflicts": 0,
    "makespan": 32370,
    "n_scheduler_delay": 374
}