{
    "n_delay": 337,
    "n_scheduler_delay": 331,
    "avg_active_aircrafts": 10.927777777777777,
    "n_uncertainty_delay": 6,
    "makespan": 32370,
    "avg_reschedule_exec_time": 0.48437971403432445,
    "avg_queue_size": 0.000925925925925926,
    "conflicts": 0
}