uncertainty.prob_hold,conflicts,makespan,avg_queue_size,avg_reschedule_exec_time,avg_n_delay,avg_n_scheduler_delay,avg_n_uncertainty_delay
0.0,0.0,76680.0,1.128421052631579,0.23262512430231622,0.6692913385826772,0.6692913385826772,0.0
0.01,15.0,76680.0,1.1305263157894736,0.22688918671709427,0.7480314960629921,0.6692913385826772,0.07874015748031496
