uncertainty.hold_prob,conflicts,makespan,avg_queue_size,avg_reschedule_exec_time,avg_n_delay,avg_n_scheduler_delay,avg_n_uncertainty_delay
0.0,0.0,78480.0,3.4663157894736845,0.20963770785230273,0.6692307692307692,0.6692307692307692,0.0
0.01,16.0,77040.0,0.6329824561403509,0.20057827868360156,0.7445882352941176,0.6613333333333333,0.0832549019607843
