{
    "n_delay": 350,
    "n_scheduler_delay": 339,
    "avg_active_aircrafts": 11.091666666666667,
    "n_uncertainty_delay": 11,
    "makespan": 32370,
    "avg_reschedule_exec_time": 0.49589184827582783,
    "avg_queue_size": 0.003703703703703704,
    "conflicts": 0
}