{
    "conflicts": 19,
    "makespan": 77520,
    "avg_queue_size": 1.368421052631579,
    "avg_reschedule_exec_time": 0.22340196497896883,
    "avg_n_delay": 0.74609375,
    "avg_n_scheduler_delay": 0.6640625,
    "avg_n_uncertainty_delay": 0.08203125
}