{
    "makespan": 32370,
    "n_delay": 384,
    "conflicts": 0,
    "avg_reschedule_exec_time": 0.43803201998033486,
    "n_scheduler_delay": 373,
    "avg_active_aircrafts": 10.931481481481482,
    "avg_queue_size": 0.002777777777777778,
    "n_uncertainty_delay": 11
}