{
    "conflicts": 0,
    "n_scheduler_delay": 381,
    "avg_reschedule_exec_time": 0.44334217340972787,
    "avg_active_aircrafts": 11.030555555555555,
    "makespan": 32370,
    "n_uncertainty_delay": 8,
    "n_delay": 389,
    "avg_queue_size": 0.003703703703703704
}