{
    "n_uncertainty_delay": 18,
    "avg_queue_size": 0.004629629629629629,
    "conflicts": 0,
    "avg_reschedule_exec_time": 0.32362656149753305,
    "n_delay": 387,
    "makespan": 32370,
    "n_scheduler_delay": 369,
    "avg_active_aircrafts": 11.294444444444444
}