{
    "conflicts": 0,
    "n_scheduler_delay": 333,
    "avg_reschedule_exec_time": 0.6023041322910586,
    "avg_active_aircrafts": 11.373148148148148,
    "makespan": 32370,
    "n_uncertainty_delay": 10,
    "n_delay": 343,
    "avg_queue_size": 0.001851851851851852
}