{
    "avg_n_delay": 0.05555555555555555,
    "avg_queue_size": 0.04722222222222222,
    "makespan": 33600,
    "avg_n_scheduler_delay": 0.04652777777777778,
    "avg_n_uncertainty_delay": 0.009027777777777777,
    "conflicts": 0,
    "avg_reschedule_exec_time": 0.11102136243291262
}