{
    "avg_queue_size": 0.004629629629629629,
    "n_uncertainty_delay": 5,
    "makespan": 32370,
    "n_scheduler_delay": 388,
    "avg_reschedule_exec_time": 0.11914718537776972,
    "conflicts": 0,
    "n_delay": 393,
    "avg_active_aircrafts": 10.75
}