{
    "n_scheduler_delay": 352,
    "makespan": 32370,
    "avg_reschedule_exec_time": 0.5123663458713266,
    "n_delay": 352,
    "n_uncertainty_delay": 0,
    "avg_queue_size": 0.000925925925925926,
    "conflicts": 0,
    "avg_active_aircrafts": 10.97037037037037
}