{
    "avg_n_delay": 0.01602787456445993,
    "avg_n_scheduler_delay": 0.011846689895470384,
    "avg_queue_size": 0.004181184668989547,
    "avg_n_uncertainty_delay": 0.004181184668989547,
    "conflicts": 0,
    "avg_reschedule_exec_time": 0.17911162680270626,
    "makespan": 76440
}