{
    "n_uncertainty_delay": 0,
    "avg_queue_size": 0.010185185185185186,
    "conflicts": 0,
    "avg_reschedule_exec_time": 0.46572770628818244,
    "n_delay": 283,
    "makespan": 32370,
    "n_scheduler_delay": 283,
    "avg_active_aircrafts": 10.89074074074074
}