{
    "n_delay": 305,
    "avg_queue_size": 0.07592592592592592,
    "n_scheduler_delay": 305,
    "n_uncertainty_delay": 0,
    "makespan": 32370,
    "conflicts": 0,
    "avg_reschedule_exec_time": 0.4920712981113168,
    "avg_active_aircrafts": 11.785185185185185
}