{
    "avg_reschedule_exec_time": 0.4874027174572612,
    "avg_active_aircrafts": 10.756481481481481,
    "avg_queue_size": 0.009259259259259259,
    "n_uncertainty_delay": 0,
    "n_delay": 331,
    "conflicts": 0,
    "makespan": 32370,
    "n_scheduler_delay": 331
}