{
    "conflicts": 0,
    "avg_n_delay": 0.017132867132867134,
    "avg_n_scheduler_delay": 0.005594405594405594,
    "avg_reschedule_exec_time": 0.19691330782124694,
    "makespan": 76530,
    "avg_queue_size": 0.014685314685314685,
    "avg_n_uncertainty_delay": 0.011538461538461539
}