{
    "conflicts": 0,
    "avg_n_delay": 0.01783216783216783,
    "avg_n_scheduler_delay": 0.012937062937062937,
    "avg_reschedule_exec_time": 0.240637675137587,
    "makespan": 76680,
    "avg_queue_size": 0.04965034965034965,
    "avg_n_uncertainty_delay": 0.0048951048951048955
}