{
    "avg_n_delay": 0.009078212290502794,
    "avg_n_scheduler_delay": 0.004888268156424581,
    "avg_queue_size": 0.0111731843575419,
    "avg_n_uncertainty_delay": 0.004189944134078212,
    "conflicts": 0,
    "avg_reschedule_exec_time": 0.19431392664320013,
    "makespan": 77010
}