{
    "n_scheduler_delay": 373,
    "makespan": 32370,
    "avg_reschedule_exec_time": 0.48142961679502977,
    "n_delay": 376,
    "n_uncertainty_delay": 3,
    "avg_queue_size": 0.003703703703703704,
    "conflicts": 0,
    "avg_active_aircrafts": 10.926851851851852
}