{
    "conflicts": 0,
    "makespan": 33330,
    "avg_n_delay": 0.0375,
    "avg_n_scheduler_delay": 0.024305555555555556,
    "avg_n_uncertainty_delay": 0.013194444444444444,
    "avg_queue_size": 0.002777777777777778,
    "avg_reschedule_exec_time": 0.09074374825841537
}