{
    "conflicts": 0,
    "makespan": 33450,
    "avg_n_delay": 0.04930555555555556,
    "avg_n_scheduler_delay": 0.03263888888888889,
    "avg_n_uncertainty_delay": 0.016666666666666666,
    "avg_queue_size": 0.004166666666666667,
    "avg_reschedule_exec_time": 0.09555903118632962
}