{
    "makespan": 32370,
    "avg_queue_size": 0.005555555555555556,
    "avg_reschedule_exec_time": 0.4615003874135572,
    "n_uncertainty_delay": 9,
    "conflicts": 0,
    "n_scheduler_delay": 302,
    "n_delay": 311,
    "avg_active_aircrafts": 10.787037037037036
}