{
    "n_scheduler_delay": 306,
    "makespan": 32370,
    "avg_reschedule_exec_time": 0.4427573370379071,
    "n_delay": 318,
    "n_uncertainty_delay": 12,
    "avg_queue_size": 0.000925925925925926,
    "conflicts": 0,
    "avg_active_aircrafts": 10.705555555555556
}