{
    "n_uncertainty_delay": 0,
    "avg_queue_size": 0.003703703703703704,
    "conflicts": 0,
    "avg_reschedule_exec_time": 0.5088982238325962,
    "n_delay": 365,
    "makespan": 32370,
    "n_scheduler_delay": 365,
    "avg_active_aircrafts": 10.954629629629629
}