{
    "avg_reschedule_exec_time": 0.576693559247394,
    "avg_active_aircrafts": 11.053703703703704,
    "avg_queue_size": 0.002777777777777778,
    "n_uncertainty_delay": 2,
    "n_delay": 419,
    "conflicts": 0,
    "makespan": 32370,
    "n_scheduler_delay": 417
}