{
    "avg_n_delay": 0.03680555555555556,
    "avg_queue_size": 0.0125,
    "makespan": 33450,
    "avg_n_scheduler_delay": 0.030555555555555555,
    "avg_n_uncertainty_delay": 0.00625,
    "conflicts": 0,
    "avg_reschedule_exec_time": 0.07576130222341868
}