{
    "avg_reschedule_exec_time": 0.5405540111453034,
    "avg_active_aircrafts": 11.267592592592592,
    "avg_queue_size": 0.007407407407407408,
    "n_uncertainty_delay": 4,
    "n_delay": 372,
    "conflicts": 0,
    "makespan": 32370,
    "n_scheduler_delay": 368
}