{
    "n_delay": 355,
    "avg_queue_size": 0.06666666666666667,
    "n_scheduler_delay": 349,
    "n_uncertainty_delay": 6,
    "makespan": 32370,
    "conflicts": 0,
    "avg_reschedule_exec_time": 0.49682391521542574,
    "avg_active_aircrafts": 11.625
}