{
    "avg_n_delay": 0.024125874125874126,
    "avg_n_scheduler_delay": 0.017132867132867134,
    "avg_queue_size": 0.12412587412587413,
    "avg_n_uncertainty_delay": 0.006993006993006993,
    "conflicts": 0,
    "avg_reschedule_exec_time": 0.311217886532924,
    "makespan": 77070
}