{
    "avg_n_delay": 0.029166666666666667,
    "avg_queue_size": 0.0006944444444444445,
    "makespan": 33120,
    "avg_n_scheduler_delay": 0.025,
    "avg_n_uncertainty_delay": 0.004166666666666667,
    "conflicts": 0,
    "avg_reschedule_exec_time": 0.08170424250468757
}