{
    "conflicts": 0,
    "avg_n_delay": 0.017132867132867134,
    "avg_n_scheduler_delay": 0.013286713286713287,
    "avg_reschedule_exec_time": 0.24014420912299358,
    "makespan": 76650,
    "avg_queue_size": 0.02972027972027972,
    "avg_n_uncertainty_delay": 0.0038461538461538464
}