{
    "avg_n_delay": 0.02054317548746518,
    "avg_n_scheduler_delay": 0.014972144846796657,
    "avg_queue_size": 0.001392757660167131,
    "avg_n_uncertainty_delay": 0.005571030640668524,
    "conflicts": 0,
    "avg_reschedule_exec_time": 0.1362428478688501,
    "makespan": 76470
}