{
    "conflicts": 0,
    "n_scheduler_delay": 398,
    "avg_reschedule_exec_time": 2.56108264195717,
    "avg_active_aircrafts": 11.221296296296297,
    "makespan": 32370,
    "n_uncertainty_delay": 5,
    "n_delay": 403,
    "avg_queue_size": 0.002777777777777778
}