{
    "n_scheduler_delay": 291,
    "n_uncertainty_delay": 0,
    "avg_active_aircrafts": 11.857407407407408,
    "n_delay": 291,
    "avg_reschedule_exec_time": 0.482956797577614,
    "conflicts": 0,
    "makespan": 32370,
    "avg_queue_size": 0.0962962962962963
}