{
    "n_delay": 414,
    "conflicts": 0,
    "n_scheduler_delay": 414,
    "avg_reschedule_exec_time": 0.3015974078067513,
    "avg_active_aircrafts": 11.837037037037037,
    "avg_queue_size": 0.07407407407407407,
    "n_uncertainty_delay": 0,
    "makespan": 32370
}