{
    "makespan": 32370,
    "avg_queue_size": 0.004629629629629629,
    "avg_reschedule_exec_time": 0.6419387750847395,
    "n_uncertainty_delay": 0,
    "conflicts": 0,
    "n_scheduler_delay": 458,
    "n_delay": 458,
    "avg_active_aircrafts": 11.219444444444445
}