{
    "makespan": 32370,
    "avg_queue_size": 0.007407407407407408,
    "avg_reschedule_exec_time": 0.5493670363758886,
    "n_uncertainty_delay": 21,
    "conflicts": 0,
    "n_scheduler_delay": 368,
    "n_delay": 389,
    "avg_active_aircrafts": 11.114814814814816
}