{
    "avg_reschedule_exec_time": 0.48582166738288346,
    "avg_active_aircrafts": 10.764814814814814,
    "avg_queue_size": 0.005555555555555556,
    "n_uncertainty_delay": 0,
    "n_delay": 315,
    "conflicts": 0,
    "makespan": 32370,
    "n_scheduler_delay": 315
}