{
    "n_delay": 283,
    "avg_queue_size": 0.08148148148148149,
    "n_scheduler_delay": 283,
    "n_uncertainty_delay": 0,
    "makespan": 32370,
    "conflicts": 0,
    "avg_reschedule_exec_time": 0.43974780592807505,
    "avg_active_aircrafts": 11.597222222222221
}