{
    "makespan": 76290,
    "avg_queue_size": 0.00034782608695652176,
    "conflicts": 0,
    "avg_reschedule_exec_time": 0.6123344690542187,
    "avg_n_delay": 0.011130434782608695,
    "avg_n_uncertainty_delay": 0.0010434782608695651,
    "avg_n_scheduler_delay": 0.01008695652173913
}