{
    "conflicts": 107,
    "makespan": 85770,
    "delay_added": 3840,
    "avg_queue_size": 14.513752913752624,
    "avg_reschedule_exec_time": 0.2877037227153778
}