{
    "avg_n_delay": 0.03298245614035088,
    "avg_n_scheduler_delay": 0.02736842105263158,
    "avg_queue_size": 0.13614035087719298,
    "avg_n_uncertainty_delay": 0.005614035087719298,
    "conflicts": 0,
    "avg_reschedule_exec_time": 0.4638532298676511,
    "makespan": 76830
}