{
    "conflicts": 0,
    "avg_n_delay": 0.013986013986013988,
    "avg_n_scheduler_delay": 0.008741258741258742,
    "avg_reschedule_exec_time": 0.22915252833299235,
    "makespan": 76440,
    "avg_queue_size": 0.03006993006993007,
    "avg_n_uncertainty_delay": 0.005244755244755245
}