{
    "conflicts": 0,
    "n_scheduler_delay": 364,
    "avg_reschedule_exec_time": 1.291806234402603,
    "avg_active_aircrafts": 10.795370370370371,
    "makespan": 32370,
    "n_uncertainty_delay": 5,
    "n_delay": 369,
    "avg_queue_size": 0.001851851851851852
}