{
    "conflicts": 35,
    "makespan": 76440,
    "avg_queue_size": 0.050699300699300696,
    "avg_reschedule_exec_time": 0.5361086919274128,
    "avg_n_delay": 0.027237354085603113,
    "avg_n_scheduler_delay": 0.027237354085603113,
    "avg_n_uncertainty_delay": 0.0
}