{
    "avg_queue_size": 0.004629629629629629,
    "n_uncertainty_delay": 10,
    "makespan": 32370,
    "n_scheduler_delay": 357,
    "avg_reschedule_exec_time": 0.11695865727443182,
    "conflicts": 0,
    "n_delay": 367,
    "avg_active_aircrafts": 11.184259259259258
}