{
    "n_uncertainty_delay": 0,
    "makespan": 32370,
    "n_delay": 388,
    "avg_queue_size": 0.001851851851851852,
    "avg_active_aircrafts": 10.963888888888889,
    "n_scheduler_delay": 388,
    "conflicts": 0,
    "avg_reschedule_exec_time": 0.2354372855797203
}