{
    "avg_n_delay": 0.019580419580419582,
    "avg_n_scheduler_delay": 0.015034965034965035,
    "avg_queue_size": 0.043356643356643354,
    "avg_n_uncertainty_delay": 0.004545454545454545,
    "conflicts": 0,
    "avg_reschedule_exec_time": 0.24973798973459593,
    "makespan": 76710
}