{
    "avg_reschedule_exec_time": 0.30540044030477836,
    "avg_active_aircrafts": 10.725,
    "avg_queue_size": 0.001851851851851852,
    "n_uncertainty_delay": 1,
    "n_delay": 401,
    "conflicts": 0,
    "makespan": 32370,
    "n_scheduler_delay": 400
}