{
    "conflicts": 0,
    "avg_n_delay": 0.012937062937062937,
    "avg_n_scheduler_delay": 0.01013986013986014,
    "avg_reschedule_exec_time": 0.2250735020973313,
    "makespan": 77040,
    "avg_queue_size": 0.03006993006993007,
    "avg_n_uncertainty_delay": 0.002797202797202797
}