{
    "conflicts": 0,
    "avg_n_delay": 0.013986013986013986,
    "avg_n_scheduler_delay": 0.013986013986013986,
    "avg_reschedule_exec_time": 0.2510766563281207,
    "makespan": 76650,
    "avg_queue_size": 0.04685314685314685,
    "avg_n_uncertainty_delay": 0.0
}