{
    "conflicts": 0,
    "avg_n_delay": 0.00909090909090909,
    "avg_n_scheduler_delay": 0.00909090909090909,
    "avg_reschedule_exec_time": 0.2216514416143928,
    "makespan": 76830,
    "avg_queue_size": 0.016083916083916083,
    "avg_n_uncertainty_delay": 0.0
}