{
    "avg_reschedule_exec_time": 0.31835984961931096,
    "avg_active_aircrafts": 11.083333333333334,
    "avg_queue_size": 0.005555555555555556,
    "n_uncertainty_delay": 7,
    "n_delay": 406,
    "conflicts": 0,
    "makespan": 32370,
    "n_scheduler_delay": 399
}