{
    "n_uncertainty_delay": 12,
    "avg_queue_size": 0.009259259259259259,
    "conflicts": 0,
    "avg_reschedule_exec_time": 0.47152171689410544,
    "n_delay": 314,
    "makespan": 32370,
    "n_scheduler_delay": 302,
    "avg_active_aircrafts": 10.991666666666667
}