{
    "avg_n_delay": 0.025524475524475523,
    "avg_n_scheduler_delay": 0.022027972027972027,
    "avg_queue_size": 0.05244755244755245,
    "avg_n_uncertainty_delay": 0.0034965034965034965,
    "conflicts": 0,
    "avg_reschedule_exec_time": 0.27389903680993877,
    "makespan": 76830
}