{
    "avg_reschedule_exec_time": 0.4438953954120015,
    "avg_active_aircrafts": 10.85925925925926,
    "avg_queue_size": 0.007407407407407408,
    "n_uncertainty_delay": 2,
    "n_delay": 268,
    "conflicts": 0,
    "makespan": 32370,
    "n_scheduler_delay": 266
}