{
    "n_uncertainty_delay": 4,
    "avg_queue_size": 0.000925925925925926,
    "conflicts": 0,
    "avg_reschedule_exec_time": 0.4991248574367789,
    "n_delay": 312,
    "makespan": 32370,
    "n_scheduler_delay": 308,
    "avg_active_aircrafts": 11.031481481481482
}