{
    "n_delay": 348,
    "avg_queue_size": 0.041666666666666664,
    "n_scheduler_delay": 338,
    "n_uncertainty_delay": 10,
    "makespan": 32370,
    "conflicts": 0,
    "avg_reschedule_exec_time": 0.4793447960254758,
    "avg_active_aircrafts": 12.26574074074074
}