{
    "makespan": 32370,
    "avg_queue_size": 0.005555555555555556,
    "avg_reschedule_exec_time": 0.4728104857511299,
    "n_uncertainty_delay": 12,
    "conflicts": 0,
    "n_scheduler_delay": 312,
    "n_delay": 324,
    "avg_active_aircrafts": 10.841666666666667
}