{
    "n_uncertainty_delay": 15,
    "avg_queue_size": 0.001851851851851852,
    "conflicts": 0,
    "avg_reschedule_exec_time": 0.4458597948384839,
    "n_delay": 301,
    "makespan": 32370,
    "n_scheduler_delay": 286,
    "avg_active_aircrafts": 10.592592592592593
}