{
    "avg_n_delay": 0.025,
    "avg_queue_size": 0.003472222222222222,
    "makespan": 33450,
    "avg_n_scheduler_delay": 0.017361111111111112,
    "avg_n_uncertainty_delay": 0.007638888888888889,
    "conflicts": 0,
    "avg_reschedule_exec_time": 0.1041186304770753
}