{
    "avg_n_scheduler_delay": 0.008344923504867872,
    "avg_queue_size": 0.0,
    "avg_n_delay": 0.01842837273991655,
    "avg_reschedule_exec_time": 0.5939013097943702,
    "conflicts": 0,
    "avg_n_uncertainty_delay": 0.010083449235048678,
    "makespan": 76440
}