{
    "makespan": 76770,
    "avg_reschedule_exec_time": 0.10058586587494703,
    "avg_queue_size": 0.0,
    "avg_n_uncertainty_delay": 0.0020840569642236887,
    "avg_n_scheduler_delay": 0.00798888502952414,
    "avg_n_delay": 0.010072941993747829,
    "conflicts": 0
}