{
    "avg_n_uncertainty_delay": 0.0010420284821118443,
    "makespan": 76530,
    "avg_n_delay": 0.00798888502952414,
    "avg_reschedule_exec_time": 0.37594714449907707,
    "conflicts": 0,
    "avg_queue_size": 0.0,
    "avg_n_scheduler_delay": 0.0069468565474122956
}