{
    "avg_n_delay": 0.019525801952580194,
    "avg_n_scheduler_delay": 0.014295676429567642,
    "avg_queue_size": 0.015341701534170154,
    "avg_n_uncertainty_delay": 0.005230125523012552,
    "conflicts": 0,
    "avg_reschedule_exec_time": 0.1618490138975512,
    "makespan": 76770
}