{
    "n_uncertainty_delay": 0,
    "makespan": 32370,
    "n_delay": 291,
    "avg_queue_size": 0.000925925925925926,
    "avg_active_aircrafts": 10.873148148148148,
    "n_scheduler_delay": 291,
    "conflicts": 0,
    "avg_reschedule_exec_time": 0.38496855466339225
}