{
    "avg_n_delay": 0.01361731843575419,
    "avg_n_scheduler_delay": 0.009427374301675978,
    "avg_queue_size": 0.02164804469273743,
    "avg_n_uncertainty_delay": 0.004189944134078212,
    "conflicts": 0,
    "avg_reschedule_exec_time": 0.2009062177679512,
    "makespan": 76620
}