{
    "makespan": 32370,
    "avg_queue_size": 0.009259259259259259,
    "avg_reschedule_exec_time": 0.4547601666561393,
    "n_uncertainty_delay": 21,
    "conflicts": 0,
    "n_scheduler_delay": 306,
    "n_delay": 327,
    "avg_active_aircrafts": 10.705555555555556
}