{
    "n_delay": 286,
    "conflicts": 0,
    "n_scheduler_delay": 284,
    "avg_reschedule_exec_time": 0.25705984470456145,
    "avg_active_aircrafts": 12.022222222222222,
    "avg_queue_size": 0.08518518518518518,
    "n_uncertainty_delay": 2,
    "makespan": 32370
}