{
    "n_delay": 314,
    "conflicts": 0,
    "n_scheduler_delay": 312,
    "avg_reschedule_exec_time": 0.2689122577046239,
    "avg_active_aircrafts": 11.942592592592593,
    "avg_queue_size": 0.07685185185185185,
    "n_uncertainty_delay": 2,
    "makespan": 32370
}