{
    "avg_queue_size": 0.012037037037037037,
    "n_uncertainty_delay": 7,
    "makespan": 32370,
    "n_scheduler_delay": 391,
    "avg_reschedule_exec_time": 0.19923793373001653,
    "conflicts": 0,
    "n_delay": 398,
    "avg_active_aircrafts": 11.024074074074074
}