{
    "n_uncertainty_delay": 0,
    "makespan": 32370,
    "n_delay": 350,
    "avg_queue_size": 0.003703703703703704,
    "avg_active_aircrafts": 10.897222222222222,
    "n_scheduler_delay": 350,
    "conflicts": 0,
    "avg_reschedule_exec_time": 0.35962633103713354
}