{
    "avg_n_scheduler_delay": 0.008344923504867872,
    "avg_queue_size": 0.0,
    "avg_n_delay": 0.009040333796940195,
    "avg_reschedule_exec_time": 0.602573383153315,
    "conflicts": 0,
    "avg_n_uncertainty_delay": 0.0006954102920723226,
    "makespan": 76530
}