{
    "avg_queue_size": 0.0,
    "makespan": 76470,
    "conflicts": 0,
    "avg_n_delay": 0.007301808066759388,
    "avg_reschedule_exec_time": 0.10183082915282184,
    "avg_n_uncertainty_delay": 0.0013908205841446453,
    "avg_n_scheduler_delay": 0.005910987482614743
}