{
    "conflicts": 0,
    "makespan": 33570,
    "avg_n_delay": 0.035416666666666666,
    "avg_n_scheduler_delay": 0.029861111111111113,
    "avg_n_uncertainty_delay": 0.005555555555555556,
    "avg_queue_size": 0.001388888888888889,
    "avg_reschedule_exec_time": 0.05252313945950904
}