{
    "avg_reschedule_exec_time": 0.29343779918759366,
    "avg_active_aircrafts": 11.158333333333333,
    "avg_queue_size": 0.003703703703703704,
    "n_uncertainty_delay": 10,
    "n_delay": 384,
    "conflicts": 0,
    "makespan": 32370,
    "n_scheduler_delay": 374
}