{
    "n_uncertainty_delay": 15,
    "avg_queue_size": 0.004629629629629629,
    "conflicts": 0,
    "avg_reschedule_exec_time": 0.5506179776302603,
    "n_delay": 394,
    "makespan": 32370,
    "n_scheduler_delay": 379,
    "avg_active_aircrafts": 11.209259259259259
}