{
    "makespan": 32370,
    "avg_queue_size": 0.003703703703703704,
    "avg_reschedule_exec_time": 0.49623233551202817,
    "n_uncertainty_delay": 0,
    "conflicts": 0,
    "n_scheduler_delay": 335,
    "n_delay": 335,
    "avg_active_aircrafts": 10.701851851851853
}