{
    "n_delay": 268,
    "n_scheduler_delay": 261,
    "avg_active_aircrafts": 10.410185185185185,
    "n_uncertainty_delay": 7,
    "makespan": 32370,
    "avg_reschedule_exec_time": 0.3993743142416311,
    "avg_queue_size": 0.003703703703703704,
    "conflicts": 0
}