{
    "n_scheduler_delay": 318,
    "makespan": 32370,
    "avg_reschedule_exec_time": 0.4380046633786933,
    "n_delay": 331,
    "n_uncertainty_delay": 13,
    "avg_queue_size": 0.002777777777777778,
    "conflicts": 0,
    "avg_active_aircrafts": 10.73425925925926
}