{
    "makespan": 32370,
    "avg_queue_size": 0.013888888888888888,
    "avg_reschedule_exec_time": 0.27433256881181584,
    "n_uncertainty_delay": 31,
    "conflicts": 0,
    "n_scheduler_delay": 330,
    "n_delay": 361,
    "avg_active_aircrafts": 10.775925925925925
}