{
    "avg_reschedule_exec_time": 0.5922065701595572,
    "avg_queue_size": 0.008333333333333333,
    "conflicts": 0,
    "n_scheduler_delay": 420,
    "avg_active_aircrafts": 11.15462962962963,
    "n_delay": 420,
    "makespan": 32370,
    "n_uncertainty_delay": 0
}