{
    "makespan": 32370,
    "avg_queue_size": 0.000925925925925926,
    "avg_reschedule_exec_time": 0.5469416829042657,
    "n_uncertainty_delay": 0,
    "conflicts": 0,
    "n_scheduler_delay": 386,
    "n_delay": 386,
    "avg_active_aircrafts": 11.260185185185184
}