{
    "n_scheduler_delay": 298,
    "n_uncertainty_delay": 0,
    "avg_active_aircrafts": 11.54351851851852,
    "n_delay": 298,
    "avg_reschedule_exec_time": 0.4728941385136094,
    "conflicts": 0,
    "makespan": 32370,
    "avg_queue_size": 0.07777777777777778
}