{
    "avg_n_scheduler_delay": 0.01043115438108484,
    "avg_queue_size": 0.0003477051460361613,
    "avg_n_delay": 0.01286509040333797,
    "avg_reschedule_exec_time": 0.6067945555392082,
    "conflicts": 0,
    "avg_n_uncertainty_delay": 0.0024339360222531293,
    "makespan": 76380
}