{
    "conflicts": 0,
    "n_scheduler_delay": 359,
    "avg_reschedule_exec_time": 1.2959652375639155,
    "avg_active_aircrafts": 10.875925925925927,
    "makespan": 32370,
    "n_uncertainty_delay": 5,
    "n_delay": 364,
    "avg_queue_size": 0.004629629629629629
}