{
    "makespan": 32370,
    "avg_queue_size": 0.003703703703703704,
    "avg_reschedule_exec_time": 0.5144457029741863,
    "n_uncertainty_delay": 14,
    "conflicts": 0,
    "n_scheduler_delay": 333,
    "n_delay": 347,
    "avg_active_aircrafts": 11.018518518518519
}