{
    "n_delay": 353,
    "n_scheduler_delay": 349,
    "avg_active_aircrafts": 10.75925925925926,
    "n_uncertainty_delay": 4,
    "makespan": 32370,
    "avg_reschedule_exec_time": 0.48100723000459894,
    "avg_queue_size": 0.001851851851851852,
    "conflicts": 0
}