{
    "conflicts": 0,
    "avg_n_delay": 0.011188811188811189,
    "avg_n_scheduler_delay": 0.011188811188811189,
    "avg_reschedule_exec_time": 0.2363654223965927,
    "makespan": 76950,
    "avg_queue_size": 0.04755244755244755,
    "avg_n_uncertainty_delay": 0.0
}