{
    "n_scheduler_delay": 339,
    "makespan": 32370,
    "avg_reschedule_exec_time": 0.4944951900216036,
    "n_delay": 342,
    "n_uncertainty_delay": 3,
    "avg_queue_size": 0.002777777777777778,
    "conflicts": 0,
    "avg_active_aircrafts": 11.061111111111112
}