{
    "avg_reschedule_exec_time": 0.07403801993581469,
    "avg_queue_size": 0.0,
    "avg_n_scheduler_delay": 0.024305555555555556,
    "avg_n_uncertainty_delay": 0.003472222222222222,
    "conflicts": 0,
    "avg_n_delay": 0.027777777777777776,
    "makespan": 33480
}