{
    "total_conflicts": 14275,
    "makespan": 81960,
    "delay_added": 15210,
    "avg_queue_size": 0.02644855144855142,
    "avg_reschedule_exec_time": 49.85531972721219
}