{
    "makespan": 32370,
    "avg_queue_size": 0.003703703703703704,
    "avg_reschedule_exec_time": 0.5130403330159742,
    "n_uncertainty_delay": 26,
    "conflicts": 0,
    "n_scheduler_delay": 370,
    "n_delay": 396,
    "avg_active_aircrafts": 10.681481481481482
}