{
    "conflicts": 1462,
    "makespan": 80310,
    "avg_queue_size": 0.9530812324929971,
    "avg_reschedule_exec_time": 3.6261847448349,
    "avg_n_delay": 9.225680933852141,
    "avg_n_scheduler_delay": 0.8560311284046692,
    "avg_n_uncertainty_delay": 8.369649805447471
}