time,rs_exec_time
00:00:00,
00:28:00,0.3661632537841797
00:56:00,1.9119961261749268
01:24:00,4.5813071727752686
01:52:00,1.8251969814300537
02:20:00,1.07053804397583
02:48:00,1.4149219989776611
03:16:00,3.519045114517212
03:44:00,3.125174045562744
04:12:00,0.5512161254882812
04:40:00,12.729881763458252
05:08:00,0.6030087471008301
05:36:00,4.813030958175659
06:04:00,3.6549179553985596
06:32:00,0.9072539806365967
07:00:00,2.024590015411377
07:28:00,5.537539720535278
07:56:00,3.1623270511627197
08:24:00,6.894584655761719
08:52:00,0.6738979816436768
09:20:00,7.02822208404541
09:48:00,2.3793890476226807
10:16:00,2.024777889251709
10:44:00,3.395448684692383
11:12:00,4.347246170043945
11:40:00,6.6843101978302
12:08:00,3.01444673538208
12:36:00,3.864865779876709
13:04:00,6.608343839645386
13:32:00,9.073561906814575
14:00:00,2.494163990020752
14:28:00,6.870400905609131
14:56:00,2.0673179626464844
15:24:00,5.1773247718811035
15:52:00,3.0391979217529297
16:20:00,5.749908924102783
16:48:00,2.250480890274048
17:16:00,8.643061876296997
17:44:00,0.9950520992279053
18:12:00,1.669571876525879
18:40:00,4.1194908618927
19:08:00,3.827836275100708
19:36:00,2.3306477069854736
20:04:00,15.859257698059082
20:32:00,1.0475568771362305
21:00:00,1.6897540092468262
21:28:00,2.570779800415039
21:56:00,0.9185957908630371
22:24:00,0.7159950733184814
22:52:00,0.7772250175476074
23:20:00,0.7084128856658936
