{
    "avg_n_delay": 0.016724738675958188,
    "avg_n_scheduler_delay": 0.0132404181184669,
    "avg_queue_size": 0.0,
    "avg_n_uncertainty_delay": 0.003484320557491289,
    "conflicts": 0,
    "avg_reschedule_exec_time": 0.14747206981365496,
    "makespan": 76770
}