{
    "n_uncertainty_delay": 11,
    "avg_queue_size": 0.000925925925925926,
    "conflicts": 0,
    "avg_reschedule_exec_time": 0.5126297773316849,
    "n_delay": 355,
    "makespan": 32370,
    "n_scheduler_delay": 344,
    "avg_active_aircrafts": 10.716666666666667
}