{
    "avg_active_aircrafts": 10.526851851851852,
    "avg_queue_size": 0.001851851851851852,
    "n_scheduler_delay": 327,
    "n_delay": 332,
    "conflicts": 0,
    "makespan": 32370,
    "n_uncertainty_delay": 5,
    "avg_reschedule_exec_time": 0.2464884591657062
}