{
    "makespan": 32370,
    "avg_queue_size": 0.000925925925925926,
    "avg_reschedule_exec_time": 0.4743239735448083,
    "n_uncertainty_delay": 2,
    "conflicts": 0,
    "n_scheduler_delay": 335,
    "n_delay": 337,
    "avg_active_aircrafts": 10.66851851851852
}