{
    "avg_reschedule_exec_time": 0.5442182829213696,
    "avg_queue_size": 0.003703703703703704,
    "conflicts": 0,
    "n_scheduler_delay": 365,
    "avg_active_aircrafts": 11.00462962962963,
    "n_delay": 365,
    "makespan": 32370,
    "n_uncertainty_delay": 0
}