{
    "avg_reschedule_exec_time": 0.10475210193804048,
    "avg_n_delay": 0.011474269819193323,
    "avg_queue_size": 0.0006954102920723226,
    "conflicts": 0,
    "makespan": 76200,
    "avg_n_scheduler_delay": 0.010083449235048678,
    "avg_n_uncertainty_delay": 0.0013908205841446453
}