{
    "n_delay": 323,
    "n_scheduler_delay": 323,
    "avg_active_aircrafts": 10.898148148148149,
    "n_uncertainty_delay": 0,
    "makespan": 32370,
    "avg_reschedule_exec_time": 0.4690379220385884,
    "avg_queue_size": 0.002777777777777778,
    "conflicts": 0
}