{
    "conflicts": 0,
    "avg_n_delay": 0.01783216783216783,
    "avg_n_scheduler_delay": 0.010839160839160839,
    "avg_reschedule_exec_time": 0.13194292699786977,
    "makespan": 76770,
    "avg_queue_size": 0.055944055944055944,
    "avg_n_uncertainty_delay": 0.006993006993006993
}