{
    "conflicts": 0,
    "avg_n_delay": 0.010839160839160839,
    "avg_n_scheduler_delay": 0.00909090909090909,
    "avg_reschedule_exec_time": 0.21543761710046042,
    "makespan": 76710,
    "avg_queue_size": 0.043706293706293704,
    "avg_n_uncertainty_delay": 0.0017482517482517483
}