{
    "avg_reschedule_exec_time": 0.10120229501910197,
    "avg_n_delay": 0.007997218358831711,
    "avg_queue_size": 0.0,
    "conflicts": 0,
    "makespan": 76230,
    "avg_n_scheduler_delay": 0.006954102920723227,
    "avg_n_uncertainty_delay": 0.001043115438108484
}