{
    "makespan": 32370,
    "avg_queue_size": 0.001851851851851852,
    "avg_reschedule_exec_time": 0.48485380660655886,
    "n_uncertainty_delay": 2,
    "conflicts": 0,
    "n_scheduler_delay": 333,
    "n_delay": 335,
    "avg_active_aircrafts": 10.996296296296297
}