{
    "n_scheduler_delay": 392,
    "n_uncertainty_delay": 7,
    "makespan": 32370,
    "conflicts": 0,
    "avg_queue_size": 0.001851851851851852,
    "avg_reschedule_exec_time": 0.31442304877347726,
    "n_delay": 399,
    "avg_active_aircrafts": 11.099074074074075
}