{
    "n_scheduler_delay": 356,
    "n_uncertainty_delay": 19,
    "makespan": 32370,
    "conflicts": 0,
    "avg_queue_size": 0.003703703703703704,
    "avg_reschedule_exec_time": 0.27319082326667254,
    "n_delay": 375,
    "avg_active_aircrafts": 10.535185185185185
}