{
    "avg_n_delay": 0.02280701754385965,
    "avg_n_scheduler_delay": 0.020350877192982456,
    "avg_queue_size": 0.0687719298245614,
    "avg_n_uncertainty_delay": 0.002456140350877193,
    "conflicts": 0,
    "avg_reschedule_exec_time": 0.35413203594532416,
    "makespan": 77670
}