{
    "makespan": 32370,
    "avg_queue_size": 0.003703703703703704,
    "avg_reschedule_exec_time": 0.4711168621861657,
    "n_uncertainty_delay": 14,
    "conflicts": 0,
    "n_scheduler_delay": 297,
    "n_delay": 311,
    "avg_active_aircrafts": 10.90462962962963
}