{
    "conflicts": 0,
    "makespan": 33570,
    "avg_n_delay": 0.02847222222222222,
    "avg_n_scheduler_delay": 0.025694444444444443,
    "avg_n_uncertainty_delay": 0.002777777777777778,
    "avg_queue_size": 0.002777777777777778,
    "avg_reschedule_exec_time": 0.051397016785603045
}