{
    "n_delay": 325,
    "n_scheduler_delay": 318,
    "avg_active_aircrafts": 10.596296296296297,
    "n_uncertainty_delay": 7,
    "makespan": 32370,
    "avg_reschedule_exec_time": 0.4532714511072913,
    "avg_queue_size": 0.003703703703703704,
    "conflicts": 0
}