{
    "conflicts": 0,
    "n_scheduler_delay": 351,
    "avg_reschedule_exec_time": 0.4102082491807335,
    "avg_active_aircrafts": 10.75925925925926,
    "makespan": 32370,
    "n_uncertainty_delay": 5,
    "n_delay": 356,
    "avg_queue_size": 0.003703703703703704
}