{
    "avg_n_delay": 0.010839160839160839,
    "avg_n_scheduler_delay": 0.006293706293706294,
    "avg_queue_size": 0.03671328671328671,
    "avg_n_uncertainty_delay": 0.004545454545454545,
    "conflicts": 0,
    "avg_reschedule_exec_time": 0.22022732546631718,
    "makespan": 77310
}