{
    "conflicts": 0,
    "avg_n_delay": 0.013986013986013988,
    "avg_n_scheduler_delay": 0.012587412587412588,
    "avg_reschedule_exec_time": 0.238259280231637,
    "makespan": 76500,
    "avg_queue_size": 0.044055944055944055,
    "avg_n_uncertainty_delay": 0.0013986013986013986
}