{
    "makespan": 32370,
    "n_delay": 408,
    "conflicts": 0,
    "avg_reschedule_exec_time": 0.4570816467242613,
    "n_scheduler_delay": 402,
    "avg_active_aircrafts": 11.198148148148148,
    "avg_queue_size": 0.003703703703703704,
    "n_uncertainty_delay": 6
}