{
    "n_scheduler_delay": 294,
    "makespan": 32370,
    "avg_reschedule_exec_time": 0.41637871542642285,
    "n_delay": 307,
    "n_uncertainty_delay": 13,
    "avg_queue_size": 0.000925925925925926,
    "conflicts": 0,
    "avg_active_aircrafts": 10.835185185185185
}