{
    "conflicts": 46,
    "makespan": 76710,
    "avg_queue_size": 0.10666666666666667,
    "avg_reschedule_exec_time": 0.8689178583469797,
    "avg_n_delay": 0.08695652173913043,
    "avg_n_scheduler_delay": 0.07509881422924901,
    "avg_n_uncertainty_delay": 0.011857707509881422
}