{
    "avg_n_uncertainty_delay": 0.0003473428273706148,
    "makespan": 76200,
    "avg_n_delay": 0.009725599166377216,
    "avg_reschedule_exec_time": 0.37596348975323785,
    "conflicts": 0,
    "avg_queue_size": 0.0,
    "avg_n_scheduler_delay": 0.0093782563390066
}