{
    "conflicts": 0,
    "avg_n_delay": 0.009790209790209791,
    "avg_n_scheduler_delay": 0.009790209790209791,
    "avg_reschedule_exec_time": 0.2276362466140532,
    "makespan": 77280,
    "avg_queue_size": 0.05244755244755245,
    "avg_n_uncertainty_delay": 0.0
}