{
    "avg_reschedule_exec_time": 0.1057665138855618,
    "avg_n_delay": 0.014255910987482613,
    "avg_queue_size": 0.0,
    "conflicts": 0,
    "makespan": 76650,
    "avg_n_scheduler_delay": 0.010083449235048678,
    "avg_n_uncertainty_delay": 0.004172461752433936
}