{
    "makespan": 32370,
    "avg_queue_size": 0.004629629629629629,
    "avg_reschedule_exec_time": 0.511928379812906,
    "n_uncertainty_delay": 22,
    "conflicts": 0,
    "n_scheduler_delay": 361,
    "n_delay": 383,
    "avg_active_aircrafts": 10.78888888888889
}