{
    "conflicts": 0,
    "makespan": 33330,
    "avg_n_delay": 0.025,
    "avg_n_scheduler_delay": 0.02013888888888889,
    "avg_n_uncertainty_delay": 0.004861111111111111,
    "avg_queue_size": 0.0,
    "avg_reschedule_exec_time": 0.05090437692520014
}