{
    "conflicts": 0,
    "n_scheduler_delay": 348,
    "avg_reschedule_exec_time": 1.0270115950397243,
    "avg_active_aircrafts": 10.960185185185185,
    "makespan": 32370,
    "n_uncertainty_delay": 5,
    "n_delay": 353,
    "avg_queue_size": 0.001851851851851852
}