{
    "avg_reschedule_exec_time": 0.10645987894541706,
    "avg_n_delay": 0.013908205841446454,
    "avg_queue_size": 0.0,
    "conflicts": 0,
    "makespan": 76290,
    "avg_n_scheduler_delay": 0.013908205841446454,
    "avg_n_uncertainty_delay": 0.0
}