{
    "n_scheduler_delay": 267,
    "n_uncertainty_delay": 12,
    "makespan": 32370,
    "conflicts": 0,
    "avg_queue_size": 0.005555555555555556,
    "avg_reschedule_exec_time": 0.24486815097720124,
    "n_delay": 279,
    "avg_active_aircrafts": 10.750925925925927
}