{
    "avg_n_scheduler_delay": 0.007301808066759388,
    "avg_queue_size": 0.0,
    "avg_n_delay": 0.007301808066759388,
    "avg_reschedule_exec_time": 0.5971120419940577,
    "conflicts": 0,
    "avg_n_uncertainty_delay": 0.0,
    "makespan": 76560
}