{
    "conflicts": 0,
    "makespan": 33270,
    "avg_n_delay": 0.029166666666666667,
    "avg_n_scheduler_delay": 0.029166666666666667,
    "avg_n_uncertainty_delay": 0.0,
    "avg_queue_size": 0.001388888888888889,
    "avg_reschedule_exec_time": 0.05135315839294603
}