{
    "n_delay": 423,
    "n_scheduler_delay": 419,
    "avg_active_aircrafts": 10.721296296296297,
    "n_uncertainty_delay": 4,
    "makespan": 32370,
    "avg_reschedule_exec_time": 0.5399550349213357,
    "avg_queue_size": 0.001851851851851852,
    "conflicts": 0
}