{
    "avg_reschedule_exec_time": 0.10028184722060944,
    "avg_n_delay": 0.019819193324061197,
    "avg_queue_size": 0.0,
    "conflicts": 0,
    "makespan": 76440,
    "avg_n_scheduler_delay": 0.01043115438108484,
    "avg_n_uncertainty_delay": 0.009388038942976356
}