{
    "conflicts": 328,
    "makespan": 77550,
    "avg_queue_size": 0.4115384615384615,
    "avg_reschedule_exec_time": 1.622676283121109,
    "avg_n_delay": 0.7217741935483871,
    "avg_n_scheduler_delay": 0.5040322580645161,
    "avg_n_uncertainty_delay": 0.21774193548387097
}