time,rs_exec_time
00:00:00,
00:22:00,0.30612707138061523
00:44:00,1.0171220302581787
01:06:00,0.6996889114379883
01:28:00,0.3374190330505371
01:50:00,0.7023909091949463
02:12:00,204.75312614440918
02:34:00,2.201896905899048
02:56:00,3.0429720878601074
03:18:00,1.4673898220062256
03:40:00,1.0747129917144775
04:02:00,11.536245107650757
04:24:00,0.773655891418457
04:46:00,0.5036399364471436
05:08:00,1.209273099899292
05:30:00,1.6977863311767578
05:52:00,2.4634649753570557
06:14:00,0.8263847827911377
06:36:00,2.6800477504730225
06:58:00,0.5377027988433838
07:20:00,1.3378691673278809
07:42:00,1.2997980117797852
08:04:00,1.8109071254730225
08:26:00,1.8239240646362305
08:48:00,0.5853238105773926
09:10:00,2.7877118587493896
09:32:00,1.0167899131774902
09:54:00,0.9697058200836182
10:16:00,67.84044408798218
10:38:00,2.8839399814605713
11:00:00,1.867361068725586
11:22:00,6.839789152145386
11:44:00,1.684814214706421
12:06:00,4.596887111663818
12:28:00,0.5839617252349854
12:50:00,0.5933051109313965
13:12:00,1.6119470596313477
13:34:00,2.6905930042266846
13:56:00,3.7025909423828125
14:18:00,4.238241910934448
14:40:00,3.2425448894500732
15:02:00,1.5908143520355225
15:24:00,0.6265726089477539
15:46:00,0.5708751678466797
16:08:00,1.792194128036499
16:30:00,1.1569721698760986
16:52:00,1.1264188289642334
17:14:00,4.5831427574157715
17:36:00,10.749666929244995
17:58:00,0.6522409915924072
18:20:00,1.7316668033599854
18:42:00,0.6350750923156738
19:04:00,1.241506814956665
19:26:00,1.788681983947754
19:48:00,0.6900763511657715
20:10:00,1.8516931533813477
20:32:00,2.418452024459839
20:54:00,3.4478728771209717
21:16:00,3.0341429710388184
21:38:00,1.2447926998138428
22:00:00,0.5611858367919922
22:22:00,0.5323901176452637
22:44:00,0.5218400955200195
23:06:00,0.520880937576294
23:28:00,0.5575129985809326
