{
    "makespan": 32370,
    "avg_queue_size": 0.002777777777777778,
    "avg_reschedule_exec_time": 0.5820667854575223,
    "n_uncertainty_delay": 4,
    "conflicts": 0,
    "n_scheduler_delay": 400,
    "n_delay": 404,
    "avg_active_aircrafts": 10.749074074074073
}