{
    "n_scheduler_delay": 361,
    "n_uncertainty_delay": 3,
    "makespan": 32370,
    "conflicts": 0,
    "avg_queue_size": 0.002777777777777778,
    "avg_reschedule_exec_time": 0.5071534711261129,
    "n_delay": 364,
    "avg_active_aircrafts": 10.805555555555555
}