{
    "makespan": 76230,
    "avg_reschedule_exec_time": 0.1084417081915814,
    "avg_queue_size": 0.0,
    "avg_n_uncertainty_delay": 0.0017367141368530739,
    "avg_n_scheduler_delay": 0.012504341785342132,
    "avg_n_delay": 0.014241055922195206,
    "conflicts": 0
}