{
    "avg_n_uncertainty_delay": 0.0003473428273706148,
    "makespan": 76290,
    "avg_n_delay": 0.008336227856894755,
    "avg_reschedule_exec_time": 0.37634946449943213,
    "conflicts": 0,
    "avg_queue_size": 0.0,
    "avg_n_scheduler_delay": 0.00798888502952414
}