{
    "n_delay": 350,
    "avg_queue_size": 0.08796296296296297,
    "n_scheduler_delay": 350,
    "n_uncertainty_delay": 0,
    "makespan": 32370,
    "conflicts": 0,
    "avg_reschedule_exec_time": 0.5135826942532562,
    "avg_active_aircrafts": 11.730555555555556
}