{
    "n_uncertainty_delay": 0,
    "makespan": 32370,
    "n_delay": 363,
    "avg_queue_size": 0.003703703703703704,
    "avg_active_aircrafts": 10.883333333333333,
    "n_scheduler_delay": 363,
    "conflicts": 0,
    "avg_reschedule_exec_time": 0.5128569625144781
}