{
    "avg_queue_size": 0.007407407407407408,
    "n_uncertainty_delay": 5,
    "makespan": 32370,
    "n_scheduler_delay": 349,
    "avg_reschedule_exec_time": 0.3020319650339526,
    "conflicts": 0,
    "n_delay": 354,
    "avg_active_aircrafts": 11.394444444444444
}