{
    "conflicts": 0,
    "n_scheduler_delay": 400,
    "avg_reschedule_exec_time": 0.282645710324091,
    "avg_active_aircrafts": 11.036111111111111,
    "makespan": 32370,
    "n_uncertainty_delay": 9,
    "n_delay": 409,
    "avg_queue_size": 0.011111111111111112
}