{
    "avg_reschedule_exec_time": 0.10465477236798215,
    "avg_n_delay": 0.013908205841446452,
    "avg_queue_size": 0.0,
    "conflicts": 0,
    "makespan": 76350,
    "avg_n_scheduler_delay": 0.013560500695410291,
    "avg_n_uncertainty_delay": 0.0003477051460361613
}