{
    "n_delay": 339,
    "avg_queue_size": 0.06388888888888888,
    "n_scheduler_delay": 338,
    "n_uncertainty_delay": 1,
    "makespan": 32370,
    "conflicts": 0,
    "avg_reschedule_exec_time": 0.4718637876732405,
    "avg_active_aircrafts": 11.847222222222221
}