{
    "conflicts": 0,
    "makespan": 33390,
    "avg_n_delay": 0.041666666666666664,
    "avg_n_scheduler_delay": 0.03611111111111111,
    "avg_n_uncertainty_delay": 0.005555555555555556,
    "avg_queue_size": 0.001388888888888889,
    "avg_reschedule_exec_time": 0.053984094130959684
}