{
    "makespan": 32370,
    "avg_queue_size": 0.000925925925925926,
    "avg_reschedule_exec_time": 0.535944396396016,
    "n_uncertainty_delay": 11,
    "conflicts": 0,
    "n_scheduler_delay": 367,
    "n_delay": 378,
    "avg_active_aircrafts": 11.08148148148148
}