{
    "makespan": 32370,
    "avg_queue_size": 0.004629629629629629,
    "avg_reschedule_exec_time": 0.47336127480795215,
    "n_uncertainty_delay": 19,
    "conflicts": 0,
    "n_scheduler_delay": 335,
    "n_delay": 354,
    "avg_active_aircrafts": 10.760185185185184
}