{
    "makespan": 76620,
    "avg_queue_size": 0.0,
    "conflicts": 0,
    "avg_reschedule_exec_time": 0.5918107159700174,
    "avg_n_delay": 0.010079944386513731,
    "avg_n_uncertainty_delay": 0.0006951685783802572,
    "avg_n_scheduler_delay": 0.009384775808133473
}