{
    "avg_reschedule_exec_time": 0.10087853387869833,
    "avg_n_delay": 0.013908205841446454,
    "avg_queue_size": 0.0,
    "conflicts": 0,
    "makespan": 76350,
    "avg_n_scheduler_delay": 0.010778859527121001,
    "avg_n_uncertainty_delay": 0.003129346314325452
}