{
    "n_delay": 353,
    "n_scheduler_delay": 353,
    "avg_active_aircrafts": 10.899074074074074,
    "n_uncertainty_delay": 0,
    "makespan": 32370,
    "avg_reschedule_exec_time": 0.511821030461511,
    "avg_queue_size": 0.004629629629629629,
    "conflicts": 0
}