{
    "avg_reschedule_exec_time": 0.09899104936541289,
    "avg_n_delay": 0.01808066759388039,
    "avg_queue_size": 0.0006954102920723226,
    "conflicts": 0,
    "makespan": 76530,
    "avg_n_scheduler_delay": 0.009388038942976356,
    "avg_n_uncertainty_delay": 0.008692628650904033
}