{
    "conflicts": 0,
    "n_scheduler_delay": 321,
    "avg_reschedule_exec_time": 0.9105055265337507,
    "avg_active_aircrafts": 10.903703703703703,
    "makespan": 32370,
    "n_uncertainty_delay": 2,
    "n_delay": 323,
    "avg_queue_size": 0.003703703703703704
}