{
    "avg_reschedule_exec_time": 0.10505922093032795,
    "avg_n_delay": 0.01286509040333797,
    "avg_queue_size": 0.0,
    "conflicts": 0,
    "makespan": 76260,
    "avg_n_scheduler_delay": 0.007997218358831711,
    "avg_n_uncertainty_delay": 0.004867872044506259
}