{
    "conflicts": 0,
    "n_scheduler_delay": 318,
    "avg_reschedule_exec_time": 0.8822444822186621,
    "avg_active_aircrafts": 10.625,
    "makespan": 32370,
    "n_uncertainty_delay": 3,
    "n_delay": 321,
    "avg_queue_size": 0.001851851851851852
}