{
    "makespan": 76500,
    "avg_queue_size": 0.0003475842891901286,
    "conflicts": 0,
    "avg_reschedule_exec_time": 0.6031244597504681,
    "avg_n_delay": 0.013903371567605145,
    "avg_n_uncertainty_delay": 0.0006951685783802572,
    "avg_n_scheduler_delay": 0.013208202989224887
}