{
    "conflicts": 0,
    "n_scheduler_delay": 316,
    "avg_reschedule_exec_time": 0.24932495738225877,
    "avg_active_aircrafts": 10.841666666666667,
    "makespan": 32370,
    "n_uncertainty_delay": 8,
    "n_delay": 324,
    "avg_queue_size": 0.001851851851851852
}