{
    "conflicts": 0,
    "avg_n_delay": 0.016783216783216783,
    "avg_n_scheduler_delay": 0.006643356643356644,
    "avg_reschedule_exec_time": 0.1239893184581273,
    "makespan": 76680,
    "avg_queue_size": 0.01888111888111888,
    "avg_n_uncertainty_delay": 0.01013986013986014
}