{
    "n_scheduler_delay": 323,
    "makespan": 32370,
    "avg_reschedule_exec_time": 0.4499384503031886,
    "n_delay": 327,
    "n_uncertainty_delay": 4,
    "avg_queue_size": 0.008333333333333333,
    "conflicts": 0,
    "avg_active_aircrafts": 10.847222222222221
}