{
    "n_delay": 353,
    "avg_queue_size": 0.07685185185185185,
    "n_scheduler_delay": 350,
    "n_uncertainty_delay": 3,
    "makespan": 32370,
    "conflicts": 0,
    "avg_reschedule_exec_time": 0.4871234372604725,
    "avg_active_aircrafts": 11.735185185185186
}