{
    "conflicts": 0,
    "avg_n_delay": 0.009790209790209791,
    "avg_n_scheduler_delay": 0.009790209790209791,
    "avg_reschedule_exec_time": 0.23854429285291215,
    "makespan": 76770,
    "avg_queue_size": 0.06503496503496503,
    "avg_n_uncertainty_delay": 0.0
}