{
    "avg_n_uncertainty_delay": 0.006606397774687065,
    "avg_reschedule_exec_time": 0.37715252993166615,
    "conflicts": 0,
    "avg_n_delay": 0.014255910987482615,
    "avg_queue_size": 0.0,
    "avg_n_scheduler_delay": 0.0076495132127955496,
    "makespan": 76680
}