{
    "conflicts": 0,
    "makespan": 33270,
    "avg_n_delay": 0.04652777777777778,
    "avg_n_scheduler_delay": 0.025694444444444443,
    "avg_n_uncertainty_delay": 0.020833333333333332,
    "avg_queue_size": 0.002777777777777778,
    "avg_reschedule_exec_time": 0.0924832263032706
}