{
    "n_uncertainty_delay": 0,
    "avg_queue_size": 0.013888888888888888,
    "conflicts": 0,
    "avg_reschedule_exec_time": 0.4810866466788358,
    "n_delay": 298,
    "makespan": 32370,
    "n_scheduler_delay": 298,
    "avg_active_aircrafts": 10.83148148148148
}