{
    "avg_reschedule_exec_time": 0.5256404155908629,
    "avg_active_aircrafts": 10.815740740740742,
    "avg_queue_size": 0.003703703703703704,
    "n_uncertainty_delay": 3,
    "n_delay": 379,
    "conflicts": 0,
    "makespan": 32370,
    "n_scheduler_delay": 376
}