{
    "avg_queue_size": 0.002777777777777778,
    "n_uncertainty_delay": 9,
    "makespan": 32370,
    "n_scheduler_delay": 348,
    "avg_reschedule_exec_time": 0.21866067280113474,
    "conflicts": 0,
    "n_delay": 357,
    "avg_active_aircrafts": 10.842592592592593
}