{
    "n_uncertainty_delay": 0,
    "makespan": 32370,
    "n_delay": 409,
    "avg_queue_size": 0.000925925925925926,
    "avg_active_aircrafts": 11.000925925925927,
    "n_scheduler_delay": 409,
    "conflicts": 0,
    "avg_reschedule_exec_time": 0.49578469393421726
}