{
    "makespan": 32370,
    "avg_queue_size": 0.005555555555555556,
    "avg_reschedule_exec_time": 0.49845152677491655,
    "n_uncertainty_delay": 20,
    "conflicts": 0,
    "n_scheduler_delay": 337,
    "n_delay": 357,
    "avg_active_aircrafts": 11.089814814814815
}