{
    "conflicts": 0,
    "avg_n_delay": 0.014335664335664335,
    "avg_n_scheduler_delay": 0.011888111888111888,
    "avg_reschedule_exec_time": 0.2408157167300372,
    "makespan": 76950,
    "avg_queue_size": 0.04090909090909091,
    "avg_n_uncertainty_delay": 0.0024475524475524478
}