{
    "conflicts": 0,
    "n_scheduler_delay": 307,
    "avg_reschedule_exec_time": 0.2541186588372282,
    "avg_active_aircrafts": 10.844444444444445,
    "makespan": 32370,
    "n_uncertainty_delay": 4,
    "n_delay": 311,
    "avg_queue_size": 0.002777777777777778
}