{
    "makespan": 32370,
    "n_delay": 281,
    "conflicts": 0,
    "avg_reschedule_exec_time": 0.24114832586171675,
    "n_scheduler_delay": 278,
    "avg_active_aircrafts": 10.887962962962963,
    "avg_queue_size": 0.000925925925925926,
    "n_uncertainty_delay": 3
}