{
    "avg_active_aircrafts": 10.536111111111111,
    "avg_queue_size": 0.002777777777777778,
    "n_scheduler_delay": 328,
    "n_delay": 346,
    "conflicts": 0,
    "makespan": 32370,
    "n_uncertainty_delay": 18,
    "avg_reschedule_exec_time": 0.24495197451391884
}