{
    "makespan": 32370,
    "avg_queue_size": 0.004629629629629629,
    "avg_reschedule_exec_time": 0.5161015177881995,
    "n_uncertainty_delay": 19,
    "conflicts": 0,
    "n_scheduler_delay": 350,
    "n_delay": 369,
    "avg_active_aircrafts": 11.00462962962963
}