{
    "conflicts": 0,
    "n_scheduler_delay": 322,
    "avg_reschedule_exec_time": 0.8826291026356065,
    "avg_active_aircrafts": 10.89537037037037,
    "makespan": 32370,
    "n_uncertainty_delay": 2,
    "n_delay": 324,
    "avg_queue_size": 0.001851851851851852
}