{
    "avg_reschedule_exec_time": 0.09940248345930264,
    "avg_n_delay": 0.011474269819193323,
    "avg_queue_size": 0.0,
    "conflicts": 0,
    "makespan": 76380,
    "avg_n_scheduler_delay": 0.007301808066759388,
    "avg_n_uncertainty_delay": 0.004172461752433936
}