{
    "avg_n_uncertainty_delay": 0.0006951685783802572,
    "makespan": 76290,
    "avg_n_delay": 0.006604101494612443,
    "avg_reschedule_exec_time": 0.3910853228917936,
    "conflicts": 0,
    "avg_queue_size": 0.0003475842891901286,
    "avg_n_scheduler_delay": 0.005908932916232186
}