{
    "conflicts": 0,
    "avg_n_delay": 0.012237762237762238,
    "avg_n_scheduler_delay": 0.007692307692307693,
    "avg_reschedule_exec_time": 0.21383815751948826,
    "makespan": 76740,
    "avg_queue_size": 0.012587412587412588,
    "avg_n_uncertainty_delay": 0.004545454545454545
}