{
    "avg_reschedule_exec_time": 0.27425314326618994,
    "avg_active_aircrafts": 10.835185185185185,
    "avg_queue_size": 0.011111111111111112,
    "n_uncertainty_delay": 4,
    "n_delay": 345,
    "conflicts": 0,
    "makespan": 32370,
    "n_scheduler_delay": 341
}