{
    "n_uncertainty_delay": 20,
    "avg_queue_size": 0.005555555555555556,
    "conflicts": 0,
    "avg_reschedule_exec_time": 0.5592875358670257,
    "n_delay": 423,
    "makespan": 32370,
    "n_scheduler_delay": 403,
    "avg_active_aircrafts": 10.85925925925926
}