{
    "avg_n_delay": 0.01995798319327731,
    "avg_n_scheduler_delay": 0.015756302521008403,
    "avg_queue_size": 0.05217086834733894,
    "avg_n_uncertainty_delay": 0.004201680672268907,
    "conflicts": 0,
    "avg_reschedule_exec_time": 0.15493811591196868,
    "makespan": 76500
}