{
    "makespan": 32370,
    "avg_queue_size": 0.003703703703703704,
    "avg_reschedule_exec_time": 0.5427172272704368,
    "n_uncertainty_delay": 0,
    "conflicts": 0,
    "n_scheduler_delay": 391,
    "n_delay": 391,
    "avg_active_aircrafts": 10.697222222222223
}