{
    "avg_reschedule_exec_time": 0.42596252685369446,
    "avg_queue_size": 0.005555555555555556,
    "conflicts": 0,
    "n_scheduler_delay": 256,
    "avg_active_aircrafts": 10.550925925925926,
    "n_delay": 256,
    "makespan": 32370,
    "n_uncertainty_delay": 0
}