{
    "avg_active_aircrafts": 10.690740740740742,
    "avg_queue_size": 0.006481481481481481,
    "n_scheduler_delay": 307,
    "n_delay": 307,
    "conflicts": 0,
    "makespan": 32370,
    "n_uncertainty_delay": 0,
    "avg_reschedule_exec_time": 0.2514412802319194
}