{
    "makespan": 32370,
    "avg_queue_size": 0.001851851851851852,
    "avg_reschedule_exec_time": 0.5378010317336681,
    "n_uncertainty_delay": 15,
    "conflicts": 0,
    "n_scheduler_delay": 369,
    "n_delay": 384,
    "avg_active_aircrafts": 11.15462962962963
}