{
    "conflicts": 0,
    "avg_n_delay": 0.016783216783216783,
    "avg_n_scheduler_delay": 0.012937062937062937,
    "avg_reschedule_exec_time": 0.23694561232983227,
    "makespan": 76770,
    "avg_queue_size": 0.024125874125874126,
    "avg_n_uncertainty_delay": 0.0038461538461538464
}