{
    "conflicts": 0,
    "makespan": 33240,
    "avg_n_delay": 0.050694444444444445,
    "avg_n_scheduler_delay": 0.02638888888888889,
    "avg_n_uncertainty_delay": 0.024305555555555556,
    "avg_queue_size": 0.002777777777777778,
    "avg_reschedule_exec_time": 0.09282871607618412
}