{
    "n_delay": 321,
    "avg_queue_size": 0.04537037037037037,
    "n_scheduler_delay": 321,
    "n_uncertainty_delay": 0,
    "makespan": 32370,
    "conflicts": 0,
    "avg_reschedule_exec_time": 0.47865869610808615,
    "avg_active_aircrafts": 11.676851851851852
}