{
    "makespan": 76590,
    "avg_queue_size": 0.0,
    "conflicts": 0,
    "avg_reschedule_exec_time": 0.590878041961097,
    "avg_n_delay": 0.011114970475859673,
    "avg_n_uncertainty_delay": 0.0010420284821118443,
    "avg_n_scheduler_delay": 0.010072941993747829
}