{
    "avg_queue_size": 0.001851851851851852,
    "n_uncertainty_delay": 6,
    "makespan": 32370,
    "n_scheduler_delay": 253,
    "avg_reschedule_exec_time": 0.19202400228791078,
    "conflicts": 0,
    "n_delay": 259,
    "avg_active_aircrafts": 10.602777777777778
}