{
    "n_uncertainty_delay": 0,
    "makespan": 32370,
    "n_delay": 368,
    "avg_queue_size": 0.004629629629629629,
    "avg_active_aircrafts": 10.758333333333333,
    "n_scheduler_delay": 368,
    "conflicts": 0,
    "avg_reschedule_exec_time": 0.43173284335650475
}