{
    "n_delay": 296,
    "n_scheduler_delay": 294,
    "avg_active_aircrafts": 10.872222222222222,
    "n_uncertainty_delay": 2,
    "makespan": 32370,
    "avg_reschedule_exec_time": 0.42926921844482424,
    "avg_queue_size": 0.001851851851851852,
    "conflicts": 0
}