{
    "avg_queue_size": 0.006481481481481481,
    "n_uncertainty_delay": 7,
    "makespan": 32370,
    "n_scheduler_delay": 321,
    "avg_reschedule_exec_time": 0.2469867185104725,
    "conflicts": 0,
    "n_delay": 328,
    "avg_active_aircrafts": 10.575
}