{
    "n_uncertainty_delay": 0,
    "makespan": 32370,
    "n_delay": 372,
    "avg_queue_size": 0.004629629629629629,
    "avg_active_aircrafts": 10.678703703703704,
    "n_scheduler_delay": 372,
    "conflicts": 0,
    "avg_reschedule_exec_time": 0.5430133176404376
}