{
    "makespan": 76650,
    "avg_queue_size": 0.0006946856547412296,
    "conflicts": 0,
    "avg_reschedule_exec_time": 0.5958478336294409,
    "avg_n_delay": 0.00659951372004168,
    "avg_n_uncertainty_delay": 0.0003473428273706148,
    "avg_n_scheduler_delay": 0.006252170892671066
}