{
    "n_scheduler_delay": 434,
    "makespan": 32370,
    "avg_reschedule_exec_time": 0.5982405562733495,
    "n_delay": 472,
    "n_uncertainty_delay": 38,
    "avg_queue_size": 0.017592592592592594,
    "conflicts": 0,
    "avg_active_aircrafts": 11.235185185185186
}