{
    "n_delay": 370,
    "n_scheduler_delay": 369,
    "avg_active_aircrafts": 11.003703703703703,
    "n_uncertainty_delay": 1,
    "makespan": 32370,
    "avg_reschedule_exec_time": 0.5112440220145292,
    "avg_queue_size": 0.001851851851851852,
    "conflicts": 0
}