{
    "makespan": 76290,
    "avg_queue_size": 0.0010434782608695651,
    "conflicts": 0,
    "avg_reschedule_exec_time": 0.6028736588846931,
    "avg_n_delay": 0.008695652173913044,
    "avg_n_uncertainty_delay": 0.00034782608695652176,
    "avg_n_scheduler_delay": 0.008347826086956521
}