{
    "n_uncertainty_delay": 3,
    "avg_queue_size": 0.006481481481481481,
    "conflicts": 0,
    "avg_reschedule_exec_time": 0.5488549964372502,
    "n_delay": 327,
    "makespan": 32370,
    "n_scheduler_delay": 324,
    "avg_active_aircrafts": 11.023148148148149
}