{
    "conflicts": 0,
    "makespan": 33300,
    "avg_n_delay": 0.04861111111111111,
    "avg_n_scheduler_delay": 0.034722222222222224,
    "avg_n_uncertainty_delay": 0.013888888888888888,
    "avg_queue_size": 0.001388888888888889,
    "avg_reschedule_exec_time": 0.09581061126793991
}