{
    "avg_reschedule_exec_time": 0.10194570374023948,
    "avg_n_delay": 0.012517385257301807,
    "avg_queue_size": 0.0006954102920723226,
    "conflicts": 0,
    "makespan": 76650,
    "avg_n_scheduler_delay": 0.009388038942976356,
    "avg_n_uncertainty_delay": 0.003129346314325452
}