{
    "n_uncertainty_delay": 15,
    "avg_queue_size": 0.003703703703703704,
    "conflicts": 0,
    "avg_reschedule_exec_time": 0.5276295828264813,
    "n_delay": 341,
    "makespan": 32370,
    "n_scheduler_delay": 326,
    "avg_active_aircrafts": 11.028703703703703
}