{
    "conflicts": 0,
    "n_scheduler_delay": 353,
    "avg_reschedule_exec_time": 0.2836059143901535,
    "avg_active_aircrafts": 11.060185185185185,
    "makespan": 32370,
    "n_uncertainty_delay": 9,
    "n_delay": 362,
    "avg_queue_size": 0.003703703703703704
}