{
    "conflicts": 0,
    "n_scheduler_delay": 375,
    "avg_reschedule_exec_time": 0.6342869377669009,
    "avg_active_aircrafts": 11.357407407407408,
    "makespan": 32370,
    "n_uncertainty_delay": 10,
    "n_delay": 385,
    "avg_queue_size": 0.004629629629629629
}