{
    "n_scheduler_delay": 362,
    "n_uncertainty_delay": 9,
    "avg_active_aircrafts": 11.878703703703703,
    "n_delay": 371,
    "avg_reschedule_exec_time": 0.5087671723476676,
    "conflicts": 0,
    "makespan": 32370,
    "avg_queue_size": 0.04814814814814815
}