{
    "avg_reschedule_exec_time": 0.10209186893983804,
    "avg_n_delay": 0.009735744089012517,
    "avg_queue_size": 0.0013908205841446453,
    "conflicts": 0,
    "makespan": 76650,
    "avg_n_scheduler_delay": 0.008344923504867872,
    "avg_n_uncertainty_delay": 0.0013908205841446453
}