{
    "n_delay": 445,
    "n_scheduler_delay": 431,
    "avg_active_aircrafts": 11.302777777777777,
    "n_uncertainty_delay": 14,
    "makespan": 32370,
    "avg_reschedule_exec_time": 0.6128593367199565,
    "avg_queue_size": 0.005555555555555556,
    "conflicts": 0
}