{
    "n_delay": 358,
    "n_scheduler_delay": 341,
    "avg_active_aircrafts": 10.712037037037037,
    "n_uncertainty_delay": 17,
    "makespan": 32370,
    "avg_reschedule_exec_time": 0.2557256831679233,
    "avg_queue_size": 0.005555555555555556,
    "conflicts": 0
}