{
    "avg_n_uncertainty_delay": 0.0010427528675703858,
    "makespan": 76170,
    "avg_n_delay": 0.01007994438651373,
    "avg_reschedule_exec_time": 0.39855456933742617,
    "conflicts": 0,
    "avg_queue_size": 0.0003475842891901286,
    "avg_n_scheduler_delay": 0.009037191518943343
}