{
    "conflicts": 0,
    "makespan": 33360,
    "avg_n_delay": 0.03194444444444444,
    "avg_n_scheduler_delay": 0.025694444444444443,
    "avg_n_uncertainty_delay": 0.00625,
    "avg_queue_size": 0.0020833333333333333,
    "avg_reschedule_exec_time": 0.05195304145387952
}