{
    "conflicts": 0,
    "n_scheduler_delay": 329,
    "avg_reschedule_exec_time": 0.7081615871457911,
    "avg_active_aircrafts": 10.500925925925927,
    "makespan": 32370,
    "n_uncertainty_delay": 4,
    "n_delay": 333,
    "avg_queue_size": 0.002777777777777778
}