{
    "conflicts": 0,
    "avg_n_delay": 0.008741258741258742,
    "avg_n_scheduler_delay": 0.008741258741258742,
    "avg_reschedule_exec_time": 0.22358334568184865,
    "makespan": 76710,
    "avg_queue_size": 0.025874125874125874,
    "avg_n_uncertainty_delay": 0.0
}