{
    "n_delay": 297,
    "n_scheduler_delay": 285,
    "avg_active_aircrafts": 10.558333333333334,
    "n_uncertainty_delay": 12,
    "makespan": 32370,
    "avg_reschedule_exec_time": 0.42804187619408895,
    "avg_queue_size": 0.003703703703703704,
    "conflicts": 0
}