{
    "makespan": 32370,
    "avg_queue_size": 0.003703703703703704,
    "avg_reschedule_exec_time": 0.5192742414252702,
    "n_uncertainty_delay": 4,
    "conflicts": 0,
    "n_scheduler_delay": 364,
    "n_delay": 368,
    "avg_active_aircrafts": 10.821296296296296
}