{
    "avg_n_scheduler_delay": 0.007301808066759388,
    "avg_queue_size": 0.0006954102920723226,
    "avg_n_delay": 0.02016689847009736,
    "avg_reschedule_exec_time": 0.5864034339910098,
    "conflicts": 0,
    "avg_n_uncertainty_delay": 0.01286509040333797,
    "makespan": 76590
}