{
    "n_delay": 284,
    "avg_queue_size": 0.10185185185185185,
    "n_scheduler_delay": 283,
    "n_uncertainty_delay": 1,
    "makespan": 32370,
    "conflicts": 0,
    "avg_reschedule_exec_time": 0.4473805638246758,
    "avg_active_aircrafts": 11.75462962962963
}