{
    "conflicts": 0,
    "avg_n_delay": 0.01818181818181818,
    "avg_n_scheduler_delay": 0.01013986013986014,
    "avg_reschedule_exec_time": 0.2260828051768558,
    "makespan": 76440,
    "avg_queue_size": 0.043006993006993004,
    "avg_n_uncertainty_delay": 0.008041958041958041
}