{
    "avg_queue_size": 0.0,
    "makespan": 76470,
    "conflicts": 0,
    "avg_n_delay": 0.0076495132127955496,
    "avg_reschedule_exec_time": 0.1056673098407416,
    "avg_n_uncertainty_delay": 0.0,
    "avg_n_scheduler_delay": 0.0076495132127955496
}