{
    "n_scheduler_delay": 389,
    "n_uncertainty_delay": 25,
    "makespan": 32370,
    "conflicts": 0,
    "avg_queue_size": 0.002777777777777778,
    "avg_reschedule_exec_time": 0.3167733048283777,
    "n_delay": 414,
    "avg_active_aircrafts": 11.21574074074074
}