{
    "avg_n_delay": 0.012220670391061454,
    "avg_n_scheduler_delay": 0.007681564245810056,
    "avg_queue_size": 0.027583798882681563,
    "avg_n_uncertainty_delay": 0.004539106145251397,
    "conflicts": 0,
    "avg_reschedule_exec_time": 0.2050285754578837,
    "makespan": 76440
}