{
    "conflicts": 0,
    "makespan": 33240,
    "avg_n_delay": 0.040972222222222215,
    "avg_n_scheduler_delay": 0.034027777777777775,
    "avg_n_uncertainty_delay": 0.006944444444444444,
    "avg_queue_size": 0.001388888888888889,
    "avg_reschedule_exec_time": 0.05485698306792958
}