{
    "avg_n_scheduler_delay": 0.009735744089012517,
    "avg_queue_size": 0.0,
    "avg_n_delay": 0.02016689847009736,
    "avg_reschedule_exec_time": 0.5995754056654269,
    "conflicts": 0,
    "avg_n_uncertainty_delay": 0.01043115438108484,
    "makespan": 76470
}