{
    "conflicts": 0,
    "avg_n_delay": 0.01818181818181818,
    "avg_n_scheduler_delay": 0.012237762237762238,
    "avg_reschedule_exec_time": 0.22272343870619654,
    "makespan": 76530,
    "avg_queue_size": 0.05909090909090909,
    "avg_n_uncertainty_delay": 0.005944055944055944
}