{
    "avg_reschedule_exec_time": 0.07353858868225818,
    "avg_queue_size": 0.0,
    "avg_n_scheduler_delay": 0.025694444444444443,
    "avg_n_uncertainty_delay": 0.00625,
    "conflicts": 0,
    "avg_n_delay": 0.03194444444444444,
    "makespan": 33240
}