{
    "conflicts": 0,
    "n_scheduler_delay": 319,
    "avg_reschedule_exec_time": 0.8355227430290151,
    "avg_active_aircrafts": 10.482407407407408,
    "makespan": 32370,
    "n_uncertainty_delay": 9,
    "n_delay": 328,
    "avg_queue_size": 0.002777777777777778
}