{
    "conflicts": 0,
    "avg_n_delay": 0.016083916083916086,
    "avg_n_scheduler_delay": 0.00944055944055944,
    "avg_reschedule_exec_time": 0.12994161290182193,
    "makespan": 76770,
    "avg_queue_size": 0.056993006993006995,
    "avg_n_uncertainty_delay": 0.006643356643356644
}