{
    "avg_n_scheduler_delay": 0.006606397774687065,
    "avg_queue_size": 0.0,
    "avg_n_delay": 0.011474269819193323,
    "avg_reschedule_exec_time": 0.5906461566935675,
    "conflicts": 0,
    "avg_n_uncertainty_delay": 0.004867872044506259,
    "makespan": 76260
}