{
    "conflicts": 0,
    "n_scheduler_delay": 395,
    "avg_reschedule_exec_time": 2.5079096697144587,
    "avg_active_aircrafts": 10.74537037037037,
    "makespan": 32370,
    "n_uncertainty_delay": 4,
    "n_delay": 399,
    "avg_queue_size": 0.004629629629629629
}