{
    "conflicts": 0,
    "avg_n_delay": 0.014335664335664335,
    "avg_n_scheduler_delay": 0.00909090909090909,
    "avg_reschedule_exec_time": 0.222736806936667,
    "makespan": 76770,
    "avg_queue_size": 0.04195804195804196,
    "avg_n_uncertainty_delay": 0.005244755244755245
}