{
    "n_delay": 346,
    "avg_queue_size": 0.07962962962962963,
    "n_scheduler_delay": 342,
    "n_uncertainty_delay": 4,
    "makespan": 32370,
    "conflicts": 0,
    "avg_reschedule_exec_time": 0.5007778422777043,
    "avg_active_aircrafts": 12.068518518518518
}