{
    "n_scheduler_delay": 400,
    "makespan": 32370,
    "avg_reschedule_exec_time": 0.524306041140889,
    "n_delay": 400,
    "n_uncertainty_delay": 0,
    "avg_queue_size": 0.002777777777777778,
    "conflicts": 0,
    "avg_active_aircrafts": 11.019444444444444
}