{
    "conflicts": 0,
    "n_scheduler_delay": 376,
    "avg_reschedule_exec_time": 1.0544562518039597,
    "avg_active_aircrafts": 10.852777777777778,
    "makespan": 32370,
    "n_uncertainty_delay": 1,
    "n_delay": 377,
    "avg_queue_size": 0.004629629629629629
}