{
    "avg_queue_size": 0.0,
    "makespan": 76320,
    "conflicts": 0,
    "avg_n_delay": 0.007997218358831711,
    "avg_reschedule_exec_time": 0.10380107546251133,
    "avg_n_uncertainty_delay": 0.0,
    "avg_n_scheduler_delay": 0.007997218358831711
}