{
    "avg_n_uncertainty_delay": 0.0,
    "avg_reschedule_exec_time": 0.3621516881878994,
    "conflicts": 0,
    "avg_n_delay": 0.0076495132127955496,
    "avg_queue_size": 0.0,
    "avg_n_scheduler_delay": 0.0076495132127955496,
    "makespan": 76530
}