{
    "makespan": 32370,
    "avg_queue_size": 0.006481481481481481,
    "avg_reschedule_exec_time": 0.498399965153184,
    "n_uncertainty_delay": 4,
    "conflicts": 0,
    "n_scheduler_delay": 341,
    "n_delay": 345,
    "avg_active_aircrafts": 10.851851851851851
}