{
    "avg_n_delay": 0.015384615384615385,
    "avg_n_scheduler_delay": 0.013286713286713287,
    "avg_queue_size": 0.07027972027972028,
    "avg_n_uncertainty_delay": 0.002097902097902098,
    "conflicts": 0,
    "avg_reschedule_exec_time": 0.26123137806737146,
    "makespan": 76650
}