{
    "makespan": 32370,
    "avg_queue_size": 0.007407407407407408,
    "avg_reschedule_exec_time": 0.5714445014332616,
    "n_uncertainty_delay": 5,
    "conflicts": 0,
    "n_scheduler_delay": 386,
    "n_delay": 391,
    "avg_active_aircrafts": 11.246296296296297
}