{
    "n_scheduler_delay": 319,
    "makespan": 32370,
    "avg_reschedule_exec_time": 0.45637784004211424,
    "n_delay": 327,
    "n_uncertainty_delay": 8,
    "avg_queue_size": 0.004629629629629629,
    "conflicts": 0,
    "avg_active_aircrafts": 10.723148148148148
}