{
    "makespan": 32370,
    "n_delay": 345,
    "conflicts": 0,
    "avg_reschedule_exec_time": 0.39623150506427296,
    "n_scheduler_delay": 335,
    "avg_active_aircrafts": 10.684259259259258,
    "avg_queue_size": 0.000925925925925926,
    "n_uncertainty_delay": 10
}