{
    "makespan": 32370,
    "n_delay": 370,
    "conflicts": 0,
    "avg_reschedule_exec_time": 0.43635182309771114,
    "n_scheduler_delay": 368,
    "avg_active_aircrafts": 11.151851851851852,
    "avg_queue_size": 0.004629629629629629,
    "n_uncertainty_delay": 2
}