{
    "avg_reschedule_exec_time": 0.09977725123296541,
    "avg_n_delay": 0.007649513212795549,
    "avg_queue_size": 0.0,
    "conflicts": 0,
    "makespan": 76710,
    "avg_n_scheduler_delay": 0.006258692628650904,
    "avg_n_uncertainty_delay": 0.0013908205841446453
}