{
    "avg_n_scheduler_delay": 0.006606397774687065,
    "avg_queue_size": 0.0,
    "avg_n_delay": 0.01564673157162726,
    "avg_reschedule_exec_time": 0.5843356040858957,
    "conflicts": 0,
    "avg_n_uncertainty_delay": 0.009040333796940195,
    "makespan": 76650
}