{
    "avg_n_delay": 0.01321279554937413,
    "makespan": 76470,
    "avg_reschedule_exec_time": 0.38011207321560153,
    "avg_n_scheduler_delay": 0.010778859527121001,
    "avg_queue_size": 0.0,
    "conflicts": 0,
    "avg_n_uncertainty_delay": 0.0024339360222531293
}