{
    "avg_reschedule_exec_time": 0.26723027340201444,
    "avg_active_aircrafts": 10.88888888888889,
    "avg_queue_size": 0.004629629629629629,
    "n_uncertainty_delay": 4,
    "n_delay": 317,
    "conflicts": 0,
    "makespan": 32370,
    "n_scheduler_delay": 313
}