{
    "n_uncertainty_delay": 14,
    "avg_queue_size": 0.005555555555555556,
    "conflicts": 0,
    "avg_reschedule_exec_time": 0.5295169763786848,
    "n_delay": 358,
    "makespan": 32370,
    "n_scheduler_delay": 344,
    "avg_active_aircrafts": 10.738888888888889
}