{
    "conflicts": 0,
    "n_scheduler_delay": 297,
    "avg_reschedule_exec_time": 0.5186242857458871,
    "avg_active_aircrafts": 10.801851851851852,
    "makespan": 32370,
    "n_uncertainty_delay": 4,
    "n_delay": 301,
    "avg_queue_size": 0.001851851851851852
}