{
    "n_delay": 333,
    "avg_queue_size": 0.06481481481481481,
    "n_scheduler_delay": 333,
    "n_uncertainty_delay": 0,
    "makespan": 32370,
    "conflicts": 0,
    "avg_reschedule_exec_time": 0.5156025886535645,
    "avg_active_aircrafts": 12.049074074074074
}