{
    "avg_reschedule_exec_time": 0.5412410636280858,
    "avg_active_aircrafts": 10.760185185185184,
    "avg_queue_size": 0.002777777777777778,
    "n_uncertainty_delay": 0,
    "n_delay": 414,
    "conflicts": 0,
    "makespan": 32370,
    "n_scheduler_delay": 414
}