{
    "avg_n_scheduler_delay": 0.008692628650904033,
    "avg_queue_size": 0.0,
    "avg_n_delay": 0.02121001390820584,
    "avg_reschedule_exec_time": 0.5892473001001937,
    "conflicts": 0,
    "avg_n_uncertainty_delay": 0.012517385257301807,
    "makespan": 76350
}