{
    "makespan": 32370,
    "avg_queue_size": 0.013888888888888888,
    "avg_reschedule_exec_time": 0.5152541637420655,
    "n_uncertainty_delay": 8,
    "conflicts": 0,
    "n_scheduler_delay": 334,
    "n_delay": 342,
    "avg_active_aircrafts": 11.143518518518519
}