{
    "avg_n_delay": 0.022105263157894735,
    "avg_n_scheduler_delay": 0.017894736842105262,
    "avg_queue_size": 0.06982456140350878,
    "avg_n_uncertainty_delay": 0.004210526315789474,
    "conflicts": 0,
    "avg_reschedule_exec_time": 0.3576298647738518,
    "makespan": 76770
}