{
    "conflicts": 0,
    "avg_n_delay": 0.02132867132867133,
    "avg_n_scheduler_delay": 0.01888111888111888,
    "avg_reschedule_exec_time": 0.25321443651763487,
    "makespan": 76770,
    "avg_queue_size": 0.03741258741258741,
    "avg_n_uncertainty_delay": 0.0024475524475524478
}