{
    "n_scheduler_delay": 362,
    "n_uncertainty_delay": 1,
    "avg_active_aircrafts": 12.186111111111112,
    "n_delay": 363,
    "avg_reschedule_exec_time": 0.5363901726035185,
    "conflicts": 0,
    "makespan": 32370,
    "avg_queue_size": 0.07314814814814814
}