{
    "makespan": 32370,
    "avg_queue_size": 0.003703703703703704,
    "avg_reschedule_exec_time": 0.5003578418909117,
    "n_uncertainty_delay": 10,
    "conflicts": 0,
    "n_scheduler_delay": 336,
    "n_delay": 346,
    "avg_active_aircrafts": 11.062962962962963
}