{
    "makespan": 32370,
    "avg_queue_size": 0.000925925925925926,
    "avg_reschedule_exec_time": 0.41209504548893416,
    "n_uncertainty_delay": 32,
    "conflicts": 0,
    "n_scheduler_delay": 263,
    "n_delay": 295,
    "avg_active_aircrafts": 10.476851851851851
}