{
    "avg_active_aircrafts": 11.021296296296295,
    "avg_queue_size": 0.005555555555555556,
    "n_scheduler_delay": 330,
    "n_delay": 332,
    "conflicts": 0,
    "makespan": 32370,
    "n_uncertainty_delay": 2,
    "avg_reschedule_exec_time": 0.25635965923930326
}