{
    "makespan": 32370,
    "avg_queue_size": 0.002777777777777778,
    "avg_reschedule_exec_time": 0.55655517578125,
    "n_uncertainty_delay": 2,
    "conflicts": 0,
    "n_scheduler_delay": 398,
    "n_delay": 400,
    "avg_active_aircrafts": 11.000925925925927
}