{
    "avg_reschedule_exec_time": 0.451724798734798,
    "avg_queue_size": 0.002777777777777778,
    "conflicts": 0,
    "n_scheduler_delay": 270,
    "avg_active_aircrafts": 10.824074074074074,
    "n_delay": 274,
    "makespan": 32370,
    "n_uncertainty_delay": 4
}