{
    "makespan": 32370,
    "avg_queue_size": 0.004629629629629629,
    "avg_reschedule_exec_time": 0.45866792701011483,
    "n_uncertainty_delay": 8,
    "conflicts": 0,
    "n_scheduler_delay": 302,
    "n_delay": 310,
    "avg_active_aircrafts": 10.80462962962963
}