{
    "conflicts": 0,
    "avg_n_delay": 0.016783216783216783,
    "avg_n_scheduler_delay": 0.008391608391608392,
    "avg_reschedule_exec_time": 0.11572029557026609,
    "makespan": 76440,
    "avg_queue_size": 0.02097902097902098,
    "avg_n_uncertainty_delay": 0.008391608391608392
}