{
    "conflicts": 0,
    "avg_n_delay": 0.012587412587412588,
    "avg_n_scheduler_delay": 0.007692307692307693,
    "avg_reschedule_exec_time": 0.22177776988123504,
    "makespan": 76710,
    "avg_queue_size": 0.0479020979020979,
    "avg_n_uncertainty_delay": 0.0048951048951048955
}