{
    "n_scheduler_delay": 396,
    "makespan": 32370,
    "avg_reschedule_exec_time": 0.5276405733685161,
    "n_delay": 429,
    "n_uncertainty_delay": 33,
    "avg_queue_size": 0.005555555555555556,
    "conflicts": 0,
    "avg_active_aircrafts": 10.935185185185185
}