{
    "avg_n_delay": 0.029061624649859945,
    "avg_n_scheduler_delay": 0.02415966386554622,
    "avg_queue_size": 0.18242296918767506,
    "avg_n_uncertainty_delay": 0.004901960784313725,
    "conflicts": 0,
    "avg_reschedule_exec_time": 0.18574357740949876,
    "makespan": 76710
}