{
    "avg_n_delay": 0.01222921034241789,
    "avg_n_scheduler_delay": 0.008735150244584208,
    "avg_queue_size": 0.038085255066387144,
    "avg_n_uncertainty_delay": 0.0034940600978336828,
    "conflicts": 0,
    "avg_reschedule_exec_time": 0.19728214227700536,
    "makespan": 76440
}