{
    "conflicts": 0,
    "avg_n_delay": 0.02692307692307692,
    "avg_n_scheduler_delay": 0.016083916083916083,
    "avg_reschedule_exec_time": 0.23664045837563527,
    "makespan": 76770,
    "avg_queue_size": 0.024825174825174826,
    "avg_n_uncertainty_delay": 0.010839160839160839
}