{
    "avg_n_delay": 0.012937062937062937,
    "avg_n_scheduler_delay": 0.008741258741258742,
    "avg_queue_size": 0.038461538461538464,
    "avg_n_uncertainty_delay": 0.004195804195804196,
    "conflicts": 0,
    "avg_reschedule_exec_time": 0.22738549574999742,
    "makespan": 77250
}