{
    "makespan": 32370,
    "avg_queue_size": 0.004629629629629629,
    "avg_reschedule_exec_time": 0.5361345978670342,
    "n_uncertainty_delay": 0,
    "conflicts": 0,
    "n_scheduler_delay": 338,
    "n_delay": 338,
    "avg_active_aircrafts": 11.04351851851852
}