{
    "n_scheduler_delay": 325,
    "n_uncertainty_delay": 0,
    "makespan": 32370,
    "conflicts": 0,
    "avg_queue_size": 0.001851851851851852,
    "avg_reschedule_exec_time": 0.498727309426596,
    "n_delay": 325,
    "avg_active_aircrafts": 10.85462962962963
}