{
    "n_scheduler_delay": 342,
    "n_uncertainty_delay": 0,
    "avg_active_aircrafts": 12.230555555555556,
    "n_delay": 342,
    "avg_reschedule_exec_time": 0.5093841985214588,
    "conflicts": 0,
    "makespan": 32370,
    "avg_queue_size": 0.0712962962962963
}