{
    "avg_reschedule_exec_time": 0.4479348814764688,
    "avg_queue_size": 0.002777777777777778,
    "conflicts": 0,
    "n_scheduler_delay": 303,
    "avg_active_aircrafts": 10.689814814814815,
    "n_delay": 303,
    "makespan": 32370,
    "n_uncertainty_delay": 0
}