{
    "avg_active_aircrafts": 11.27037037037037,
    "avg_queue_size": 0.003703703703703704,
    "n_scheduler_delay": 429,
    "n_delay": 429,
    "conflicts": 0,
    "makespan": 32370,
    "n_uncertainty_delay": 0,
    "avg_reschedule_exec_time": 0.3082075540409532
}