{
    "n_delay": 350,
    "conflicts": 0,
    "n_scheduler_delay": 350,
    "avg_reschedule_exec_time": 0.2811307807301366,
    "avg_active_aircrafts": 11.960185185185185,
    "avg_queue_size": 0.04722222222222222,
    "n_uncertainty_delay": 0,
    "makespan": 32370
}