{
    "n_scheduler_delay": 361,
    "n_uncertainty_delay": 1,
    "avg_active_aircrafts": 11.858333333333333,
    "n_delay": 362,
    "avg_reschedule_exec_time": 0.5376017858815748,
    "conflicts": 0,
    "makespan": 32370,
    "avg_queue_size": 0.08055555555555556
}