{
    "avg_n_delay": 0.043055555555555555,
    "avg_queue_size": 0.005555555555555556,
    "makespan": 33570,
    "avg_n_scheduler_delay": 0.03125,
    "avg_n_uncertainty_delay": 0.011805555555555555,
    "conflicts": 0,
    "avg_reschedule_exec_time": 0.07097273165953226
}