{
    "avg_n_delay": 0.027083333333333334,
    "avg_queue_size": 0.0,
    "makespan": 33270,
    "avg_n_scheduler_delay": 0.017361111111111112,
    "avg_n_uncertainty_delay": 0.009722222222222222,
    "conflicts": 0,
    "avg_reschedule_exec_time": 0.08138115415984301
}