{
    "avg_n_scheduler_delay": 0.006954102920723227,
    "avg_queue_size": 0.0,
    "avg_n_delay": 0.013560500695410291,
    "avg_reschedule_exec_time": 0.5930103618122409,
    "conflicts": 0,
    "avg_n_uncertainty_delay": 0.006606397774687065,
    "makespan": 76740
}