{
    "makespan": 32370,
    "avg_queue_size": 0.002777777777777778,
    "avg_reschedule_exec_time": 0.47662103342455486,
    "n_uncertainty_delay": 0,
    "conflicts": 0,
    "n_scheduler_delay": 313,
    "n_delay": 313,
    "avg_active_aircrafts": 11.080555555555556
}