{
    "avg_n_scheduler_delay": 0.010083449235048678,
    "avg_queue_size": 0.0,
    "avg_n_delay": 0.011821974965229486,
    "avg_reschedule_exec_time": 0.6133019973972714,
    "conflicts": 0,
    "avg_n_uncertainty_delay": 0.0017385257301808068,
    "makespan": 76500
}