{
    "conflicts": 0,
    "n_scheduler_delay": 286,
    "avg_reschedule_exec_time": 0.370129243148747,
    "avg_active_aircrafts": 10.764814814814814,
    "makespan": 32370,
    "n_uncertainty_delay": 5,
    "n_delay": 291,
    "avg_queue_size": 0.001851851851851852
}