{
    "n_delay": 325,
    "n_scheduler_delay": 319,
    "avg_active_aircrafts": 10.800925925925926,
    "n_uncertainty_delay": 6,
    "makespan": 32370,
    "avg_reschedule_exec_time": 0.4623558565627697,
    "avg_queue_size": 0.000925925925925926,
    "conflicts": 0
}