{
    "conflicts": 0,
    "n_scheduler_delay": 267,
    "avg_reschedule_exec_time": 0.4818352174492522,
    "avg_active_aircrafts": 10.614814814814816,
    "makespan": 32370,
    "n_uncertainty_delay": 5,
    "n_delay": 272,
    "avg_queue_size": 0.003703703703703704
}