{
    "conflicts": 332,
    "makespan": 76770,
    "delay_added": 2970,
    "avg_queue_size": 0.14982456140350878,
    "avg_reschedule_exec_time": 1.0278467421836042,
    "avg_n_delay": 0.5173745173745173,
    "avg_n_scheduler_delay": 0.12355212355212356,
    "avg_n_uncertainty_delay": 0.3938223938223938
}