{
    "conflicts": 429,
    "makespan": 76740,
    "delay_added": 3270,
    "avg_queue_size": 0.15052631578947367,
    "avg_reschedule_exec_time": 1.071382334891786
}