{
    "conflicts": 416,
    "makespan": 76890,
    "delay_added": 3000,
    "avg_queue_size": 0.010751879699248193,
    "avg_reschedule_exec_time": 0.9256279214899591
}