{
    "conflicts": 0,
    "n_scheduler_delay": 357,
    "avg_reschedule_exec_time": 1.8801594936486445,
    "avg_active_aircrafts": 10.975746268656716,
    "makespan": 32130,
    "n_uncertainty_delay": 7,
    "n_delay": 364,
    "avg_queue_size": 0.0009328358208955224
}