{
    "n_delay": 402,
    "n_scheduler_delay": 400,
    "avg_active_aircrafts": 11.074074074074074,
    "n_uncertainty_delay": 2,
    "makespan": 32370,
    "avg_reschedule_exec_time": 0.5676142016122507,
    "avg_queue_size": 0.01574074074074074,
    "conflicts": 0
}