{
    "makespan": 76470,
    "avg_queue_size": 0.0,
    "conflicts": 0,
    "avg_reschedule_exec_time": 0.599564151763916,
    "avg_n_delay": 0.01076762764848906,
    "avg_n_uncertainty_delay": 0.0003473428273706148,
    "avg_n_scheduler_delay": 0.010420284821118444
}