{
    "conflicts": 0,
    "avg_n_delay": 0.013286713286713287,
    "avg_n_scheduler_delay": 0.01013986013986014,
    "avg_reschedule_exec_time": 0.2322023435377739,
    "makespan": 76770,
    "avg_queue_size": 0.033566433566433566,
    "avg_n_uncertainty_delay": 0.003146853146853147
}