{
    "n_uncertainty_delay": 12,
    "avg_queue_size": 0.006481481481481481,
    "conflicts": 0,
    "avg_reschedule_exec_time": 0.5420437901519065,
    "n_delay": 355,
    "makespan": 32370,
    "n_scheduler_delay": 343,
    "avg_active_aircrafts": 10.825925925925926
}