{
    "conflicts": 0,
    "n_scheduler_delay": 310,
    "avg_reschedule_exec_time": 1.0756692511312078,
    "avg_active_aircrafts": 10.949074074074074,
    "makespan": 32370,
    "n_uncertainty_delay": 3,
    "n_delay": 313,
    "avg_queue_size": 0.000925925925925926
}