{
    "n_scheduler_delay": 318,
    "makespan": 32370,
    "avg_reschedule_exec_time": 0.46386055280995925,
    "n_delay": 335,
    "n_uncertainty_delay": 17,
    "avg_queue_size": 0.005555555555555556,
    "conflicts": 0,
    "avg_active_aircrafts": 10.697222222222223
}