{
    "n_uncertainty_delay": 0,
    "makespan": 32370,
    "n_delay": 308,
    "avg_queue_size": 0.002777777777777778,
    "avg_active_aircrafts": 10.926851851851852,
    "n_scheduler_delay": 308,
    "conflicts": 0,
    "avg_reschedule_exec_time": 0.4735350764074991
}