{
    "avg_queue_size": 0.002777777777777778,
    "n_uncertainty_delay": 7,
    "makespan": 32370,
    "n_scheduler_delay": 323,
    "avg_reschedule_exec_time": 0.2634213225786076,
    "conflicts": 0,
    "n_delay": 330,
    "avg_active_aircrafts": 10.816666666666666
}