{
    "conflicts": 0,
    "makespan": 33300,
    "avg_n_delay": 0.05416666666666667,
    "avg_n_scheduler_delay": 0.03125,
    "avg_n_uncertainty_delay": 0.022916666666666665,
    "avg_queue_size": 0.0020833333333333333,
    "avg_reschedule_exec_time": 0.09592384880299688
}