{
    "conflicts": 0,
    "n_scheduler_delay": 371,
    "avg_reschedule_exec_time": 0.28034017612407736,
    "avg_active_aircrafts": 10.852777777777778,
    "makespan": 32370,
    "n_uncertainty_delay": 9,
    "n_delay": 380,
    "avg_queue_size": 0.003703703703703704
}