{
    "n_scheduler_delay": 435,
    "n_uncertainty_delay": 27,
    "makespan": 32370,
    "conflicts": 0,
    "avg_queue_size": 0.001851851851851852,
    "avg_reschedule_exec_time": 0.5949672543725302,
    "n_delay": 462,
    "avg_active_aircrafts": 11.189814814814815
}