{
    "avg_active_aircrafts": 10.976851851851851,
    "avg_queue_size": 0.001851851851851852,
    "n_scheduler_delay": 324,
    "n_delay": 359,
    "conflicts": 0,
    "makespan": 32370,
    "n_uncertainty_delay": 35,
    "avg_reschedule_exec_time": 0.24720460758652799
}