{
    "conflicts": 0,
    "avg_n_delay": 0.016783216783216783,
    "avg_n_scheduler_delay": 0.014685314685314685,
    "avg_reschedule_exec_time": 0.23427572384686537,
    "makespan": 77310,
    "avg_queue_size": 0.023776223776223775,
    "avg_n_uncertainty_delay": 0.002097902097902098
}