{
    "conflicts": 0,
    "n_scheduler_delay": 311,
    "avg_reschedule_exec_time": 0.238674799896127,
    "avg_active_aircrafts": 10.683333333333334,
    "makespan": 32370,
    "n_uncertainty_delay": 7,
    "n_delay": 318,
    "avg_queue_size": 0.006481481481481481
}