{
    "makespan": 32310,
    "n_delay": 341,
    "conflicts": 0,
    "avg_reschedule_exec_time": 0.7891494600396407,
    "n_scheduler_delay": 338,
    "avg_active_aircrafts": 10.782931354359926,
    "avg_queue_size": 0.0037105751391465678,
    "n_uncertainty_delay": 3
}