{
    "makespan": 32370,
    "avg_queue_size": 0.004629629629629629,
    "avg_reschedule_exec_time": 0.43212721292362655,
    "n_uncertainty_delay": 10,
    "conflicts": 0,
    "n_scheduler_delay": 300,
    "n_delay": 310,
    "avg_active_aircrafts": 10.677777777777777
}