{
    "avg_reschedule_exec_time": 0.05481912863951872,
    "avg_n_delay": 0.016689847009735744,
    "avg_queue_size": 0.0,
    "conflicts": 0,
    "makespan": 76470,
    "avg_n_scheduler_delay": 0.009040333796940195,
    "avg_n_uncertainty_delay": 0.0076495132127955496
}