time,rs_exec_time
00:00:00,
00:22:00,0.41788792610168457
00:44:00,7.705274820327759
01:06:00,1.8739299774169922
01:28:00,0.41365981101989746
01:50:00,1.018758773803711
02:12:00,1.772143840789795
02:34:00,1.5021450519561768
02:56:00,2.8981361389160156
03:18:00,0.8075070381164551
03:40:00,1.1566121578216553
04:02:00,0.5483660697937012
04:24:00,1.002469778060913
04:46:00,1.2442786693572998
05:08:00,2.813220739364624
05:30:00,0.509284257888794
05:52:00,0.8280880451202393
06:14:00,0.5142390727996826
06:36:00,0.9510393142700195
06:58:00,2.9312610626220703
07:20:00,0.5382781028747559
07:42:00,3414.0475568771362
08:04:00,0.46759700775146484
08:26:00,1.7133970260620117
08:48:00,4.323271989822388
09:10:00,8.696172952651978
09:32:00,1.4648640155792236
09:54:00,1.9336669445037842
10:16:00,1.432616949081421
10:38:00,3.5170438289642334
11:00:00,2.279680013656616
11:22:00,1.0137970447540283
11:44:00,1.510725975036621
12:06:00,1.214749813079834
12:28:00,7.3536388874053955
12:50:00,1.4159901142120361
13:12:00,0.5777692794799805
13:34:00,2.0331008434295654
13:56:00,2.0990283489227295
14:18:00,2.504101037979126
14:40:00,2.958638906478882
15:02:00,7.034915924072266
15:24:00,1.691971778869629
15:46:00,3.860764980316162
16:08:00,0.6874258518218994
16:30:00,1.732839822769165
16:52:00,2.788074254989624
17:14:00,1.1561949253082275
17:36:00,0.6431961059570312
17:58:00,1.656221866607666
18:20:00,3.9779860973358154
18:42:00,2.3741490840911865
19:04:00,1.2940139770507812
19:26:00,1487.2380039691925
19:48:00,3.5722250938415527
20:10:00,12.79046893119812
20:32:00,3.4812300205230713
20:54:00,1.9097962379455566
21:16:00,0.6763949394226074
21:38:00,0.5598928928375244
22:00:00,0.5310947895050049
22:22:00,0.5062601566314697
22:44:00,0.530858039855957
23:06:00,0.5168261528015137
23:28:00,0.5288991928100586
