{
    "n_delay": 307,
    "conflicts": 0,
    "n_scheduler_delay": 307,
    "avg_reschedule_exec_time": 0.25233157401861145,
    "avg_active_aircrafts": 11.53425925925926,
    "avg_queue_size": 0.05277777777777778,
    "n_uncertainty_delay": 0,
    "makespan": 32370
}