{
    "conflicts": 0,
    "n_scheduler_delay": 409,
    "avg_reschedule_exec_time": 1.7702566667606956,
    "avg_active_aircrafts": 11.064007421150277,
    "makespan": 32310,
    "n_uncertainty_delay": 0,
    "n_delay": 409,
    "avg_queue_size": 0.0037105751391465678
}