{
    "n_delay": 367,
    "n_scheduler_delay": 354,
    "avg_active_aircrafts": 11.028703703703703,
    "n_uncertainty_delay": 13,
    "makespan": 32370,
    "avg_reschedule_exec_time": 0.259870245290357,
    "avg_queue_size": 0.007407407407407408,
    "conflicts": 0
}