{
    "makespan": 76350,
    "avg_reschedule_exec_time": 0.09616691626149994,
    "avg_queue_size": 0.0,
    "avg_n_uncertainty_delay": 0.0006946856547412296,
    "avg_n_scheduler_delay": 0.012504341785342132,
    "avg_n_delay": 0.01319902744008336,
    "conflicts": 0
}