{
    "avg_n_delay": 0.0392156862745098,
    "avg_queue_size": 0.049019607843137254,
    "makespan": 33420,
    "avg_n_scheduler_delay": 0.036414565826330535,
    "avg_n_uncertainty_delay": 0.0028011204481792717,
    "conflicts": 0,
    "avg_reschedule_exec_time": 0.11392532480825292
}