{
    "makespan": 76500,
    "avg_queue_size": 0.0,
    "conflicts": 0,
    "avg_reschedule_exec_time": 0.569630053740893,
    "avg_n_delay": 0.011114970475859675,
    "avg_n_uncertainty_delay": 0.0003473428273706148,
    "avg_n_scheduler_delay": 0.01076762764848906
}