{
    "conflicts": 0,
    "makespan": 33300,
    "avg_n_delay": 0.04097222222222222,
    "avg_n_scheduler_delay": 0.02638888888888889,
    "avg_n_uncertainty_delay": 0.014583333333333334,
    "avg_queue_size": 0.0,
    "avg_reschedule_exec_time": 0.09176611302622846
}