{
    "n_delay": 305,
    "conflicts": 0,
    "n_scheduler_delay": 302,
    "avg_reschedule_exec_time": 0.24300780850787496,
    "avg_active_aircrafts": 11.579629629629629,
    "avg_queue_size": 0.06759259259259259,
    "n_uncertainty_delay": 3,
    "makespan": 32370
}