{
    "n_scheduler_delay": 343,
    "makespan": 32370,
    "avg_reschedule_exec_time": 0.4681826624759408,
    "n_delay": 357,
    "n_uncertainty_delay": 14,
    "avg_queue_size": 0.002777777777777778,
    "conflicts": 0,
    "avg_active_aircrafts": 10.75925925925926
}