{
    "conflicts": 0,
    "n_scheduler_delay": 358,
    "avg_reschedule_exec_time": 0.27077565564737693,
    "avg_active_aircrafts": 10.991666666666667,
    "makespan": 32370,
    "n_uncertainty_delay": 7,
    "n_delay": 365,
    "avg_queue_size": 0.001851851851851852
}