{
    "conflicts": 0,
    "avg_n_delay": 0.012937062937062937,
    "avg_n_scheduler_delay": 0.012937062937062937,
    "avg_reschedule_exec_time": 0.23409318084448155,
    "makespan": 76530,
    "avg_queue_size": 0.04125874125874126,
    "avg_n_uncertainty_delay": 0.0
}