{
    "conflicts": 0,
    "n_scheduler_delay": 389,
    "avg_reschedule_exec_time": 1.9760794386719212,
    "avg_active_aircrafts": 10.987873134328359,
    "makespan": 32130,
    "n_uncertainty_delay": 10,
    "n_delay": 399,
    "avg_queue_size": 0.0018656716417910447
}