{
    "avg_reschedule_exec_time": 0.28937374381131903,
    "avg_active_aircrafts": 10.91388888888889,
    "avg_queue_size": 0.003703703703703704,
    "n_uncertainty_delay": 3,
    "n_delay": 354,
    "conflicts": 0,
    "makespan": 32370,
    "n_scheduler_delay": 351
}