{
    "conflicts": 0,
    "avg_n_delay": 0.016783216783216783,
    "avg_n_scheduler_delay": 0.013286713286713287,
    "avg_reschedule_exec_time": 0.25339306744051654,
    "makespan": 77370,
    "avg_queue_size": 0.023776223776223775,
    "avg_n_uncertainty_delay": 0.0034965034965034965
}