{
    "makespan": 32370,
    "avg_queue_size": 0.002777777777777778,
    "avg_reschedule_exec_time": 0.5589391131733739,
    "n_uncertainty_delay": 2,
    "conflicts": 0,
    "n_scheduler_delay": 391,
    "n_delay": 393,
    "avg_active_aircrafts": 11.349074074074075
}