{
    "avg_reschedule_exec_time": 0.10150074759565689,
    "avg_n_delay": 0.011474269819193325,
    "avg_queue_size": 0.0006954102920723226,
    "conflicts": 0,
    "makespan": 76380,
    "avg_n_scheduler_delay": 0.009388038942976356,
    "avg_n_uncertainty_delay": 0.002086230876216968
}