{
    "avg_n_uncertainty_delay": 0.0003473428273706148,
    "makespan": 76500,
    "avg_n_delay": 0.012851684612712747,
    "avg_reschedule_exec_time": 0.3711881053961699,
    "conflicts": 0,
    "avg_queue_size": 0.0,
    "avg_n_scheduler_delay": 0.012504341785342132
}