{
    "avg_n_scheduler_delay": 0.009040333796940195,
    "avg_queue_size": 0.0,
    "avg_n_delay": 0.018776077885952713,
    "avg_reschedule_exec_time": 0.5954504836568594,
    "conflicts": 0,
    "avg_n_uncertainty_delay": 0.009735744089012517,
    "makespan": 76440
}