{
    "conflicts": 0,
    "makespan": 33240,
    "avg_n_delay": 0.0375,
    "avg_n_scheduler_delay": 0.029861111111111113,
    "avg_n_uncertainty_delay": 0.007638888888888889,
    "avg_queue_size": 0.001388888888888889,
    "avg_reschedule_exec_time": 0.05277490283785424
}