{
    "conflicts": 0,
    "n_scheduler_delay": 407,
    "avg_reschedule_exec_time": 0.6221442715415741,
    "avg_active_aircrafts": 10.937962962962963,
    "makespan": 32370,
    "n_uncertainty_delay": 9,
    "n_delay": 416,
    "avg_queue_size": 0.002777777777777778
}