{
    "makespan": 32370,
    "avg_queue_size": 0.004629629629629629,
    "avg_reschedule_exec_time": 0.44779515820880267,
    "n_uncertainty_delay": 24,
    "conflicts": 0,
    "n_scheduler_delay": 278,
    "n_delay": 302,
    "avg_active_aircrafts": 10.540740740740741
}