{
    "avg_n_delay": 0.025210084033613446,
    "avg_n_scheduler_delay": 0.02065826330532213,
    "avg_queue_size": 0.0392156862745098,
    "avg_n_uncertainty_delay": 0.004551820728291317,
    "conflicts": 0,
    "avg_reschedule_exec_time": 0.2754567881761971,
    "makespan": 76560
}