{
    "n_delay": 338,
    "avg_queue_size": 0.07685185185185185,
    "n_scheduler_delay": 334,
    "n_uncertainty_delay": 4,
    "makespan": 32370,
    "conflicts": 0,
    "avg_reschedule_exec_time": 0.4972841673119124,
    "avg_active_aircrafts": 11.974074074074075
}