{
    "n_delay": 297,
    "n_scheduler_delay": 287,
    "avg_active_aircrafts": 10.551851851851852,
    "n_uncertainty_delay": 10,
    "makespan": 32370,
    "avg_reschedule_exec_time": 0.4435490386430607,
    "avg_queue_size": 0.001851851851851852,
    "conflicts": 0
}