{
    "conflicts": 0,
    "avg_n_delay": 0.01013986013986014,
    "avg_n_scheduler_delay": 0.0073426573426573424,
    "avg_reschedule_exec_time": 0.20525660313351055,
    "makespan": 76770,
    "avg_queue_size": 0.04230769230769231,
    "avg_n_uncertainty_delay": 0.002797202797202797
}