{
    "makespan": 32370,
    "avg_queue_size": 0.004629629629629629,
    "avg_reschedule_exec_time": 0.4785365104675293,
    "n_uncertainty_delay": 4,
    "conflicts": 0,
    "n_scheduler_delay": 327,
    "n_delay": 331,
    "avg_active_aircrafts": 10.73425925925926
}