{
    "conflicts": 0,
    "avg_n_delay": 0.01853146853146853,
    "avg_n_scheduler_delay": 0.014335664335664336,
    "avg_reschedule_exec_time": 0.24993421326220874,
    "makespan": 76680,
    "avg_queue_size": 0.025174825174825177,
    "avg_n_uncertainty_delay": 0.004195804195804196
}