{
    "avg_n_delay": 0.011522346368715084,
    "avg_n_scheduler_delay": 0.006983240223463687,
    "avg_queue_size": 0.02967877094972067,
    "avg_n_uncertainty_delay": 0.004539106145251397,
    "conflicts": 0,
    "avg_reschedule_exec_time": 0.19912333300944124,
    "makespan": 77010
}