{
    "n_scheduler_delay": 285,
    "n_uncertainty_delay": 22,
    "makespan": 32370,
    "conflicts": 0,
    "avg_queue_size": 0.002777777777777778,
    "avg_reschedule_exec_time": 0.23630987877069518,
    "n_delay": 307,
    "avg_active_aircrafts": 10.80462962962963
}