{
    "makespan": 32370,
    "avg_queue_size": 0.003703703703703704,
    "avg_reschedule_exec_time": 0.5823391736939896,
    "n_uncertainty_delay": 17,
    "conflicts": 0,
    "n_scheduler_delay": 397,
    "n_delay": 414,
    "avg_active_aircrafts": 11.480555555555556
}