{
    "n_delay": 332,
    "avg_queue_size": 0.10740740740740741,
    "n_scheduler_delay": 328,
    "n_uncertainty_delay": 4,
    "makespan": 32370,
    "conflicts": 0,
    "avg_reschedule_exec_time": 0.5208444883657056,
    "avg_active_aircrafts": 12.194444444444445
}