{
    "avg_n_delay": 0.015756302521008403,
    "avg_n_scheduler_delay": 0.012605042016806723,
    "avg_queue_size": 0.04586834733893557,
    "avg_n_uncertainty_delay": 0.0031512605042016808,
    "conflicts": 0,
    "avg_reschedule_exec_time": 0.1465468022782924,
    "makespan": 76650
}