{
    "makespan": 32370,
    "avg_queue_size": 0.003703703703703704,
    "avg_reschedule_exec_time": 0.5043182217797567,
    "n_uncertainty_delay": 15,
    "conflicts": 0,
    "n_scheduler_delay": 346,
    "n_delay": 361,
    "avg_active_aircrafts": 11.025
}