{
    "makespan": 32370,
    "avg_queue_size": 0.003703703703703704,
    "avg_reschedule_exec_time": 0.5666816755782726,
    "n_uncertainty_delay": 19,
    "conflicts": 0,
    "n_scheduler_delay": 397,
    "n_delay": 416,
    "avg_active_aircrafts": 11.094444444444445
}