{
    "makespan": 76350,
    "avg_reschedule_exec_time": 0.09923194868330666,
    "avg_queue_size": 0.0,
    "avg_n_uncertainty_delay": 0.0013903371567605145,
    "avg_n_scheduler_delay": 0.008689607229753215,
    "avg_n_delay": 0.01007994438651373,
    "conflicts": 0
}