{
    "avg_reschedule_exec_time": 0.10181759260491076,
    "avg_n_delay": 0.01043115438108484,
    "avg_queue_size": 0.0,
    "conflicts": 0,
    "makespan": 76650,
    "avg_n_scheduler_delay": 0.008344923504867872,
    "avg_n_uncertainty_delay": 0.002086230876216968
}