{
    "conflicts": 0,
    "n_scheduler_delay": 340,
    "avg_reschedule_exec_time": 0.5586848272291641,
    "avg_active_aircrafts": 10.944444444444445,
    "makespan": 32370,
    "n_uncertainty_delay": 4,
    "n_delay": 344,
    "avg_queue_size": 0.002777777777777778
}