{
    "avg_reschedule_exec_time": 0.25576495015343953,
    "avg_active_aircrafts": 10.834259259259259,
    "avg_queue_size": 0.000925925925925926,
    "n_uncertainty_delay": 7,
    "n_delay": 317,
    "conflicts": 0,
    "makespan": 32370,
    "n_scheduler_delay": 310
}