{
    "n_uncertainty_delay": 18,
    "avg_queue_size": 0.008333333333333333,
    "conflicts": 0,
    "avg_reschedule_exec_time": 0.5522025152694348,
    "n_delay": 362,
    "makespan": 32370,
    "n_scheduler_delay": 344,
    "avg_active_aircrafts": 11.274074074074074
}