{
    "conflicts": 329,
    "makespan": 76800,
    "avg_queue_size": 0.10877192982456141,
    "avg_reschedule_exec_time": 1.1188685259920486,
    "avg_n_delay": 0.4015748031496063,
    "avg_n_scheduler_delay": 0.15748031496062992,
    "avg_n_uncertainty_delay": 0.2440944881889764
}