{
    "conflicts": 28,
    "makespan": 77550,
    "avg_queue_size": 0.10456140350877192,
    "avg_reschedule_exec_time": 1.0140612023942015,
    "avg_n_delay": 0.058823529411764705,
    "avg_n_scheduler_delay": 0.050980392156862744,
    "avg_n_uncertainty_delay": 0.00784313725490196
}