{
    "n_scheduler_delay": 416,
    "makespan": 32370,
    "avg_reschedule_exec_time": 0.5635492857112441,
    "n_delay": 442,
    "n_uncertainty_delay": 26,
    "avg_queue_size": 0.009259259259259259,
    "conflicts": 0,
    "avg_active_aircrafts": 11.444444444444445
}