{
    "n_scheduler_delay": 388,
    "n_uncertainty_delay": 11,
    "makespan": 32370,
    "conflicts": 0,
    "avg_queue_size": 0.005555555555555556,
    "avg_reschedule_exec_time": 0.31222183427145317,
    "n_delay": 399,
    "avg_active_aircrafts": 11.0
}