{
    "conflicts": 0,
    "n_scheduler_delay": 245,
    "avg_reschedule_exec_time": 0.3086124858005339,
    "avg_active_aircrafts": 10.295370370370371,
    "makespan": 32370,
    "n_uncertainty_delay": 5,
    "n_delay": 250,
    "avg_queue_size": 0.001851851851851852
}