{
    "avg_n_delay": 0.03888888888888889,
    "avg_queue_size": 0.05486111111111111,
    "makespan": 33330,
    "avg_n_scheduler_delay": 0.03333333333333333,
    "avg_n_uncertainty_delay": 0.005555555555555556,
    "conflicts": 0,
    "avg_reschedule_exec_time": 0.10042236833011403
}