{
    "avg_n_uncertainty_delay": 0.0017385257301808068,
    "avg_n_delay": 0.011474269819193323,
    "avg_n_scheduler_delay": 0.009735744089012517,
    "conflicts": 0,
    "avg_queue_size": 0.0,
    "avg_reschedule_exec_time": 0.10472789680725353,
    "makespan": 76380
}