{
    "avg_n_uncertainty_delay": 0.0006954102920723226,
    "avg_reschedule_exec_time": 0.36243881521782834,
    "conflicts": 0,
    "avg_n_delay": 0.0076495132127955496,
    "avg_queue_size": 0.0,
    "avg_n_scheduler_delay": 0.006954102920723227,
    "makespan": 75990
}