{
    "avg_queue_size": 0.000925925925925926,
    "n_uncertainty_delay": 4,
    "makespan": 32370,
    "n_scheduler_delay": 327,
    "avg_reschedule_exec_time": 0.14434105655479076,
    "conflicts": 0,
    "n_delay": 331,
    "avg_active_aircrafts": 11.315740740740742
}