{
    "n_delay": 313,
    "n_scheduler_delay": 308,
    "avg_active_aircrafts": 10.766666666666667,
    "n_uncertainty_delay": 5,
    "makespan": 32370,
    "avg_reschedule_exec_time": 0.45247636063154356,
    "avg_queue_size": 0.004629629629629629,
    "conflicts": 0
}