{
    "conflicts": 0,
    "makespan": 33510,
    "avg_n_delay": 0.028472222222222225,
    "avg_n_scheduler_delay": 0.022222222222222223,
    "avg_n_uncertainty_delay": 0.00625,
    "avg_queue_size": 0.00625,
    "avg_reschedule_exec_time": 0.051155179323924285
}