{
    "avg_n_delay": 0.017757660167130918,
    "avg_n_scheduler_delay": 0.0100974930362117,
    "avg_queue_size": 0.0010445682451253482,
    "avg_n_uncertainty_delay": 0.00766016713091922,
    "conflicts": 0,
    "avg_reschedule_exec_time": 0.12358298448210987,
    "makespan": 76350
}