{
    "conflicts": 802,
    "makespan": 77010,
    "delay_added": 4950,
    "avg_queue_size": 0.12219101123595505,
    "avg_reschedule_exec_time": 1.2739522728053005,
    "avg_n_delay": 2.4826254826254823,
    "avg_n_scheduler_delay": 0.2277992277992278,
    "avg_n_uncertainty_delay": 2.2548262548262548
}