{
    "makespan": 76530,
    "avg_queue_size": 0.0006951685783802572,
    "conflicts": 0,
    "avg_reschedule_exec_time": 0.36088138905967154,
    "avg_n_delay": 0.007646854362182829,
    "avg_n_uncertainty_delay": 0.0010427528675703858,
    "avg_n_scheduler_delay": 0.006604101494612443
}