{
    "conflicts": 0,
    "avg_n_delay": 0.022727272727272728,
    "avg_n_scheduler_delay": 0.013286713286713287,
    "avg_reschedule_exec_time": 0.23847858167030442,
    "makespan": 76710,
    "avg_queue_size": 0.07202797202797202,
    "avg_n_uncertainty_delay": 0.00944055944055944
}