{
    "total_conflicts": 444,
    "makespan": 85740,
    "delay_added": 120,
    "avg_queue_size": 21.234580855776876,
    "avg_reschedule_exec_time": 0.2814954136902431
}