{
    "conflicts": 0,
    "makespan": 33120,
    "avg_n_delay": 0.036111111111111115,
    "avg_n_scheduler_delay": 0.03263888888888889,
    "avg_n_uncertainty_delay": 0.003472222222222222,
    "avg_queue_size": 0.0,
    "avg_reschedule_exec_time": 0.056052194000286645
}