{
    "avg_n_delay": 0.01564673157162726,
    "avg_n_scheduler_delay": 0.009735744089012517,
    "avg_queue_size": 0.0,
    "avg_n_uncertainty_delay": 0.005910987482614743,
    "conflicts": 0,
    "avg_reschedule_exec_time": 0.09977354478703236,
    "makespan": 76650
}