{
    "conflicts": 0,
    "n_scheduler_delay": 375,
    "avg_reschedule_exec_time": 0.7800350278171141,
    "avg_active_aircrafts": 10.777777777777779,
    "makespan": 32370,
    "n_uncertainty_delay": 2,
    "n_delay": 377,
    "avg_queue_size": 0.001851851851851852
}