{
    "makespan": 32370,
    "n_delay": 354,
    "conflicts": 0,
    "avg_reschedule_exec_time": 0.4522675738405825,
    "n_scheduler_delay": 342,
    "avg_active_aircrafts": 10.975,
    "avg_queue_size": 0.004629629629629629,
    "n_uncertainty_delay": 12
}