{
    "avg_n_delay": 0.016016713091922007,
    "avg_n_scheduler_delay": 0.010793871866295265,
    "avg_queue_size": 0.0010445682451253482,
    "avg_n_uncertainty_delay": 0.005222841225626741,
    "conflicts": 0,
    "avg_reschedule_exec_time": 0.12813949185376727,
    "makespan": 76440
}