{
    "conflicts": 0,
    "avg_n_delay": 0.016083916083916086,
    "avg_n_scheduler_delay": 0.008741258741258742,
    "avg_reschedule_exec_time": 0.12525297050744716,
    "makespan": 76680,
    "avg_queue_size": 0.01818181818181818,
    "avg_n_uncertainty_delay": 0.0073426573426573424
}