{
    "makespan": 32370,
    "avg_queue_size": 0.002777777777777778,
    "avg_reschedule_exec_time": 0.5352485135544178,
    "n_uncertainty_delay": 0,
    "conflicts": 0,
    "n_scheduler_delay": 374,
    "n_delay": 374,
    "avg_active_aircrafts": 10.981481481481481
}