{
    "avg_n_delay": 0.03958333333333333,
    "avg_queue_size": 0.01597222222222222,
    "makespan": 33450,
    "avg_n_scheduler_delay": 0.034027777777777775,
    "avg_n_uncertainty_delay": 0.005555555555555556,
    "conflicts": 0,
    "avg_reschedule_exec_time": 0.08696613445148602
}