{
    "conflicts": 0,
    "avg_n_delay": 0.014685314685314685,
    "avg_n_scheduler_delay": 0.00944055944055944,
    "avg_reschedule_exec_time": 0.23824518835040884,
    "makespan": 76770,
    "avg_queue_size": 0.056293706293706294,
    "avg_n_uncertainty_delay": 0.005244755244755245
}