{
    "avg_n_delay": 0.025694444444444443,
    "avg_queue_size": 0.004166666666666667,
    "makespan": 33480,
    "avg_n_scheduler_delay": 0.019444444444444445,
    "avg_n_uncertainty_delay": 0.00625,
    "conflicts": 0,
    "avg_reschedule_exec_time": 0.06198160219392018
}