{
    "conflicts": 0,
    "n_scheduler_delay": 316,
    "avg_reschedule_exec_time": 0.3924644401082319,
    "avg_active_aircrafts": 10.947222222222223,
    "makespan": 32370,
    "n_uncertainty_delay": 6,
    "n_delay": 322,
    "avg_queue_size": 0.004629629629629629
}