{
    "conflicts": 0,
    "makespan": 33570,
    "avg_n_delay": 0.049305555555555554,
    "avg_n_scheduler_delay": 0.022916666666666665,
    "avg_n_uncertainty_delay": 0.02638888888888889,
    "avg_queue_size": 0.006944444444444444,
    "avg_reschedule_exec_time": 0.0877337216666814
}