{
    "conflicts": 0,
    "n_scheduler_delay": 344,
    "avg_reschedule_exec_time": 2.5499469514163033,
    "avg_active_aircrafts": 10.80462962962963,
    "makespan": 32370,
    "n_uncertainty_delay": 7,
    "n_delay": 351,
    "avg_queue_size": 0.006481481481481481
}