{
    "conflicts": 0,
    "makespan": 33270,
    "avg_n_delay": 0.049305555555555554,
    "avg_n_scheduler_delay": 0.035416666666666666,
    "avg_n_uncertainty_delay": 0.013888888888888888,
    "avg_queue_size": 0.0020833333333333333,
    "avg_reschedule_exec_time": 0.0959453456581137
}