{
    "n_uncertainty_delay": 0,
    "makespan": 32370,
    "n_delay": 335,
    "avg_queue_size": 0.003703703703703704,
    "avg_active_aircrafts": 10.889814814814814,
    "n_scheduler_delay": 335,
    "conflicts": 0,
    "avg_reschedule_exec_time": 0.4169033743634986
}