{
    "n_uncertainty_delay": 0,
    "makespan": 32370,
    "n_delay": 435,
    "avg_queue_size": 0.004629629629629629,
    "avg_active_aircrafts": 11.333333333333334,
    "n_scheduler_delay": 435,
    "conflicts": 0,
    "avg_reschedule_exec_time": 0.3254032953329564
}