{
    "avg_queue_size": 0.002777777777777778,
    "n_uncertainty_delay": 8,
    "makespan": 32370,
    "n_scheduler_delay": 405,
    "avg_reschedule_exec_time": 0.1512585535562547,
    "conflicts": 0,
    "n_delay": 413,
    "avg_active_aircrafts": 11.071296296296296
}