{
    "conflicts": 10,
    "makespan": 76680,
    "avg_queue_size": 0.7543859649122807,
    "avg_reschedule_exec_time": 0.20124452925742942,
    "avg_n_delay": 0.7131474103585657,
    "avg_n_scheduler_delay": 0.6613545816733067,
    "avg_n_uncertainty_delay": 0.05179282868525897
}