{
    "makespan": 76500,
    "avg_queue_size": 0.0,
    "conflicts": 0,
    "avg_reschedule_exec_time": 0.5732119355125507,
    "avg_n_delay": 0.009378256339006599,
    "avg_n_uncertainty_delay": 0.0006946856547412296,
    "avg_n_scheduler_delay": 0.00868357068426537
}