{
    "conflicts": 0,
    "avg_n_delay": 0.008391608391608392,
    "avg_n_scheduler_delay": 0.006293706293706294,
    "avg_reschedule_exec_time": 0.22004552458373594,
    "makespan": 76530,
    "avg_queue_size": 0.039160839160839164,
    "avg_n_uncertainty_delay": 0.002097902097902098
}