{
    "n_scheduler_delay": 296,
    "n_uncertainty_delay": 8,
    "avg_active_aircrafts": 11.646296296296295,
    "n_delay": 304,
    "avg_reschedule_exec_time": 0.4464848274408385,
    "conflicts": 0,
    "makespan": 32370,
    "avg_queue_size": 0.05277777777777778
}