{
    "makespan": 32370,
    "n_delay": 273,
    "conflicts": 0,
    "avg_reschedule_exec_time": 0.23787822749928775,
    "n_scheduler_delay": 264,
    "avg_active_aircrafts": 10.725925925925926,
    "avg_queue_size": 0.006481481481481481,
    "n_uncertainty_delay": 9
}