{
    "conflicts": 0,
    "n_scheduler_delay": 428,
    "avg_reschedule_exec_time": 0.185094234452398,
    "avg_active_aircrafts": 11.619444444444444,
    "makespan": 32370,
    "n_uncertainty_delay": 8,
    "n_delay": 436,
    "avg_queue_size": 0.004629629629629629
}