{
    "avg_n_delay": 0.022727272727272728,
    "avg_n_scheduler_delay": 0.019580419580419582,
    "avg_queue_size": 0.08041958041958042,
    "avg_n_uncertainty_delay": 0.003146853146853147,
    "conflicts": 0,
    "avg_reschedule_exec_time": 0.2821385488597625,
    "makespan": 76500
}