{
    "avg_n_delay": 0.013986013986013986,
    "avg_n_scheduler_delay": 0.010839160839160839,
    "avg_queue_size": 0.03636363636363636,
    "avg_n_uncertainty_delay": 0.003146853146853147,
    "conflicts": 0,
    "avg_reschedule_exec_time": 0.2533609904060068,
    "makespan": 76740
}