{
    "avg_reschedule_exec_time": 0.1009358951308269,
    "avg_n_delay": 0.013560500695410291,
    "avg_queue_size": 0.0,
    "conflicts": 0,
    "makespan": 76350,
    "avg_n_scheduler_delay": 0.008344923504867872,
    "avg_n_uncertainty_delay": 0.00521557719054242
}