{
    "conflicts": 0,
    "n_scheduler_delay": 371,
    "avg_reschedule_exec_time": 0.2834274353034421,
    "avg_active_aircrafts": 11.012962962962963,
    "makespan": 32370,
    "n_uncertainty_delay": 5,
    "n_delay": 376,
    "avg_queue_size": 0.007407407407407408
}