{
    "n_delay": 344,
    "n_scheduler_delay": 343,
    "avg_active_aircrafts": 10.862037037037037,
    "n_uncertainty_delay": 1,
    "makespan": 32370,
    "avg_reschedule_exec_time": 0.4777408244997956,
    "avg_queue_size": 0.003703703703703704,
    "conflicts": 0
}