{
    "avg_n_delay": 0.03680555555555556,
    "avg_queue_size": 0.0006944444444444445,
    "makespan": 33240,
    "avg_n_scheduler_delay": 0.029861111111111113,
    "avg_n_uncertainty_delay": 0.006944444444444444,
    "conflicts": 0,
    "avg_reschedule_exec_time": 0.09789327393003161
}