{
    "makespan": 76260,
    "avg_queue_size": 0.0,
    "conflicts": 0,
    "avg_reschedule_exec_time": 0.588830355064854,
    "avg_n_delay": 0.010775112964893988,
    "avg_n_uncertainty_delay": 0.0010427528675703858,
    "avg_n_scheduler_delay": 0.009732360097323601
}