{
    "conflicts": 0,
    "n_scheduler_delay": 353,
    "avg_reschedule_exec_time": 0.2855261438189278,
    "avg_active_aircrafts": 10.838888888888889,
    "makespan": 32370,
    "n_uncertainty_delay": 7,
    "n_delay": 360,
    "avg_queue_size": 0.007407407407407408
}