{
    "makespan": 32370,
    "avg_queue_size": 0.002777777777777778,
    "avg_reschedule_exec_time": 0.4542767557986947,
    "n_uncertainty_delay": 5,
    "conflicts": 0,
    "n_scheduler_delay": 296,
    "n_delay": 301,
    "avg_active_aircrafts": 10.52962962962963
}