{
    "conflicts": 0,
    "n_scheduler_delay": 295,
    "avg_reschedule_exec_time": 1.0305289766761694,
    "avg_active_aircrafts": 10.899074074074074,
    "makespan": 32370,
    "n_uncertainty_delay": 4,
    "n_delay": 299,
    "avg_queue_size": 0.003703703703703704
}