{
    "avg_n_delay": 0.03263888888888889,
    "avg_queue_size": 0.03263888888888889,
    "makespan": 33300,
    "avg_n_scheduler_delay": 0.027083333333333334,
    "avg_n_uncertainty_delay": 0.005555555555555556,
    "conflicts": 0,
    "avg_reschedule_exec_time": 0.07752724999156078
}