{
    "makespan": 32370,
    "n_delay": 331,
    "conflicts": 0,
    "avg_reschedule_exec_time": 0.4044922656729319,
    "n_scheduler_delay": 325,
    "avg_active_aircrafts": 10.624074074074073,
    "avg_queue_size": 0.002777777777777778,
    "n_uncertainty_delay": 6
}