{
    "conflicts": 0,
    "n_scheduler_delay": 304,
    "avg_reschedule_exec_time": 0.6959799279027911,
    "avg_active_aircrafts": 10.87037037037037,
    "makespan": 32370,
    "n_uncertainty_delay": 6,
    "n_delay": 310,
    "avg_queue_size": 0.003703703703703704
}