{
    "makespan": 32370,
    "avg_queue_size": 0.002777777777777778,
    "avg_reschedule_exec_time": 0.4845319515050844,
    "n_uncertainty_delay": 18,
    "conflicts": 0,
    "n_scheduler_delay": 325,
    "n_delay": 343,
    "avg_active_aircrafts": 10.730555555555556
}