{
    "avg_reschedule_exec_time": 0.27269862751628077,
    "avg_active_aircrafts": 10.891666666666667,
    "avg_queue_size": 0.004629629629629629,
    "n_uncertainty_delay": 10,
    "n_delay": 342,
    "conflicts": 0,
    "makespan": 32370,
    "n_scheduler_delay": 332
}