{
    "avg_reschedule_exec_time": 0.10309577054632076,
    "avg_n_delay": 0.01286509040333797,
    "avg_queue_size": 0.0,
    "conflicts": 0,
    "makespan": 76650,
    "avg_n_scheduler_delay": 0.009388038942976356,
    "avg_n_uncertainty_delay": 0.0034770514603616135
}