uncertainty.prob_hold,conflicts,makespan,delay_added,avg_queue_size,avg_reschedule_exec_time,avg_n_delay,avg_n_scheduler_delay,avg_n_uncertainty_delay
0.0,0.0,76680.0,5100.0,1.128421052631579,0.2360437550443284,0.6692913385826772,0.6692913385826772,0.0
0.01,19.0,76680.0,5100.0,1.1322807017543859,0.22424088894052707,0.767716535433071,0.6692913385826772,0.0984251968503937
