uncertainty.prob_hold,conflicts,makespan,delay_added,avg_queue_size,avg_reschedule_exec_time
0.0,156.0,76680.0,5100.0,0.39017543859649073,0.23492469686142942
0.1,135.0,76740.0,5100.0,0.3908771929824556,0.29557571258950743
0.2,121.0,76740.0,5100.0,0.3883040935672511,0.2709011321372174
0.30000000000000004,135.0,76710.0,5100.0,0.39052631578947306,0.2814539696307892
0.4,141.0,76770.0,5100.0,0.3902923976608182,0.292199266717789
0.5,150.0,76770.0,5100.0,0.39005847953216355,0.25188203314517404
0.6000000000000001,123.0,76710.0,5100.0,0.38783625730994103,0.23311749164094317
0.7000000000000001,140.0,76770.0,5100.0,0.38959064327485343,0.22818526308587256
