uncertainty.prob_hold,avg_active_aircrafts,conflicts,makespan,avg_queue_size,avg_reschedule_exec_time,n_delay,n_scheduler_delay,n_uncertainty_delay
0.0,0.7546296296296297,0.0,-32370.0,0.0,0.0326526040924526,10.0,10.0,0.0
0.01,0.7060185185185186,0.0,-25230.0,0.0,0.040720228368908054,6.0,6.0,0.0
0.02,0.7282407407407407,0.0,-28815.0,0.0,0.0370947406194467,7.0,7.0,0.0
