uncertainty.prob_hold,conflicts,makespan,avg_queue_size,avg_reschedule_exec_time,n_delay,n_scheduler_delay,n_uncertainty_delay
0.0,0.0,32520.0,0.0,0.03135450935629417,4.0,4.0,0.0
0.01,0.0,32460.0,0.0006944444444444445,0.038671979333032805,16.5,13.0,3.5
0.02,0.0,32430.0,0.0,0.03442176371231717,13.0,9.0,4.0
