{
    "n_scheduler_delay": 333,
    "makespan": 32370,
    "avg_reschedule_exec_time": 0.48195263507754305,
    "n_delay": 349,
    "n_uncertainty_delay": 16,
    "avg_queue_size": 0.000925925925925926,
    "conflicts": 0,
    "avg_active_aircrafts": 10.987037037037037
}