{
    "conflicts": 0,
    "n_scheduler_delay": 418,
    "avg_reschedule_exec_time": 0.3024019075899708,
    "avg_active_aircrafts": 10.829629629629629,
    "makespan": 32370,
    "n_uncertainty_delay": 8,
    "n_delay": 426,
    "avg_queue_size": 0.007407407407407408
}