{
    "n_scheduler_delay": 362,
    "makespan": 32370,
    "avg_reschedule_exec_time": 0.49361785178960754,
    "n_delay": 370,
    "n_uncertainty_delay": 8,
    "avg_queue_size": 0.001851851851851852,
    "conflicts": 0,
    "avg_active_aircrafts": 10.756481481481481
}