{
    "avg_queue_size": 0.003703703703703704,
    "n_uncertainty_delay": 8,
    "makespan": 32370,
    "n_scheduler_delay": 356,
    "avg_reschedule_exec_time": 0.15508846183875938,
    "conflicts": 0,
    "n_delay": 364,
    "avg_active_aircrafts": 10.731481481481481
}