{
    "n_uncertainty_delay": 0,
    "makespan": 32370,
    "n_delay": 395,
    "avg_queue_size": 0.003703703703703704,
    "avg_active_aircrafts": 11.032407407407407,
    "n_scheduler_delay": 395,
    "conflicts": 0,
    "avg_reschedule_exec_time": 0.308608544337285
}