{
    "conflicts": 0,
    "avg_n_delay": 0.012237762237762238,
    "avg_n_scheduler_delay": 0.011188811188811189,
    "avg_reschedule_exec_time": 0.23783907755999498,
    "makespan": 76710,
    "avg_queue_size": 0.021678321678321677,
    "avg_n_uncertainty_delay": 0.001048951048951049
}