{
    "makespan": 32370,
    "avg_queue_size": 0.003703703703703704,
    "avg_reschedule_exec_time": 0.2981033580247746,
    "n_uncertainty_delay": 34,
    "conflicts": 0,
    "n_scheduler_delay": 337,
    "n_delay": 371,
    "avg_active_aircrafts": 10.744444444444444
}