{
    "avg_n_delay": 0.013286713286713287,
    "avg_n_scheduler_delay": 0.008741258741258742,
    "avg_queue_size": 0.011188811188811189,
    "avg_n_uncertainty_delay": 0.004545454545454545,
    "conflicts": 0,
    "avg_reschedule_exec_time": 0.21265414734961283,
    "makespan": 76770
}