{
    "n_uncertainty_delay": 0,
    "avg_queue_size": 0.000925925925925926,
    "conflicts": 0,
    "avg_reschedule_exec_time": 0.4901902542557827,
    "n_delay": 309,
    "makespan": 32370,
    "n_scheduler_delay": 309,
    "avg_active_aircrafts": 10.86111111111111
}