{
    "n_delay": 299,
    "avg_queue_size": 0.06574074074074074,
    "n_scheduler_delay": 299,
    "n_uncertainty_delay": 0,
    "makespan": 32370,
    "conflicts": 0,
    "avg_reschedule_exec_time": 0.4738495616025703,
    "avg_active_aircrafts": 11.83611111111111
}