{
    "avg_reschedule_exec_time": 0.5552895191103913,
    "avg_active_aircrafts": 11.276851851851852,
    "avg_queue_size": 0.009259259259259259,
    "n_uncertainty_delay": 0,
    "n_delay": 373,
    "conflicts": 0,
    "makespan": 32370,
    "n_scheduler_delay": 373
}