{
    "avg_n_delay": 0.0118137595552467,
    "makespan": 76110,
    "avg_reschedule_exec_time": 0.3677055272008182,
    "avg_n_scheduler_delay": 0.009381514940931202,
    "avg_queue_size": 0.0,
    "conflicts": 0,
    "avg_n_uncertainty_delay": 0.002432244614315497
}