{
    "n_uncertainty_delay": 0,
    "makespan": 32370,
    "n_delay": 354,
    "avg_queue_size": 0.002777777777777778,
    "avg_active_aircrafts": 10.87962962962963,
    "n_scheduler_delay": 354,
    "conflicts": 0,
    "avg_reschedule_exec_time": 0.2930580397483811
}