{
    "avg_queue_size": 0.003703703703703704,
    "n_uncertainty_delay": 5,
    "makespan": 32370,
    "n_scheduler_delay": 299,
    "avg_reschedule_exec_time": 0.13982248837076444,
    "conflicts": 0,
    "n_delay": 304,
    "avg_active_aircrafts": 10.82037037037037
}