{
    "n_delay": 336,
    "avg_queue_size": 0.08518518518518518,
    "n_scheduler_delay": 335,
    "n_uncertainty_delay": 1,
    "makespan": 32370,
    "conflicts": 0,
    "avg_reschedule_exec_time": 0.47843161294626635,
    "avg_active_aircrafts": 11.743518518518519
}