{
    "conflicts": 0,
    "avg_n_delay": 0.019930069930069932,
    "avg_n_scheduler_delay": 0.012237762237762238,
    "avg_reschedule_exec_time": 0.2499567404599257,
    "makespan": 76770,
    "avg_queue_size": 0.045104895104895106,
    "avg_n_uncertainty_delay": 0.007692307692307693
}