{
    "avg_n_delay": 0.011142061281337047,
    "avg_n_scheduler_delay": 0.004874651810584958,
    "avg_queue_size": 0.002785515320334262,
    "avg_n_uncertainty_delay": 0.006267409470752089,
    "conflicts": 0,
    "avg_reschedule_exec_time": 0.12262296410246268,
    "makespan": 76410
}