{
    "avg_n_delay": 0.05138888888888889,
    "avg_queue_size": 0.03333333333333333,
    "makespan": 33300,
    "avg_n_scheduler_delay": 0.04513888888888889,
    "avg_n_uncertainty_delay": 0.00625,
    "conflicts": 0,
    "avg_reschedule_exec_time": 0.11545104740046654
}