{
    "conflicts": 66,
    "makespan": 77340,
    "avg_queue_size": 0.1887719298245614,
    "avg_reschedule_exec_time": 0.8225354235222999,
    "avg_n_delay": 0.088,
    "avg_n_scheduler_delay": 0.072,
    "avg_n_uncertainty_delay": 0.016
}