{
    "makespan": 32370,
    "avg_queue_size": 0.000925925925925926,
    "avg_reschedule_exec_time": 0.5234564869902855,
    "n_uncertainty_delay": 0,
    "conflicts": 0,
    "n_scheduler_delay": 376,
    "n_delay": 376,
    "avg_active_aircrafts": 10.86111111111111
}