{
    "n_scheduler_delay": 254,
    "n_uncertainty_delay": 7,
    "avg_active_aircrafts": 11.50925925925926,
    "n_delay": 261,
    "avg_reschedule_exec_time": 0.3930130869843239,
    "conflicts": 0,
    "makespan": 32370,
    "avg_queue_size": 0.07685185185185185
}