{
    "conflicts": 0,
    "n_scheduler_delay": 292,
    "avg_reschedule_exec_time": 1.1036715078889654,
    "avg_active_aircrafts": 10.90462962962963,
    "makespan": 32370,
    "n_uncertainty_delay": 8,
    "n_delay": 300,
    "avg_queue_size": 0.001851851851851852
}