{
    "n_scheduler_delay": 324,
    "makespan": 32370,
    "avg_reschedule_exec_time": 0.46698598750801973,
    "n_delay": 362,
    "n_uncertainty_delay": 38,
    "avg_queue_size": 0.006481481481481481,
    "conflicts": 0,
    "avg_active_aircrafts": 10.60462962962963
}