{
    "avg_active_aircrafts": 10.954629629629629,
    "avg_queue_size": 0.005555555555555556,
    "n_scheduler_delay": 320,
    "n_delay": 320,
    "conflicts": 0,
    "makespan": 32370,
    "n_uncertainty_delay": 0,
    "avg_reschedule_exec_time": 0.2570183543271797
}