{
    "n_scheduler_delay": 337,
    "n_uncertainty_delay": 0,
    "avg_active_aircrafts": 11.751851851851852,
    "n_delay": 337,
    "avg_reschedule_exec_time": 0.5239585909732553,
    "conflicts": 0,
    "makespan": 32370,
    "avg_queue_size": 0.07222222222222222
}