{
    "makespan": 76500,
    "avg_queue_size": 0.0003475842891901286,
    "conflicts": 0,
    "avg_reschedule_exec_time": 0.619674055750777,
    "avg_n_delay": 0.005561348627042058,
    "avg_n_uncertainty_delay": 0.0003475842891901286,
    "avg_n_scheduler_delay": 0.005213764337851929
}