{
    "n_scheduler_delay": 385,
    "n_uncertainty_delay": 11,
    "makespan": 32370,
    "conflicts": 0,
    "avg_queue_size": 0.002777777777777778,
    "avg_reschedule_exec_time": 0.3134629061055738,
    "n_delay": 396,
    "avg_active_aircrafts": 10.942592592592593
}