{
    "makespan": 32370,
    "avg_queue_size": 0.003703703703703704,
    "avg_reschedule_exec_time": 0.4718162414639495,
    "n_uncertainty_delay": 19,
    "conflicts": 0,
    "n_scheduler_delay": 301,
    "n_delay": 320,
    "avg_active_aircrafts": 10.94537037037037
}