{
    "makespan": 32370,
    "avg_queue_size": 0.001851851851851852,
    "avg_reschedule_exec_time": 0.48494478048280226,
    "n_uncertainty_delay": 0,
    "conflicts": 0,
    "n_scheduler_delay": 334,
    "n_delay": 334,
    "avg_active_aircrafts": 10.939814814814815
}