time,rs_exec_time
00:00:00,
00:28:00,0.395064115524292
00:56:00,3.5050811767578125
01:24:00,2.4202589988708496
01:52:00,3.634014129638672
02:20:00,5.183226108551025
02:48:00,1.904581069946289
03:16:00,2.235146999359131
03:44:00,5.54503607749939
04:12:00,6.161285161972046
04:40:00,9.875412225723267
05:08:00,1.5119249820709229
05:36:00,1.9654641151428223
06:04:00,1.5681142807006836
06:32:00,2.2536568641662598
07:00:00,1.5802741050720215
07:28:00,1.2336540222167969
07:56:00,5.961220026016235
08:24:00,1.2129619121551514
08:52:00,2.0558180809020996
09:20:00,1.638312816619873
09:48:00,1.8772730827331543
10:16:00,13.197455167770386
10:44:00,3.3538382053375244
11:12:00,1.9655470848083496
11:40:00,12.450157165527344
12:08:00,3.2500691413879395
12:36:00,3.3509392738342285
13:04:00,3.186291217803955
13:32:00,3.329900026321411
14:00:00,2.2688300609588623
14:28:00,0.9565420150756836
14:56:00,2.9817240238189697
15:24:00,13.144293308258057
15:52:00,8.581825971603394
16:20:00,2.478876829147339
16:48:00,12.054117679595947
17:16:00,3.1414339542388916
17:44:00,4.55162501335144
18:12:00,12.791094064712524
18:40:00,3.9496493339538574
19:08:00,1.8916699886322021
19:36:00,2.736254930496216
20:04:00,10.736244916915894
20:32:00,8.921880960464478
21:00:00,9.991874933242798
21:28:00,1.9331450462341309
21:56:00,1.2138020992279053
22:24:00,0.9199936389923096
22:52:00,1.0002338886260986
23:20:00,0.9226088523864746
