{
    "conflicts": 0,
    "avg_n_delay": 0.016433566433566433,
    "avg_n_scheduler_delay": 0.008041958041958041,
    "avg_reschedule_exec_time": 0.22491528618503626,
    "makespan": 76770,
    "avg_queue_size": 0.03006993006993007,
    "avg_n_uncertainty_delay": 0.008391608391608392
}