{
    "avg_n_delay": 0.015734265734265736,
    "avg_n_scheduler_delay": 0.011188811188811189,
    "avg_queue_size": 0.02097902097902098,
    "avg_n_uncertainty_delay": 0.004545454545454545,
    "conflicts": 0,
    "avg_reschedule_exec_time": 0.2167428110686826,
    "makespan": 76530
}