{
    "n_uncertainty_delay": 12,
    "avg_queue_size": 0.004629629629629629,
    "conflicts": 0,
    "avg_reschedule_exec_time": 0.25318808444710666,
    "n_delay": 290,
    "makespan": 32370,
    "n_scheduler_delay": 278,
    "avg_active_aircrafts": 10.76574074074074
}