{
    "n_delay": 391,
    "avg_queue_size": 0.06759259259259259,
    "n_scheduler_delay": 390,
    "n_uncertainty_delay": 1,
    "makespan": 32370,
    "conflicts": 0,
    "avg_reschedule_exec_time": 0.5715547472931618,
    "avg_active_aircrafts": 12.100925925925926
}