{
    "avg_n_delay": 0.029166666666666667,
    "avg_queue_size": 0.001388888888888889,
    "makespan": 33060,
    "avg_n_scheduler_delay": 0.022222222222222223,
    "avg_n_uncertainty_delay": 0.006944444444444444,
    "conflicts": 0,
    "avg_reschedule_exec_time": 0.08297990558873629
}