{
    "avg_queue_size": 0.000925925925925926,
    "n_uncertainty_delay": 7,
    "makespan": 32370,
    "n_scheduler_delay": 386,
    "avg_reschedule_exec_time": 0.24780018356209793,
    "conflicts": 0,
    "n_delay": 393,
    "avg_active_aircrafts": 11.124074074074073
}