{
    "avg_reschedule_exec_time": 0.05575191908228032,
    "avg_n_delay": 0.019471488178025034,
    "avg_queue_size": 0.0,
    "conflicts": 0,
    "makespan": 76530,
    "avg_n_scheduler_delay": 0.009040333796940195,
    "avg_n_uncertainty_delay": 0.01043115438108484
}