{
    "avg_n_scheduler_delay": 0.007997218358831711,
    "avg_queue_size": 0.0,
    "avg_n_delay": 0.014255910987482615,
    "avg_reschedule_exec_time": 0.5946599338048015,
    "conflicts": 0,
    "avg_n_uncertainty_delay": 0.006258692628650904,
    "makespan": 76470
}