{
    "n_delay": 317,
    "n_scheduler_delay": 315,
    "avg_active_aircrafts": 10.726851851851851,
    "n_uncertainty_delay": 2,
    "makespan": 32370,
    "avg_reschedule_exec_time": 0.4465247309485147,
    "avg_queue_size": 0.003703703703703704,
    "conflicts": 0
}