{
    "avg_n_uncertainty_delay": 0.0010420284821118443,
    "makespan": 76350,
    "avg_n_delay": 0.011462313303230288,
    "avg_reschedule_exec_time": 0.3686727102304847,
    "conflicts": 0,
    "avg_queue_size": 0.0,
    "avg_n_scheduler_delay": 0.010420284821118444
}