{
    "conflicts": 0,
    "n_scheduler_delay": 311,
    "avg_reschedule_exec_time": 0.6994242810491306,
    "avg_active_aircrafts": 10.678703703703704,
    "makespan": 32370,
    "n_uncertainty_delay": 5,
    "n_delay": 316,
    "avg_queue_size": 0.003703703703703704
}