{
    "n_uncertainty_delay": 8,
    "avg_queue_size": 0.002777777777777778,
    "conflicts": 0,
    "avg_reschedule_exec_time": 0.42668620486592135,
    "n_delay": 286,
    "makespan": 32370,
    "n_scheduler_delay": 278,
    "avg_active_aircrafts": 10.55
}