{
    "avg_reschedule_exec_time": 0.31441062217534976,
    "avg_active_aircrafts": 11.060185185185185,
    "avg_queue_size": 0.008333333333333333,
    "n_uncertainty_delay": 4,
    "n_delay": 405,
    "conflicts": 0,
    "makespan": 32370,
    "n_scheduler_delay": 401
}