{
    "conflicts": 0,
    "n_scheduler_delay": 313,
    "avg_reschedule_exec_time": 0.3857017245877631,
    "avg_active_aircrafts": 10.837962962962964,
    "makespan": 32370,
    "n_uncertainty_delay": 5,
    "n_delay": 318,
    "avg_queue_size": 0.000925925925925926
}