{
    "avg_n_delay": 0.01008344923504868,
    "avg_n_scheduler_delay": 0.005910987482614743,
    "avg_queue_size": 0.0,
    "avg_n_uncertainty_delay": 0.004172461752433936,
    "conflicts": 0,
    "avg_reschedule_exec_time": 0.0978595191057678,
    "makespan": 76230
}