{
    "n_scheduler_delay": 316,
    "n_uncertainty_delay": 18,
    "makespan": 32370,
    "conflicts": 0,
    "avg_queue_size": 0.000925925925925926,
    "avg_reschedule_exec_time": 0.47295117489127225,
    "n_delay": 334,
    "avg_active_aircrafts": 10.824074074074074
}