{
    "avg_n_delay": 0.05416666666666667,
    "avg_queue_size": 0.03333333333333333,
    "makespan": 33300,
    "avg_n_scheduler_delay": 0.05,
    "avg_n_uncertainty_delay": 0.004166666666666667,
    "conflicts": 0,
    "avg_reschedule_exec_time": 0.11442104908598572
}