{
    "avg_reschedule_exec_time": 0.24879146509392316,
    "avg_active_aircrafts": 10.976851851851851,
    "avg_queue_size": 0.005555555555555556,
    "n_uncertainty_delay": 9,
    "n_delay": 311,
    "conflicts": 0,
    "makespan": 32370,
    "n_scheduler_delay": 302
}