{
    "n_uncertainty_delay": 17,
    "avg_queue_size": 0.004629629629629629,
    "conflicts": 0,
    "avg_reschedule_exec_time": 0.5074292038762293,
    "n_delay": 362,
    "makespan": 32370,
    "n_scheduler_delay": 345,
    "avg_active_aircrafts": 10.651851851851852
}