{
    "conflicts": 0,
    "n_scheduler_delay": 446,
    "avg_reschedule_exec_time": 2.328859065518235,
    "avg_active_aircrafts": 11.397388059701493,
    "makespan": 32130,
    "n_uncertainty_delay": 4,
    "n_delay": 450,
    "avg_queue_size": 0.002798507462686567
}