{
    "conflicts": 0,
    "avg_n_delay": 0.015034965034965035,
    "avg_n_scheduler_delay": 0.0073426573426573424,
    "avg_reschedule_exec_time": 0.12490879817747734,
    "makespan": 76650,
    "avg_queue_size": 0.02727272727272727,
    "avg_n_uncertainty_delay": 0.007692307692307693
}