{
    "conflicts": 0,
    "makespan": 33270,
    "avg_n_delay": 0.03680555555555556,
    "avg_n_scheduler_delay": 0.02638888888888889,
    "avg_n_uncertainty_delay": 0.010416666666666666,
    "avg_queue_size": 0.004166666666666667,
    "avg_reschedule_exec_time": 0.05047845109923636
}