{
    "avg_n_delay": 0.04341736694677871,
    "avg_queue_size": 0.05392156862745098,
    "makespan": 33570,
    "avg_n_scheduler_delay": 0.0392156862745098,
    "avg_n_uncertainty_delay": 0.004201680672268907,
    "conflicts": 0,
    "avg_reschedule_exec_time": 0.1267777882000007
}