{
    "conflicts": 0,
    "n_scheduler_delay": 409,
    "avg_reschedule_exec_time": 2.994867486773797,
    "avg_active_aircrafts": 11.160185185185185,
    "makespan": 32370,
    "n_uncertainty_delay": 1,
    "n_delay": 410,
    "avg_queue_size": 0.001851851851851852
}