{
    "avg_reschedule_exec_time": 0.09906998617071296,
    "avg_n_delay": 0.01564673157162726,
    "avg_queue_size": 0.0006954102920723226,
    "conflicts": 0,
    "makespan": 76440,
    "avg_n_scheduler_delay": 0.006954102920723227,
    "avg_n_uncertainty_delay": 0.008692628650904033
}