{
    "n_uncertainty_delay": 2,
    "avg_queue_size": 0.000925925925925926,
    "conflicts": 0,
    "avg_reschedule_exec_time": 0.46935176294903425,
    "n_delay": 323,
    "makespan": 32370,
    "n_scheduler_delay": 321,
    "avg_active_aircrafts": 10.77037037037037
}