{
    "avg_reschedule_exec_time": 0.4966867347096288,
    "avg_active_aircrafts": 10.59074074074074,
    "avg_queue_size": 0.007407407407407408,
    "n_uncertainty_delay": 2,
    "n_delay": 360,
    "conflicts": 0,
    "makespan": 32370,
    "n_scheduler_delay": 358
}