{
    "avg_n_delay": 0.011180992313067784,
    "avg_n_scheduler_delay": 0.005241090146750524,
    "avg_queue_size": 0.015024458420684835,
    "avg_n_uncertainty_delay": 0.005939902166317261,
    "conflicts": 0,
    "avg_reschedule_exec_time": 0.18534884271742422,
    "makespan": 76440
}