{
    "conflicts": 0,
    "n_scheduler_delay": 364,
    "avg_reschedule_exec_time": 2.0042171333775376,
    "avg_active_aircrafts": 10.903917910447761,
    "makespan": 32130,
    "n_uncertainty_delay": 5,
    "n_delay": 369,
    "avg_queue_size": 0.002798507462686567
}