{
    "avg_reschedule_exec_time": 0.28780570584674214,
    "avg_active_aircrafts": 10.912037037037036,
    "avg_queue_size": 0.004629629629629629,
    "n_uncertainty_delay": 2,
    "n_delay": 379,
    "conflicts": 0,
    "makespan": 32370,
    "n_scheduler_delay": 377
}