{
    "conflicts": 0,
    "avg_n_delay": 0.015034965034965035,
    "avg_n_scheduler_delay": 0.00909090909090909,
    "avg_reschedule_exec_time": 0.22750427353550012,
    "makespan": 76680,
    "avg_queue_size": 0.016433566433566433,
    "avg_n_uncertainty_delay": 0.005944055944055944
}