{
    "avg_n_delay": 0.009427374301675978,
    "avg_n_scheduler_delay": 0.005237430167597765,
    "avg_queue_size": 0.023044692737430168,
    "avg_n_uncertainty_delay": 0.004189944134078212,
    "conflicts": 0,
    "avg_reschedule_exec_time": 0.1878937790902813,
    "makespan": 76920
}