{
    "makespan": 32370,
    "avg_queue_size": 0.004629629629629629,
    "avg_reschedule_exec_time": 0.4907841471738594,
    "n_uncertainty_delay": 14,
    "conflicts": 0,
    "n_scheduler_delay": 340,
    "n_delay": 354,
    "avg_active_aircrafts": 10.837962962962964
}