{
    "avg_reschedule_exec_time": 0.304435207677442,
    "avg_active_aircrafts": 10.972222222222221,
    "avg_queue_size": 0.002777777777777778,
    "n_uncertainty_delay": 4,
    "n_delay": 388,
    "conflicts": 0,
    "makespan": 32370,
    "n_scheduler_delay": 384
}