{
    "n_uncertainty_delay": 6,
    "avg_queue_size": 0.000925925925925926,
    "conflicts": 0,
    "avg_reschedule_exec_time": 0.3594678712445636,
    "n_delay": 373,
    "makespan": 32370,
    "n_scheduler_delay": 367,
    "avg_active_aircrafts": 10.767592592592592
}