{
    "avg_active_aircrafts": 10.775925925925925,
    "avg_queue_size": 0.002777777777777778,
    "n_scheduler_delay": 344,
    "n_delay": 357,
    "conflicts": 0,
    "makespan": 32370,
    "n_uncertainty_delay": 13,
    "avg_reschedule_exec_time": 0.26316298107768216
}