{
    "conflicts": 49,
    "makespan": 76440,
    "avg_queue_size": 0.012195121951219513,
    "avg_reschedule_exec_time": 0.5256797846625832,
    "avg_n_delay": 0.0,
    "avg_n_scheduler_delay": 0.0,
    "avg_n_uncertainty_delay": 0.0
}