{
    "avg_n_delay": 0.009433962264150943,
    "avg_n_scheduler_delay": 0.005590496156533892,
    "avg_queue_size": 0.02480782669461915,
    "avg_n_uncertainty_delay": 0.003843466107617051,
    "conflicts": 0,
    "avg_reschedule_exec_time": 0.19445183609105363,
    "makespan": 76770
}