{
    "avg_n_delay": 0.049305555555555554,
    "avg_queue_size": 0.008333333333333333,
    "makespan": 33330,
    "avg_n_scheduler_delay": 0.041666666666666664,
    "avg_n_uncertainty_delay": 0.007638888888888889,
    "conflicts": 0,
    "avg_reschedule_exec_time": 0.08321420706850191
}