{
    "conflicts": 237,
    "makespan": 76710,
    "avg_queue_size": 0.002437325905292479,
    "avg_reschedule_exec_time": 0.5074859164946572,
    "avg_n_delay": 0.7692307692307692,
    "avg_n_scheduler_delay": 0.05668016194331984,
    "avg_n_uncertainty_delay": 0.7125506072874493
}