{
    "avg_n_delay": 0.016083916083916086,
    "avg_n_scheduler_delay": 0.011538461538461539,
    "avg_queue_size": 0.08216783216783216,
    "avg_n_uncertainty_delay": 0.004545454545454545,
    "conflicts": 0,
    "avg_reschedule_exec_time": 0.2599111860112626,
    "makespan": 77070
}