{
    "conflicts": 0,
    "n_scheduler_delay": 262,
    "avg_reschedule_exec_time": 0.33073832022656297,
    "avg_active_aircrafts": 10.489814814814816,
    "makespan": 32370,
    "n_uncertainty_delay": 7,
    "n_delay": 269,
    "avg_queue_size": 0.002777777777777778
}