{
    "avg_n_scheduler_delay": 0.005910987482614743,
    "avg_queue_size": 0.0,
    "avg_n_delay": 0.011126564673157164,
    "avg_reschedule_exec_time": 0.582427030818376,
    "conflicts": 0,
    "avg_n_uncertainty_delay": 0.00521557719054242,
    "makespan": 76380
}