{
    "n_scheduler_delay": 328,
    "n_uncertainty_delay": 2,
    "avg_active_aircrafts": 12.198148148148148,
    "n_delay": 330,
    "avg_reschedule_exec_time": 0.4859231372212255,
    "conflicts": 0,
    "makespan": 32370,
    "avg_queue_size": 0.053703703703703705
}