{
    "n_scheduler_delay": 341,
    "makespan": 32370,
    "avg_reschedule_exec_time": 0.4691246121428734,
    "n_delay": 343,
    "n_uncertainty_delay": 2,
    "avg_queue_size": 0.004629629629629629,
    "conflicts": 0,
    "avg_active_aircrafts": 10.568518518518518
}