{
    "makespan": 32370,
    "avg_queue_size": 0.003703703703703704,
    "avg_reschedule_exec_time": 0.5202456208162529,
    "n_uncertainty_delay": 0,
    "conflicts": 0,
    "n_scheduler_delay": 369,
    "n_delay": 369,
    "avg_active_aircrafts": 10.910185185185185
}