{
    "n_scheduler_delay": 320,
    "makespan": 32370,
    "avg_reschedule_exec_time": 0.44822138409281886,
    "n_delay": 337,
    "n_uncertainty_delay": 17,
    "avg_queue_size": 0.001851851851851852,
    "conflicts": 0,
    "avg_active_aircrafts": 11.157407407407407
}