{
    "avg_n_uncertainty_delay": 0.0006946856547412296,
    "makespan": 76380,
    "avg_n_delay": 0.010420284821118442,
    "avg_reschedule_exec_time": 0.3888245400138523,
    "conflicts": 0,
    "avg_queue_size": 0.0,
    "avg_n_scheduler_delay": 0.009725599166377214
}