{
    "avg_n_delay": 0.012195121951219513,
    "avg_n_scheduler_delay": 0.008362369337979094,
    "avg_queue_size": 0.009059233449477353,
    "avg_n_uncertainty_delay": 0.003832752613240418,
    "conflicts": 0,
    "avg_reschedule_exec_time": 0.16879258786930756,
    "makespan": 76440
}