{
    "avg_reschedule_exec_time": 0.24910674427830895,
    "avg_active_aircrafts": 10.79351851851852,
    "avg_queue_size": 0.000925925925925926,
    "n_uncertainty_delay": 10,
    "n_delay": 342,
    "conflicts": 0,
    "makespan": 32370,
    "n_scheduler_delay": 332
}