{
    "n_uncertainty_delay": 7,
    "avg_queue_size": 0.000925925925925926,
    "conflicts": 0,
    "avg_reschedule_exec_time": 0.5400837255078693,
    "n_delay": 357,
    "makespan": 32370,
    "n_scheduler_delay": 350,
    "avg_active_aircrafts": 10.966666666666667
}