{
    "avg_n_uncertainty_delay": 0.0034770514603616135,
    "avg_n_delay": 0.009388038942976356,
    "avg_n_scheduler_delay": 0.005910987482614743,
    "conflicts": 0,
    "avg_queue_size": 0.0,
    "avg_reschedule_exec_time": 0.10102276582903849,
    "makespan": 76320
}