{
    "avg_n_delay": 0.011879804332634521,
    "avg_n_scheduler_delay": 0.00803633822501747,
    "avg_queue_size": 0.041928721174004195,
    "avg_n_uncertainty_delay": 0.003843466107617051,
    "conflicts": 0,
    "avg_reschedule_exec_time": 0.20550909072537965,
    "makespan": 76440
}