{
    "conflicts": 0,
    "makespan": 33480,
    "avg_n_delay": 0.04722222222222222,
    "avg_n_scheduler_delay": 0.02361111111111111,
    "avg_n_uncertainty_delay": 0.02361111111111111,
    "avg_queue_size": 0.006944444444444444,
    "avg_reschedule_exec_time": 0.09348143973390372
}