{
    "conflicts": 0,
    "avg_n_delay": 0.016433566433566433,
    "avg_n_scheduler_delay": 0.010839160839160839,
    "avg_reschedule_exec_time": 0.2474928422712944,
    "makespan": 76500,
    "avg_queue_size": 0.05524475524475524,
    "avg_n_uncertainty_delay": 0.005594405594405594
}