{
    "n_delay": 292,
    "n_scheduler_delay": 277,
    "avg_active_aircrafts": 10.47037037037037,
    "n_uncertainty_delay": 15,
    "makespan": 32370,
    "avg_reschedule_exec_time": 0.21273327760918195,
    "avg_queue_size": 0.003703703703703704,
    "conflicts": 0
}