{
    "n_scheduler_delay": 400,
    "makespan": 32370,
    "avg_reschedule_exec_time": 0.5577329025712124,
    "n_delay": 404,
    "n_uncertainty_delay": 4,
    "avg_queue_size": 0.005555555555555556,
    "conflicts": 0,
    "avg_active_aircrafts": 11.4
}