{
    "conflicts": 0,
    "n_scheduler_delay": 350,
    "avg_reschedule_exec_time": 0.9647903598357583,
    "avg_active_aircrafts": 10.828703703703704,
    "makespan": 32370,
    "n_uncertainty_delay": 7,
    "n_delay": 357,
    "avg_queue_size": 0.005555555555555556
}