{
    "makespan": 76770,
    "avg_reschedule_exec_time": 0.11452002816083955,
    "avg_queue_size": 0.0,
    "avg_n_uncertainty_delay": 0.001737921445950643,
    "avg_n_scheduler_delay": 0.008689607229753215,
    "avg_n_delay": 0.010427528675703858,
    "conflicts": 0
}