{
    "avg_reschedule_exec_time": 0.1024706709019653,
    "avg_n_delay": 0.015994436717663423,
    "avg_queue_size": 0.0006954102920723226,
    "conflicts": 0,
    "makespan": 76320,
    "avg_n_scheduler_delay": 0.009735744089012517,
    "avg_n_uncertainty_delay": 0.006258692628650904
}