{
    "conflicts": 17,
    "makespan": 76560,
    "avg_queue_size": 0.4768421052631579,
    "avg_reschedule_exec_time": 0.24299516322764944,
    "avg_n_delay": 0.7182539682539683,
    "avg_n_scheduler_delay": 0.6666666666666666,
    "avg_n_uncertainty_delay": 0.051587301587301584
}