{
    "n_delay": 326,
    "avg_queue_size": 0.0712962962962963,
    "n_scheduler_delay": 326,
    "n_uncertainty_delay": 0,
    "makespan": 32370,
    "conflicts": 0,
    "avg_reschedule_exec_time": 0.502243727306987,
    "avg_active_aircrafts": 12.162037037037036
}