{
    "n_scheduler_delay": 373,
    "makespan": 32370,
    "avg_reschedule_exec_time": 0.5111046802165896,
    "n_delay": 401,
    "n_uncertainty_delay": 28,
    "avg_queue_size": 0.009259259259259259,
    "conflicts": 0,
    "avg_active_aircrafts": 10.920370370370371
}