{
    "avg_reschedule_exec_time": 0.1024206773816377,
    "avg_n_delay": 0.011126564673157164,
    "avg_queue_size": 0.0,
    "conflicts": 0,
    "makespan": 76560,
    "avg_n_scheduler_delay": 0.009040333796940195,
    "avg_n_uncertainty_delay": 0.002086230876216968
}