{
    "conflicts": 17,
    "makespan": 77460,
    "avg_queue_size": 0.724561403508772,
    "avg_reschedule_exec_time": 0.23855947433634006,
    "avg_n_delay": 0.7372549019607842,
    "avg_n_scheduler_delay": 0.6666666666666666,
    "avg_n_uncertainty_delay": 0.07058823529411765
}