{
    "makespan": 32370,
    "avg_queue_size": 0.001851851851851852,
    "avg_reschedule_exec_time": 0.4668273848156596,
    "n_uncertainty_delay": 1,
    "conflicts": 0,
    "n_scheduler_delay": 321,
    "n_delay": 322,
    "avg_active_aircrafts": 10.464814814814815
}