{
    "avg_n_scheduler_delay": 0.005910987482614743,
    "avg_queue_size": 0.0006954102920723226,
    "avg_n_delay": 0.006954102920723227,
    "avg_reschedule_exec_time": 0.597852214133175,
    "conflicts": 0,
    "avg_n_uncertainty_delay": 0.001043115438108484,
    "makespan": 76770
}