{
    "avg_n_uncertainty_delay": 0.001043115438108484,
    "avg_n_delay": 0.010778859527121001,
    "avg_n_scheduler_delay": 0.009735744089012517,
    "conflicts": 0,
    "avg_queue_size": 0.0,
    "avg_reschedule_exec_time": 0.10075260503710479,
    "makespan": 76440
}