{
    "avg_n_scheduler_delay": 0.008692628650904033,
    "avg_queue_size": 0.0006954102920723226,
    "avg_n_delay": 0.011821974965229486,
    "avg_reschedule_exec_time": 0.6055709130252637,
    "conflicts": 0,
    "avg_n_uncertainty_delay": 0.003129346314325452,
    "makespan": 76020
}