{
    "avg_n_uncertainty_delay": 0.0034770514603616135,
    "avg_n_delay": 0.01043115438108484,
    "avg_n_scheduler_delay": 0.006954102920723227,
    "conflicts": 0,
    "avg_queue_size": 0.0,
    "avg_reschedule_exec_time": 0.09751423255314734,
    "makespan": 76230
}