{
    "avg_n_delay": 0.01853146853146853,
    "avg_n_scheduler_delay": 0.014335664335664336,
    "avg_queue_size": 0.07097902097902098,
    "avg_n_uncertainty_delay": 0.004195804195804196,
    "conflicts": 0,
    "avg_reschedule_exec_time": 0.13458633204118922,
    "makespan": 77610
}