{
    "n_delay": 320,
    "n_scheduler_delay": 314,
    "avg_active_aircrafts": 10.544444444444444,
    "n_uncertainty_delay": 6,
    "makespan": 32370,
    "avg_reschedule_exec_time": 0.4565238908279774,
    "avg_queue_size": 0.002777777777777778,
    "conflicts": 0
}