{
    "avg_n_delay": 0.028321678321678322,
    "avg_n_scheduler_delay": 0.025874125874125874,
    "avg_queue_size": 0.09020979020979021,
    "avg_n_uncertainty_delay": 0.0024475524475524478,
    "conflicts": 0,
    "avg_reschedule_exec_time": 0.3024972622547675,
    "makespan": 76830
}