{
    "conflicts": 0,
    "makespan": 33510,
    "avg_n_delay": 0.04027777777777777,
    "avg_n_scheduler_delay": 0.0375,
    "avg_n_uncertainty_delay": 0.002777777777777778,
    "avg_queue_size": 0.0006944444444444445,
    "avg_reschedule_exec_time": 0.056099418146032476
}