{
    "conflicts": 0,
    "makespan": 33570,
    "avg_n_delay": 0.05694444444444445,
    "avg_n_scheduler_delay": 0.03263888888888889,
    "avg_n_uncertainty_delay": 0.024305555555555556,
    "avg_queue_size": 0.0,
    "avg_reschedule_exec_time": 0.09338875069259601
}