{
    "n_scheduler_delay": 412,
    "makespan": 32370,
    "avg_reschedule_exec_time": 0.5149028944414715,
    "n_delay": 415,
    "n_uncertainty_delay": 3,
    "avg_queue_size": 0.003703703703703704,
    "conflicts": 0,
    "avg_active_aircrafts": 11.05
}