{
    "avg_n_delay": 0.021358543417366947,
    "avg_n_scheduler_delay": 0.016456582633053222,
    "avg_queue_size": 0.04481792717086835,
    "avg_n_uncertainty_delay": 0.004901960784313725,
    "conflicts": 0,
    "avg_reschedule_exec_time": 0.2531911336769492,
    "makespan": 76800
}