{
    "avg_n_delay": 0.021602787456445994,
    "avg_n_scheduler_delay": 0.014634146341463415,
    "avg_queue_size": 0.004878048780487805,
    "avg_n_uncertainty_delay": 0.006968641114982578,
    "conflicts": 0,
    "avg_reschedule_exec_time": 0.14744893487516816,
    "makespan": 76530
}