{
    "conflicts": 0,
    "avg_n_delay": 0.013986013986013984,
    "avg_n_scheduler_delay": 0.005944055944055944,
    "avg_reschedule_exec_time": 0.21769477112192503,
    "makespan": 76440,
    "avg_queue_size": 0.06748251748251748,
    "avg_n_uncertainty_delay": 0.008041958041958041
}