{
    "conflicts": 0,
    "makespan": 76710,
    "delay_added": 2130,
    "avg_queue_size": 0.14947368421052631,
    "avg_reschedule_exec_time": 0.8937026008646539,
    "avg_n_delay": 0.04247104247104247,
    "avg_n_scheduler_delay": 0.04247104247104247,
    "avg_n_uncertainty_delay": 0.0
}