{
    "total_conflicts": 7425,
    "makespan": 80610,
    "delay_added": 14700,
    "avg_queue_size": 0.016564233248388543,
    "avg_reschedule_exec_time": 27.089037689190466
}