{
    "conflicts": 0,
    "makespan": 76710,
    "delay_added": 2130,
    "avg_queue_size": 0.14947368421052631,
    "avg_reschedule_exec_time": 0.8383027644867592
}