{
    "conflicts": 625,
    "makespan": 76980,
    "delay_added": 3690,
    "avg_queue_size": 0.011052631578947448,
    "avg_reschedule_exec_time": 1.4510231804340443
}