{
    "makespan": 76470,
    "avg_queue_size": 0.0,
    "conflicts": 0,
    "avg_reschedule_exec_time": 0.5896389300432892,
    "avg_n_delay": 0.014935741576936435,
    "avg_n_uncertainty_delay": 0.0010420284821118443,
    "avg_n_scheduler_delay": 0.013893713094824591
}