{
    "total_conflicts": 8235,
    "makespan": 81960,
    "delay_added": 15990,
    "avg_queue_size": 0.012891620446709636,
    "avg_reschedule_exec_time": 28.488373173093333
}