{
    "n_scheduler_delay": 366,
    "makespan": 32370,
    "avg_reschedule_exec_time": 0.5121766855550367,
    "n_delay": 373,
    "n_uncertainty_delay": 7,
    "avg_queue_size": 0.001851851851851852,
    "conflicts": 0,
    "avg_active_aircrafts": 11.155555555555555
}