{
    "conflicts": 0,
    "avg_n_delay": 0.013286713286713287,
    "avg_n_scheduler_delay": 0.01048951048951049,
    "avg_reschedule_exec_time": 0.23259445982919613,
    "makespan": 76740,
    "avg_queue_size": 0.024475524475524476,
    "avg_n_uncertainty_delay": 0.002797202797202797
}