{
    "conflicts": 0,
    "n_scheduler_delay": 397,
    "avg_reschedule_exec_time": 0.27937916966227744,
    "avg_active_aircrafts": 10.927777777777777,
    "makespan": 32370,
    "n_uncertainty_delay": 6,
    "n_delay": 403,
    "avg_queue_size": 0.001851851851851852
}