{
    "conflicts": 0,
    "n_scheduler_delay": 326,
    "avg_reschedule_exec_time": 1.9728942846847792,
    "avg_active_aircrafts": 11.02037037037037,
    "makespan": 32370,
    "n_uncertainty_delay": 3,
    "n_delay": 329,
    "avg_queue_size": 0.002777777777777778
}