{
    "conflicts": 0,
    "avg_n_delay": 0.015384615384615385,
    "avg_n_scheduler_delay": 0.013286713286713287,
    "avg_reschedule_exec_time": 0.2387098963831512,
    "makespan": 76530,
    "avg_queue_size": 0.032167832167832165,
    "avg_n_uncertainty_delay": 0.002097902097902098
}