{
    "avg_reschedule_exec_time": 0.2572989929554074,
    "avg_active_aircrafts": 10.468518518518518,
    "avg_queue_size": 0.000925925925925926,
    "n_uncertainty_delay": 1,
    "n_delay": 350,
    "conflicts": 0,
    "makespan": 32370,
    "n_scheduler_delay": 349
}