{
    "n_delay": 372,
    "avg_queue_size": 0.09814814814814815,
    "n_scheduler_delay": 365,
    "n_uncertainty_delay": 7,
    "makespan": 32370,
    "conflicts": 0,
    "avg_reschedule_exec_time": 0.49785012644390725,
    "avg_active_aircrafts": 11.974074074074075
}