{
    "conflicts": 0,
    "avg_n_delay": 0.013636363636363636,
    "avg_n_scheduler_delay": 0.010839160839160839,
    "avg_reschedule_exec_time": 0.2320125959288906,
    "makespan": 77370,
    "avg_queue_size": 0.026573426573426574,
    "avg_n_uncertainty_delay": 0.002797202797202797
}