{
    "n_delay": 366,
    "n_scheduler_delay": 358,
    "avg_active_aircrafts": 11.230555555555556,
    "n_uncertainty_delay": 8,
    "makespan": 32370,
    "avg_reschedule_exec_time": 0.5070369199264881,
    "avg_queue_size": 0.002777777777777778,
    "conflicts": 0
}