{
    "avg_n_delay": 0.017132867132867134,
    "avg_n_scheduler_delay": 0.014685314685314685,
    "avg_queue_size": 0.050699300699300696,
    "avg_n_uncertainty_delay": 0.0024475524475524478,
    "conflicts": 0,
    "avg_reschedule_exec_time": 0.264082987374122,
    "makespan": 76710
}