{
    "n_uncertainty_delay": 11,
    "avg_queue_size": 0.000925925925925926,
    "conflicts": 0,
    "avg_reschedule_exec_time": 0.48242633730866186,
    "n_delay": 323,
    "makespan": 32370,
    "n_scheduler_delay": 312,
    "avg_active_aircrafts": 10.618518518518519
}