{
    "conflicts": 0,
    "avg_n_delay": 0.010839160839160839,
    "avg_n_scheduler_delay": 0.01013986013986014,
    "avg_reschedule_exec_time": 0.22509556588992266,
    "makespan": 76770,
    "avg_queue_size": 0.027972027972027972,
    "avg_n_uncertainty_delay": 0.0006993006993006993
}