{
    "n_delay": 270,
    "avg_queue_size": 0.07407407407407407,
    "n_scheduler_delay": 266,
    "n_uncertainty_delay": 4,
    "makespan": 32370,
    "conflicts": 0,
    "avg_reschedule_exec_time": 0.4179250639538432,
    "avg_active_aircrafts": 11.610185185185186
}