{
    "avg_n_delay": 0.06527777777777778,
    "avg_queue_size": 0.02847222222222222,
    "makespan": 33630,
    "avg_n_scheduler_delay": 0.06041666666666667,
    "avg_n_uncertainty_delay": 0.004861111111111111,
    "conflicts": 0,
    "avg_reschedule_exec_time": 0.10831217832498617
}