{
    "n_uncertainty_delay": 16,
    "avg_queue_size": 0.000925925925925926,
    "conflicts": 0,
    "avg_reschedule_exec_time": 0.5239931949349337,
    "n_delay": 363,
    "makespan": 32370,
    "n_scheduler_delay": 347,
    "avg_active_aircrafts": 10.856481481481481
}