{
    "avg_reschedule_exec_time": 0.29864957942519077,
    "avg_active_aircrafts": 11.194444444444445,
    "avg_queue_size": 0.002777777777777778,
    "n_uncertainty_delay": 9,
    "n_delay": 373,
    "conflicts": 0,
    "makespan": 32370,
    "n_scheduler_delay": 364
}