{
    "n_scheduler_delay": 311,
    "n_uncertainty_delay": 5,
    "avg_active_aircrafts": 11.65925925925926,
    "n_delay": 316,
    "avg_reschedule_exec_time": 0.45413017051164495,
    "conflicts": 0,
    "makespan": 32370,
    "avg_queue_size": 0.08611111111111111
}