{
    "avg_n_delay": 0.031512605042016806,
    "avg_n_scheduler_delay": 0.026260504201680673,
    "avg_queue_size": 0.09208683473389356,
    "avg_n_uncertainty_delay": 0.005252100840336135,
    "conflicts": 0,
    "avg_reschedule_exec_time": 0.35118812617689077,
    "makespan": 76710
}