{
    "makespan": 32370,
    "avg_queue_size": 0.002777777777777778,
    "avg_reschedule_exec_time": 0.5219910998677099,
    "n_uncertainty_delay": 0,
    "conflicts": 0,
    "n_scheduler_delay": 346,
    "n_delay": 346,
    "avg_active_aircrafts": 11.003703703703703
}