{
    "n_scheduler_delay": 338,
    "n_uncertainty_delay": 0,
    "makespan": 32370,
    "conflicts": 0,
    "avg_queue_size": 0.001851851851851852,
    "avg_reschedule_exec_time": 0.5133732695912205,
    "n_delay": 338,
    "avg_active_aircrafts": 11.048148148148147
}