{
    "n_scheduler_delay": 345,
    "n_uncertainty_delay": 0,
    "avg_active_aircrafts": 11.881481481481481,
    "n_delay": 345,
    "avg_reschedule_exec_time": 0.5053835037142731,
    "conflicts": 0,
    "makespan": 32370,
    "avg_queue_size": 0.09814814814814815
}