{
    "avg_n_delay": 0.0375,
    "avg_queue_size": 0.019444444444444445,
    "makespan": 33300,
    "avg_n_scheduler_delay": 0.029861111111111113,
    "avg_n_uncertainty_delay": 0.007638888888888889,
    "conflicts": 0,
    "avg_reschedule_exec_time": 0.07529282703079991
}