{
    "makespan": 32370,
    "avg_queue_size": 0.003703703703703704,
    "avg_reschedule_exec_time": 0.40990959322729775,
    "n_uncertainty_delay": 3,
    "conflicts": 0,
    "n_scheduler_delay": 275,
    "n_delay": 278,
    "avg_active_aircrafts": 10.274074074074074
}