{
    "avg_n_scheduler_delay": 0.009388038942976356,
    "avg_queue_size": 0.0,
    "avg_n_delay": 0.01634214186369958,
    "avg_reschedule_exec_time": 0.6028788800359104,
    "conflicts": 0,
    "avg_n_uncertainty_delay": 0.006954102920723227,
    "makespan": 76470
}