{
    "avg_n_uncertainty_delay": 0.004867872044506259,
    "avg_reschedule_exec_time": 0.38205555421728277,
    "conflicts": 0,
    "avg_n_delay": 0.01564673157162726,
    "avg_queue_size": 0.0,
    "avg_n_scheduler_delay": 0.010778859527121001,
    "makespan": 76500
}