{
    "conflicts": 0,
    "n_scheduler_delay": 422,
    "avg_reschedule_exec_time": 0.6828078251311233,
    "avg_active_aircrafts": 10.889814814814814,
    "makespan": 32370,
    "n_uncertainty_delay": 7,
    "n_delay": 429,
    "avg_queue_size": 0.003703703703703704
}