{
    "n_delay": 382,
    "n_scheduler_delay": 363,
    "avg_active_aircrafts": 10.817592592592593,
    "n_uncertainty_delay": 19,
    "makespan": 32370,
    "avg_reschedule_exec_time": 0.5207741814990376,
    "avg_queue_size": 0.002777777777777778,
    "conflicts": 0
}