{
    "n_scheduler_delay": 380,
    "makespan": 32370,
    "avg_reschedule_exec_time": 0.49276442971340445,
    "n_delay": 384,
    "n_uncertainty_delay": 4,
    "avg_queue_size": 0.006481481481481481,
    "conflicts": 0,
    "avg_active_aircrafts": 10.893518518518519
}