{
    "conflicts": 0,
    "n_scheduler_delay": 320,
    "avg_reschedule_exec_time": 0.8717688221797765,
    "avg_active_aircrafts": 10.818518518518518,
    "makespan": 32370,
    "n_uncertainty_delay": 3,
    "n_delay": 323,
    "avg_queue_size": 0.002777777777777778
}