{
    "makespan": 32370,
    "avg_queue_size": 0.004629629629629629,
    "avg_reschedule_exec_time": 0.4937309863955476,
    "n_uncertainty_delay": 6,
    "conflicts": 0,
    "n_scheduler_delay": 341,
    "n_delay": 347,
    "avg_active_aircrafts": 11.079629629629629
}