{
    "conflicts": 0,
    "n_scheduler_delay": 370,
    "avg_reschedule_exec_time": 0.2689943822283913,
    "avg_active_aircrafts": 11.023148148148149,
    "makespan": 32370,
    "n_uncertainty_delay": 4,
    "n_delay": 374,
    "avg_queue_size": 0.001851851851851852
}