{
    "avg_queue_size": 0.003703703703703704,
    "n_uncertainty_delay": 5,
    "makespan": 32370,
    "n_scheduler_delay": 350,
    "avg_reschedule_exec_time": 0.11202875721554054,
    "conflicts": 0,
    "n_delay": 355,
    "avg_active_aircrafts": 10.537962962962963
}