{
    "makespan": 32370,
    "avg_queue_size": 0.006481481481481481,
    "avg_reschedule_exec_time": 0.5467011241025703,
    "n_uncertainty_delay": 43,
    "conflicts": 0,
    "n_scheduler_delay": 337,
    "n_delay": 380,
    "avg_active_aircrafts": 10.977777777777778
}