{
    "n_delay": 348,
    "n_scheduler_delay": 348,
    "avg_active_aircrafts": 10.930555555555555,
    "n_uncertainty_delay": 0,
    "makespan": 32370,
    "avg_reschedule_exec_time": 0.42552213447038517,
    "avg_queue_size": 0.002777777777777778,
    "conflicts": 0
}