{
    "avg_reschedule_exec_time": 0.05414920630229217,
    "avg_n_delay": 0.0017385257301808068,
    "avg_n_scheduler_delay": 0.0,
    "avg_n_uncertainty_delay": 0.0017385257301808068,
    "makespan": 75540,
    "conflicts": 0,
    "avg_queue_size": 0.0
}