{
    "makespan": 32370,
    "avg_queue_size": 0.001851851851851852,
    "avg_reschedule_exec_time": 0.5496265976928001,
    "n_uncertainty_delay": 11,
    "conflicts": 0,
    "n_scheduler_delay": 399,
    "n_delay": 410,
    "avg_active_aircrafts": 11.032407407407407
}