{
    "conflicts": 0,
    "avg_n_delay": 0.01818181818181818,
    "avg_n_scheduler_delay": 0.014685314685314685,
    "avg_reschedule_exec_time": 0.2537657123216441,
    "makespan": 76710,
    "avg_queue_size": 0.056643356643356645,
    "avg_n_uncertainty_delay": 0.0034965034965034965
}