{
    "n_scheduler_delay": 323,
    "n_uncertainty_delay": 4,
    "makespan": 32370,
    "conflicts": 0,
    "avg_queue_size": 0.000925925925925926,
    "avg_reschedule_exec_time": 0.4897442008173743,
    "n_delay": 327,
    "avg_active_aircrafts": 10.958333333333334
}