{
    "avg_active_aircrafts": 10.587962962962964,
    "avg_queue_size": 0.002777777777777778,
    "n_scheduler_delay": 326,
    "n_delay": 328,
    "conflicts": 0,
    "makespan": 32370,
    "n_uncertainty_delay": 2,
    "avg_reschedule_exec_time": 0.24792211332986522
}