{
    "avg_reschedule_exec_time": 0.25434124857880347,
    "avg_active_aircrafts": 11.01574074074074,
    "avg_queue_size": 0.002777777777777778,
    "n_uncertainty_delay": 6,
    "n_delay": 292,
    "conflicts": 0,
    "makespan": 32370,
    "n_scheduler_delay": 286
}