{
    "n_uncertainty_delay": 11,
    "avg_queue_size": 0.006481481481481481,
    "conflicts": 0,
    "avg_reschedule_exec_time": 0.5087585238523261,
    "n_delay": 367,
    "makespan": 32370,
    "n_scheduler_delay": 356,
    "avg_active_aircrafts": 10.821296296296296
}