{
    "n_scheduler_delay": 376,
    "makespan": 32370,
    "avg_reschedule_exec_time": 0.5080634494160496,
    "n_delay": 390,
    "n_uncertainty_delay": 14,
    "avg_queue_size": 0.006481481481481481,
    "conflicts": 0,
    "avg_active_aircrafts": 10.753703703703703
}