{
    "conflicts": 0,
    "makespan": 33570,
    "avg_n_delay": 0.03680555555555556,
    "avg_n_scheduler_delay": 0.02847222222222222,
    "avg_n_uncertainty_delay": 0.008333333333333333,
    "avg_queue_size": 0.001388888888888889,
    "avg_reschedule_exec_time": 0.05227010163756134
}