{
    "n_delay": 299,
    "n_scheduler_delay": 299,
    "avg_active_aircrafts": 10.821296296296296,
    "n_uncertainty_delay": 0,
    "makespan": 32370,
    "avg_reschedule_exec_time": 0.44494301551996274,
    "avg_queue_size": 0.000925925925925926,
    "conflicts": 0
}