{
    "avg_n_delay": 0.037500000000000006,
    "avg_queue_size": 0.006944444444444444,
    "makespan": 33480,
    "avg_n_scheduler_delay": 0.03263888888888889,
    "avg_n_uncertainty_delay": 0.004861111111111111,
    "conflicts": 0,
    "avg_reschedule_exec_time": 0.11500210841829307
}