{
    "avg_reschedule_exec_time": 0.10341506017615869,
    "avg_n_delay": 0.014603616133518776,
    "avg_queue_size": 0.0006954102920723226,
    "conflicts": 0,
    "makespan": 76320,
    "avg_n_scheduler_delay": 0.011474269819193325,
    "avg_n_uncertainty_delay": 0.003129346314325452
}