{
    "avg_reschedule_exec_time": 0.09656476908075444,
    "avg_n_delay": 0.014951321279554938,
    "avg_queue_size": 0.0006954102920723226,
    "conflicts": 0,
    "makespan": 76350,
    "avg_n_scheduler_delay": 0.005910987482614743,
    "avg_n_uncertainty_delay": 0.009040333796940195
}