{
    "makespan": 32370,
    "avg_queue_size": 0.004629629629629629,
    "avg_reschedule_exec_time": 0.5173809605975483,
    "n_uncertainty_delay": 14,
    "conflicts": 0,
    "n_scheduler_delay": 343,
    "n_delay": 357,
    "avg_active_aircrafts": 11.044444444444444
}