{
    "n_delay": 376,
    "avg_queue_size": 0.0962962962962963,
    "n_scheduler_delay": 376,
    "n_uncertainty_delay": 0,
    "makespan": 32370,
    "conflicts": 0,
    "avg_reschedule_exec_time": 0.5369299810986187,
    "avg_active_aircrafts": 11.920370370370371
}