{
    "n_delay": 354,
    "n_scheduler_delay": 339,
    "avg_active_aircrafts": 10.655555555555555,
    "n_uncertainty_delay": 15,
    "makespan": 32370,
    "avg_reschedule_exec_time": 0.2538796125456344,
    "avg_queue_size": 0.002777777777777778,
    "conflicts": 0
}