{
    "avg_n_delay": 0.04027777777777778,
    "avg_queue_size": 0.02013888888888889,
    "makespan": 33480,
    "avg_n_scheduler_delay": 0.034722222222222224,
    "avg_n_uncertainty_delay": 0.005555555555555556,
    "conflicts": 0,
    "avg_reschedule_exec_time": 0.08939552807307743
}