{
    "n_scheduler_delay": 305,
    "makespan": 32370,
    "avg_reschedule_exec_time": 0.4241785803506541,
    "n_delay": 311,
    "n_uncertainty_delay": 6,
    "avg_queue_size": 0.002777777777777778,
    "conflicts": 0,
    "avg_active_aircrafts": 10.89537037037037
}