{
    "makespan": 76320,
    "avg_queue_size": 0.0,
    "conflicts": 0,
    "avg_reschedule_exec_time": 0.5811788018975442,
    "avg_n_delay": 0.010420284821118444,
    "avg_n_uncertainty_delay": 0.0013893713094824591,
    "avg_n_scheduler_delay": 0.009030913511635985
}