{
    "conflicts": 0,
    "n_scheduler_delay": 298,
    "avg_reschedule_exec_time": 0.2451079121768364,
    "avg_active_aircrafts": 10.827777777777778,
    "makespan": 32370,
    "n_uncertainty_delay": 6,
    "n_delay": 304,
    "avg_queue_size": 0.004629629629629629
}