{
    "avg_reschedule_exec_time": 0.5704046826029933,
    "avg_active_aircrafts": 11.14074074074074,
    "avg_queue_size": 0.002777777777777778,
    "n_uncertainty_delay": 0,
    "n_delay": 404,
    "conflicts": 0,
    "makespan": 32370,
    "n_scheduler_delay": 404
}