{
    "n_delay": 342,
    "avg_queue_size": 0.04814814814814815,
    "n_scheduler_delay": 342,
    "n_uncertainty_delay": 0,
    "makespan": 32370,
    "conflicts": 0,
    "avg_reschedule_exec_time": 0.49123176086780634,
    "avg_active_aircrafts": 11.786111111111111
}