{
    "conflicts": 0,
    "n_scheduler_delay": 393,
    "avg_reschedule_exec_time": 0.27624689139328995,
    "avg_active_aircrafts": 10.816666666666666,
    "makespan": 32370,
    "n_uncertainty_delay": 11,
    "n_delay": 404,
    "avg_queue_size": 0.003703703703703704
}