{
    "conflicts": 0,
    "n_scheduler_delay": 295,
    "avg_reschedule_exec_time": 0.2542843146315311,
    "avg_active_aircrafts": 10.662037037037036,
    "makespan": 32370,
    "n_uncertainty_delay": 6,
    "n_delay": 301,
    "avg_queue_size": 0.003703703703703704
}