{
    "avg_reschedule_exec_time": 0.4742487386215565,
    "avg_queue_size": 0.001851851851851852,
    "conflicts": 0,
    "n_scheduler_delay": 315,
    "avg_active_aircrafts": 10.785185185185185,
    "n_delay": 320,
    "makespan": 32370,
    "n_uncertainty_delay": 5
}