{
    "makespan": 32370,
    "avg_queue_size": 0.008333333333333333,
    "avg_reschedule_exec_time": 0.5120726574298947,
    "n_uncertainty_delay": 19,
    "conflicts": 0,
    "n_scheduler_delay": 336,
    "n_delay": 355,
    "avg_active_aircrafts": 11.226851851851851
}