{
    "n_uncertainty_delay": 3,
    "avg_queue_size": 0.003703703703703704,
    "conflicts": 0,
    "avg_reschedule_exec_time": 0.49264553868493366,
    "n_delay": 322,
    "makespan": 32370,
    "n_scheduler_delay": 319,
    "avg_active_aircrafts": 10.924074074074074
}