{
    "conflicts": 0,
    "n_scheduler_delay": 396,
    "avg_reschedule_exec_time": 0.30120488575526644,
    "avg_active_aircrafts": 11.325,
    "makespan": 32370,
    "n_uncertainty_delay": 6,
    "n_delay": 402,
    "avg_queue_size": 0.001851851851851852
}