{
    "makespan": 76530,
    "avg_queue_size": 0.0,
    "conflicts": 0,
    "avg_reschedule_exec_time": 0.5970010201827339,
    "avg_n_delay": 0.010767627648489058,
    "avg_n_uncertainty_delay": 0.003126085446335533,
    "avg_n_scheduler_delay": 0.007641542202153525
}