{
    "conflicts": 0,
    "avg_n_delay": 0.02097902097902098,
    "avg_n_scheduler_delay": 0.014685314685314685,
    "avg_reschedule_exec_time": 0.2578821081510732,
    "makespan": 76710,
    "avg_queue_size": 0.0513986013986014,
    "avg_n_uncertainty_delay": 0.006293706293706294
}