{
    "avg_queue_size": 0.004629629629629629,
    "n_uncertainty_delay": 12,
    "makespan": 32370,
    "n_scheduler_delay": 347,
    "avg_reschedule_exec_time": 0.26676981504573377,
    "conflicts": 0,
    "n_delay": 359,
    "avg_active_aircrafts": 10.969444444444445
}