{
    "n_delay": 251,
    "avg_queue_size": 0.040740740740740744,
    "n_scheduler_delay": 248,
    "n_uncertainty_delay": 3,
    "makespan": 32370,
    "conflicts": 0,
    "avg_reschedule_exec_time": 0.3895534781522529,
    "avg_active_aircrafts": 11.380555555555556
}