{
    "makespan": 76440,
    "avg_queue_size": 0.0003473428273706148,
    "conflicts": 0,
    "avg_reschedule_exec_time": 0.5836835859714384,
    "avg_n_delay": 0.011114970475859673,
    "avg_n_uncertainty_delay": 0.0,
    "avg_n_scheduler_delay": 0.011114970475859673
}