{"total_conflicts": 694, "makespan": 81930, "delay_added": 150, "avg_queue_size": 2.086860207531776, "avg_reschedule_exec_time": 0.09336306053457909}