{"total_conflicts": 583, "makespan": 81870, "delay_added": 120, "avg_queue_size": 2.2826162994053822, "avg_reschedule_exec_time": 0.07768498809592238}