{"total_conflicts": 486, "makespan": 82920, "delay_added": 90, "avg_queue_size": 2.460767168007462, "avg_reschedule_exec_time": 0.09246246791580348}