{
    "total_conflicts": 631,
    "makespan": 80460,
    "delay_added": 60,
    "avg_queue_size": 1.2929928879561632,
    "avg_reschedule_exec_time": 0.2945844062323709
}