{
    "avg_reschedule_exec_time": 0.054532572751589806,
    "avg_n_delay": 0.0017385257301808068,
    "avg_n_scheduler_delay": 0.0,
    "avg_n_uncertainty_delay": 0.0017385257301808068,
    "makespan": 75720,
    "conflicts": 0,
    "avg_queue_size": 0.0
}