{
    "avg_n_scheduler_delay": 0.008344923504867872,
    "avg_queue_size": 0.0,
    "avg_n_delay": 0.017037552155771907,
    "avg_reschedule_exec_time": 0.5906095840140637,
    "conflicts": 0,
    "avg_n_uncertainty_delay": 0.008692628650904033,
    "makespan": 76770
}