{
    "conflicts": 0,
    "makespan": 33180,
    "avg_n_delay": 0.04375,
    "avg_n_scheduler_delay": 0.029861111111111113,
    "avg_n_uncertainty_delay": 0.013888888888888888,
    "avg_queue_size": 0.005555555555555556,
    "avg_reschedule_exec_time": 0.09858100394352565
}