{
    "conflicts": 0,
    "n_scheduler_delay": 343,
    "avg_reschedule_exec_time": 1.755813060384808,
    "avg_active_aircrafts": 10.746268656716419,
    "makespan": 32130,
    "n_uncertainty_delay": 5,
    "n_delay": 348,
    "avg_queue_size": 0.0046641791044776115
}