{
    "conflicts": 0,
    "avg_n_delay": 0.016083916083916083,
    "avg_n_scheduler_delay": 0.015034965034965035,
    "avg_reschedule_exec_time": 0.24112065912972033,
    "makespan": 76650,
    "avg_queue_size": 0.025174825174825177,
    "avg_n_uncertainty_delay": 0.001048951048951049
}