{
    "conflicts": 0,
    "makespan": 33150,
    "avg_n_delay": 0.04583333333333333,
    "avg_n_scheduler_delay": 0.0375,
    "avg_n_uncertainty_delay": 0.008333333333333333,
    "avg_queue_size": 0.0006944444444444445,
    "avg_reschedule_exec_time": 0.05401450080127769
}