{
    "makespan": 32370,
    "avg_queue_size": 0.001851851851851852,
    "avg_reschedule_exec_time": 0.5049569640048714,
    "n_uncertainty_delay": 4,
    "conflicts": 0,
    "n_scheduler_delay": 341,
    "n_delay": 345,
    "avg_active_aircrafts": 10.992592592592592
}