{
    "n_scheduler_delay": 336,
    "makespan": 32370,
    "avg_reschedule_exec_time": 0.4737801784692809,
    "n_delay": 360,
    "n_uncertainty_delay": 24,
    "avg_queue_size": 0.002777777777777778,
    "conflicts": 0,
    "avg_active_aircrafts": 10.75462962962963
}