{
    "conflicts": 0,
    "avg_n_delay": 0.01048951048951049,
    "avg_n_scheduler_delay": 0.006993006993006993,
    "avg_reschedule_exec_time": 0.21985462685705912,
    "makespan": 76650,
    "avg_queue_size": 0.03986013986013986,
    "avg_n_uncertainty_delay": 0.0034965034965034965
}