{
    "conflicts": 0,
    "makespan": 33240,
    "avg_n_delay": 0.035416666666666666,
    "avg_n_scheduler_delay": 0.03333333333333333,
    "avg_n_uncertainty_delay": 0.0020833333333333333,
    "avg_queue_size": 0.0006944444444444445,
    "avg_reschedule_exec_time": 0.05361374971926378
}