{
    "avg_n_delay": 0.024305555555555552,
    "avg_queue_size": 0.002777777777777778,
    "makespan": 33240,
    "avg_n_scheduler_delay": 0.018055555555555554,
    "avg_n_uncertainty_delay": 0.00625,
    "conflicts": 0,
    "avg_reschedule_exec_time": 0.05989757541832066
}