{
    "conflicts": 0,
    "n_scheduler_delay": 317,
    "avg_reschedule_exec_time": 0.5398098276980097,
    "avg_active_aircrafts": 10.79351851851852,
    "makespan": 32370,
    "n_uncertainty_delay": 10,
    "n_delay": 327,
    "avg_queue_size": 0.002777777777777778
}