{
    "n_uncertainty_delay": 0,
    "makespan": 32370,
    "n_delay": 368,
    "avg_queue_size": 0.001851851851851852,
    "avg_active_aircrafts": 10.733333333333333,
    "n_scheduler_delay": 368,
    "conflicts": 0,
    "avg_reschedule_exec_time": 0.2268719368228435
}