{
    "makespan": 32370,
    "avg_queue_size": 0.003703703703703704,
    "avg_reschedule_exec_time": 0.560005512902903,
    "n_uncertainty_delay": 12,
    "conflicts": 0,
    "n_scheduler_delay": 408,
    "n_delay": 420,
    "avg_active_aircrafts": 10.972222222222221
}