{
    "avg_n_delay": 0.010831586303284416,
    "avg_n_scheduler_delay": 0.005939902166317261,
    "avg_queue_size": 0.0296995108315863,
    "avg_n_uncertainty_delay": 0.004891684136967156,
    "conflicts": 0,
    "avg_reschedule_exec_time": 0.19203264200234715,
    "makespan": 76770
}