{
    "avg_n_delay": 0.03611111111111111,
    "avg_queue_size": 0.001388888888888889,
    "makespan": 33330,
    "avg_n_scheduler_delay": 0.02847222222222222,
    "avg_n_uncertainty_delay": 0.007638888888888889,
    "conflicts": 0,
    "avg_reschedule_exec_time": 0.09802158828565337
}