{
    "avg_n_delay": 0.012937062937062937,
    "avg_n_scheduler_delay": 0.00909090909090909,
    "avg_queue_size": 0.0493006993006993,
    "avg_n_uncertainty_delay": 0.0038461538461538464,
    "conflicts": 0,
    "avg_reschedule_exec_time": 0.23837241276290067,
    "makespan": 77010
}