{
    "conflicts": 0,
    "n_scheduler_delay": 370,
    "avg_reschedule_exec_time": 0.2725859683608301,
    "avg_active_aircrafts": 11.096296296296297,
    "makespan": 32370,
    "n_uncertainty_delay": 2,
    "n_delay": 372,
    "avg_queue_size": 0.001851851851851852
}