{
    "n_delay": 392,
    "n_scheduler_delay": 390,
    "avg_active_aircrafts": 10.94537037037037,
    "n_uncertainty_delay": 2,
    "makespan": 32370,
    "avg_reschedule_exec_time": 0.5104060306105502,
    "avg_queue_size": 0.001851851851851852,
    "conflicts": 0
}