{
    "n_uncertainty_delay": 0,
    "makespan": 32370,
    "n_delay": 432,
    "avg_queue_size": 0.007407407407407408,
    "avg_active_aircrafts": 11.578703703703704,
    "n_scheduler_delay": 432,
    "conflicts": 0,
    "avg_reschedule_exec_time": 0.36231865422845105
}