{
    "avg_queue_size": 0.002777777777777778,
    "n_uncertainty_delay": 6,
    "makespan": 32370,
    "n_scheduler_delay": 393,
    "avg_reschedule_exec_time": 0.16622478223245085,
    "conflicts": 0,
    "n_delay": 399,
    "avg_active_aircrafts": 11.271296296296295
}