{
    "makespan": 32370,
    "avg_queue_size": 0.001851851851851852,
    "avg_reschedule_exec_time": 0.46746711952741754,
    "n_uncertainty_delay": 10,
    "conflicts": 0,
    "n_scheduler_delay": 330,
    "n_delay": 340,
    "avg_active_aircrafts": 10.780555555555555
}