{
    "n_scheduler_delay": 351,
    "n_uncertainty_delay": 21,
    "makespan": 32370,
    "conflicts": 0,
    "avg_queue_size": 0.006481481481481481,
    "avg_reschedule_exec_time": 0.55248432824778,
    "n_delay": 372,
    "avg_active_aircrafts": 10.947222222222223
}