{
    "n_delay": 335,
    "avg_queue_size": 0.09074074074074075,
    "n_scheduler_delay": 333,
    "n_uncertainty_delay": 2,
    "makespan": 32370,
    "conflicts": 0,
    "avg_reschedule_exec_time": 0.47029948789019915,
    "avg_active_aircrafts": 11.803703703703704
}