{
    "conflicts": 0,
    "n_scheduler_delay": 312,
    "avg_reschedule_exec_time": 0.5398712198161546,
    "avg_active_aircrafts": 10.648148148148149,
    "makespan": 32370,
    "n_uncertainty_delay": 5,
    "n_delay": 317,
    "avg_queue_size": 0.004629629629629629
}