{
    "conflicts": 0,
    "makespan": 33210,
    "avg_n_delay": 0.04375,
    "avg_n_scheduler_delay": 0.03194444444444444,
    "avg_n_uncertainty_delay": 0.011805555555555555,
    "avg_queue_size": 0.0020833333333333333,
    "avg_reschedule_exec_time": 0.09611557585947361
}