{
    "makespan": 76650,
    "avg_queue_size": 0.0,
    "conflicts": 0,
    "avg_reschedule_exec_time": 0.5852654619793498,
    "avg_n_delay": 0.012504341785342132,
    "avg_n_uncertainty_delay": 0.0013893713094824591,
    "avg_n_scheduler_delay": 0.011114970475859673
}