{
    "n_scheduler_delay": 372,
    "makespan": 32370,
    "avg_reschedule_exec_time": 0.5108917325042015,
    "n_delay": 395,
    "n_uncertainty_delay": 23,
    "avg_queue_size": 0.005555555555555556,
    "conflicts": 0,
    "avg_active_aircrafts": 10.975925925925926
}