{
    "makespan": 76560,
    "avg_reschedule_exec_time": 0.08519699848551482,
    "avg_queue_size": 0.0,
    "avg_n_uncertainty_delay": 0.0010420284821118443,
    "avg_n_scheduler_delay": 0.009725599166377214,
    "avg_n_delay": 0.010767627648489058,
    "conflicts": 0
}