{
    "avg_n_uncertainty_delay": 0.0010420284821118443,
    "makespan": 76500,
    "avg_n_delay": 0.010420284821118444,
    "avg_reschedule_exec_time": 0.34694682673665694,
    "conflicts": 0,
    "avg_queue_size": 0.0,
    "avg_n_scheduler_delay": 0.0093782563390066
}