{
    "makespan": 32370,
    "avg_queue_size": 0.004629629629629629,
    "avg_reschedule_exec_time": 0.46397847685703014,
    "n_uncertainty_delay": 14,
    "conflicts": 0,
    "n_scheduler_delay": 304,
    "n_delay": 318,
    "avg_active_aircrafts": 10.814814814814815
}