{
    "n_uncertainty_delay": 0,
    "makespan": 32370,
    "n_delay": 353,
    "avg_queue_size": 0.000925925925925926,
    "avg_active_aircrafts": 10.760185185185184,
    "n_scheduler_delay": 353,
    "conflicts": 0,
    "avg_reschedule_exec_time": 0.4133020555219686
}