{
    "avg_n_scheduler_delay": 0.0076495132127955496,
    "avg_queue_size": 0.0,
    "avg_n_delay": 0.011126564673157164,
    "avg_reschedule_exec_time": 0.5935602214675095,
    "conflicts": 0,
    "avg_n_uncertainty_delay": 0.0034770514603616135,
    "makespan": 76590
}