{
    "avg_n_scheduler_delay": 0.01043115438108484,
    "avg_queue_size": 0.0,
    "avg_n_delay": 0.014951321279554938,
    "avg_reschedule_exec_time": 0.5991047225622745,
    "conflicts": 0,
    "avg_n_uncertainty_delay": 0.004520166898470098,
    "makespan": 76770
}