{
    "conflicts": 0,
    "avg_n_delay": 0.016433566433566433,
    "avg_n_scheduler_delay": 0.014335664335664336,
    "avg_reschedule_exec_time": 0.23375455594398606,
    "makespan": 76500,
    "avg_queue_size": 0.012587412587412588,
    "avg_n_uncertainty_delay": 0.002097902097902098
}