{"total_conflicts": 424, "makespan": 80970, "delay_added": 90, "avg_queue_size": 2.3854494578524075, "avg_reschedule_exec_time": 0.08368942344072954}