{
    "total_conflicts": 548,
    "makespan": 79860,
    "delay_added": 180,
    "avg_queue_size": 1.3139792468228957,
    "avg_reschedule_exec_time": 0.27181618653454825
}