{
    "total_conflicts": 717,
    "makespan": 79380,
    "delay_added": 90,
    "avg_queue_size": 0.5507753293692422,
    "avg_reschedule_exec_time": 0.2978022029098955
}