{
    "avg_n_delay": 0.02415966386554622,
    "avg_n_scheduler_delay": 0.02030812324929972,
    "avg_queue_size": 0.07072829131652661,
    "avg_n_uncertainty_delay": 0.003851540616246499,
    "conflicts": 0,
    "avg_reschedule_exec_time": 0.28437844575461696,
    "makespan": 76710
}