{
    "avg_n_delay": 0.031578947368421054,
    "avg_n_scheduler_delay": 0.028771929824561403,
    "avg_queue_size": 0.11543859649122808,
    "avg_n_uncertainty_delay": 0.002807017543859649,
    "conflicts": 0,
    "avg_reschedule_exec_time": 0.43241731917604487,
    "makespan": 77580
}