{
    "n_delay": 379,
    "n_scheduler_delay": 378,
    "avg_active_aircrafts": 11.45648148148148,
    "n_uncertainty_delay": 1,
    "makespan": 32370,
    "avg_reschedule_exec_time": 0.5610697602116784,
    "avg_queue_size": 0.004629629629629629,
    "conflicts": 0
}