{
    "makespan": 76230,
    "avg_queue_size": 0.0,
    "conflicts": 0,
    "avg_reschedule_exec_time": 0.6213921345848131,
    "avg_n_delay": 0.010767627648489058,
    "avg_n_uncertainty_delay": 0.0010420284821118443,
    "avg_n_scheduler_delay": 0.009725599166377214
}