{
    "n_delay": 370,
    "n_scheduler_delay": 347,
    "avg_active_aircrafts": 10.967592592592593,
    "n_uncertainty_delay": 23,
    "makespan": 32370,
    "avg_reschedule_exec_time": 0.26430929317030794,
    "avg_queue_size": 0.003703703703703704,
    "conflicts": 0
}