{
    "conflicts": 0,
    "avg_n_delay": 0.012937062937062937,
    "avg_n_scheduler_delay": 0.011888111888111888,
    "avg_reschedule_exec_time": 0.23888330392434565,
    "makespan": 76680,
    "avg_queue_size": 0.045454545454545456,
    "avg_n_uncertainty_delay": 0.001048951048951049
}