{
    "n_scheduler_delay": 317,
    "n_uncertainty_delay": 3,
    "avg_active_aircrafts": 11.785185185185185,
    "n_delay": 320,
    "avg_reschedule_exec_time": 0.4701621432637059,
    "conflicts": 0,
    "makespan": 32370,
    "avg_queue_size": 0.10462962962962963
}