{
    "avg_n_delay": 0.01602787456445993,
    "avg_n_scheduler_delay": 0.010452961672473868,
    "avg_queue_size": 0.021602787456445994,
    "avg_n_uncertainty_delay": 0.005574912891986063,
    "conflicts": 0,
    "avg_reschedule_exec_time": 0.17887911258959302,
    "makespan": 76440
}