{
    "conflicts": 0,
    "n_scheduler_delay": 340,
    "avg_reschedule_exec_time": 2.03549149885016,
    "avg_active_aircrafts": 11.170370370370371,
    "makespan": 32370,
    "n_uncertainty_delay": 9,
    "n_delay": 349,
    "avg_queue_size": 0.000925925925925926
}