{
    "conflicts": 0,
    "makespan": 33450,
    "avg_n_delay": 0.03680555555555555,
    "avg_n_scheduler_delay": 0.01875,
    "avg_n_uncertainty_delay": 0.018055555555555554,
    "avg_queue_size": 0.004166666666666667,
    "avg_reschedule_exec_time": 0.09232459758981688
}