{
    "n_uncertainty_delay": 0,
    "makespan": 32370,
    "n_delay": 361,
    "avg_queue_size": 0.004629629629629629,
    "avg_active_aircrafts": 11.040740740740741,
    "n_scheduler_delay": 361,
    "conflicts": 0,
    "avg_reschedule_exec_time": 0.36962500787379016
}