{
    "conflicts": 0,
    "avg_n_delay": 0.00944055944055944,
    "avg_n_scheduler_delay": 0.007692307692307693,
    "avg_reschedule_exec_time": 0.21299079774131238,
    "makespan": 76770,
    "avg_queue_size": 0.038461538461538464,
    "avg_n_uncertainty_delay": 0.0017482517482517483
}