{
    "makespan": 32370,
    "avg_queue_size": 0.004629629629629629,
    "avg_reschedule_exec_time": 0.5919031065563823,
    "n_uncertainty_delay": 26,
    "conflicts": 0,
    "n_scheduler_delay": 395,
    "n_delay": 421,
    "avg_active_aircrafts": 11.199074074074074
}