{
    "n_scheduler_delay": 394,
    "makespan": 32370,
    "avg_reschedule_exec_time": 0.527342933832213,
    "n_delay": 394,
    "n_uncertainty_delay": 0,
    "avg_queue_size": 0.003703703703703704,
    "conflicts": 0,
    "avg_active_aircrafts": 11.232407407407408
}