{
    "n_scheduler_delay": 335,
    "n_uncertainty_delay": 28,
    "makespan": 32370,
    "conflicts": 0,
    "avg_queue_size": 0.004629629629629629,
    "avg_reschedule_exec_time": 0.49667960654857546,
    "n_delay": 363,
    "avg_active_aircrafts": 10.96574074074074
}