{
    "avg_n_scheduler_delay": 0.008692628650904033,
    "avg_queue_size": 0.0,
    "avg_n_delay": 0.01877607788595271,
    "avg_reschedule_exec_time": 0.5910604023335704,
    "conflicts": 0,
    "avg_n_uncertainty_delay": 0.010083449235048678,
    "makespan": 76410
}