{
    "n_scheduler_delay": 343,
    "makespan": 32370,
    "avg_reschedule_exec_time": 0.4892602787461392,
    "n_delay": 343,
    "n_uncertainty_delay": 0,
    "avg_queue_size": 0.005555555555555556,
    "conflicts": 0,
    "avg_active_aircrafts": 11.208333333333334
}