{
    "conflicts": 0,
    "n_scheduler_delay": 321,
    "avg_reschedule_exec_time": 0.2876797089550181,
    "avg_active_aircrafts": 11.15462962962963,
    "makespan": 32370,
    "n_uncertainty_delay": 14,
    "n_delay": 335,
    "avg_queue_size": 0.004629629629629629
}