{
    "conflicts": 0,
    "makespan": 33480,
    "avg_n_delay": 0.03472222222222222,
    "avg_n_scheduler_delay": 0.03194444444444444,
    "avg_n_uncertainty_delay": 0.002777777777777778,
    "avg_queue_size": 0.001388888888888889,
    "avg_reschedule_exec_time": 0.05408189688552389
}