{
    "makespan": 32370,
    "avg_queue_size": 0.006481481481481481,
    "avg_reschedule_exec_time": 0.48868322372436523,
    "n_uncertainty_delay": 17,
    "conflicts": 0,
    "n_scheduler_delay": 310,
    "n_delay": 327,
    "avg_active_aircrafts": 10.781481481481482
}