{
    "avg_n_delay": 0.014634146341463414,
    "avg_n_scheduler_delay": 0.011149825783972125,
    "avg_queue_size": 0.005923344947735192,
    "avg_n_uncertainty_delay": 0.003484320557491289,
    "conflicts": 0,
    "avg_reschedule_exec_time": 0.14790057385718072,
    "makespan": 76770
}