{
    "avg_n_delay": 0.017421602787456445,
    "avg_n_scheduler_delay": 0.012543554006968641,
    "avg_queue_size": 0.016724738675958188,
    "avg_n_uncertainty_delay": 0.004878048780487805,
    "conflicts": 0,
    "avg_reschedule_exec_time": 0.17697447421504,
    "makespan": 76380
}