{
    "n_delay": 408,
    "n_scheduler_delay": 397,
    "avg_active_aircrafts": 10.930555555555555,
    "n_uncertainty_delay": 11,
    "makespan": 32370,
    "avg_reschedule_exec_time": 0.5345759114553762,
    "avg_queue_size": 0.002777777777777778,
    "conflicts": 0
}