{
    "conflicts": 0,
    "avg_n_delay": 0.016083916083916086,
    "avg_n_scheduler_delay": 0.01048951048951049,
    "avg_reschedule_exec_time": 0.22648543203380747,
    "makespan": 76770,
    "avg_queue_size": 0.015734265734265736,
    "avg_n_uncertainty_delay": 0.005594405594405594
}