{
    "avg_n_delay": 0.017037552155771907,
    "avg_n_scheduler_delay": 0.010778859527121001,
    "avg_queue_size": 0.0,
    "avg_n_uncertainty_delay": 0.006258692628650904,
    "conflicts": 0,
    "avg_reschedule_exec_time": 0.09851352252003874,
    "makespan": 76350
}