{
    "makespan": 32370,
    "avg_queue_size": 0.002777777777777778,
    "avg_reschedule_exec_time": 0.5398431201313817,
    "n_uncertainty_delay": 25,
    "conflicts": 0,
    "n_scheduler_delay": 352,
    "n_delay": 377,
    "avg_active_aircrafts": 10.852777777777778
}