{
    "avg_n_delay": 0.026388888888888885,
    "avg_queue_size": 0.00625,
    "makespan": 33270,
    "avg_n_scheduler_delay": 0.022916666666666665,
    "avg_n_uncertainty_delay": 0.003472222222222222,
    "conflicts": 0,
    "avg_reschedule_exec_time": 0.10950392559482462
}