{
    "makespan": 32370,
    "avg_queue_size": 0.000925925925925926,
    "avg_reschedule_exec_time": 0.5325662712718165,
    "n_uncertainty_delay": 0,
    "conflicts": 0,
    "n_scheduler_delay": 361,
    "n_delay": 361,
    "avg_active_aircrafts": 11.037962962962963
}