{
    "conflicts": 0,
    "makespan": 33300,
    "avg_n_delay": 0.04652777777777778,
    "avg_n_scheduler_delay": 0.02361111111111111,
    "avg_n_uncertainty_delay": 0.022916666666666665,
    "avg_queue_size": 0.007638888888888889,
    "avg_reschedule_exec_time": 0.0915265050107058
}