{
    "conflicts": 0,
    "avg_n_delay": 0.012937062937062937,
    "avg_n_scheduler_delay": 0.012937062937062937,
    "avg_reschedule_exec_time": 0.2596329517767463,
    "makespan": 76530,
    "avg_queue_size": 0.05384615384615385,
    "avg_n_uncertainty_delay": 0.0
}