{
    "makespan": 76200,
    "avg_reschedule_exec_time": 0.37119171645980026,
    "avg_n_delay": 0.009040333796940195,
    "avg_queue_size": 0.0,
    "avg_n_uncertainty_delay": 0.002086230876216968,
    "avg_n_scheduler_delay": 0.006954102920723227,
    "conflicts": 0
}