{
    "avg_n_delay": 0.012169680111265648,
    "conflicts": 0,
    "makespan": 76320,
    "avg_n_uncertainty_delay": 0.0017385257301808068,
    "avg_reschedule_exec_time": 0.3750469140023574,
    "avg_n_scheduler_delay": 0.01043115438108484,
    "avg_queue_size": 0.0
}