{
    "makespan": 32370,
    "avg_queue_size": 0.007407407407407408,
    "avg_reschedule_exec_time": 0.5223671491755996,
    "n_uncertainty_delay": 8,
    "conflicts": 0,
    "n_scheduler_delay": 357,
    "n_delay": 365,
    "avg_active_aircrafts": 11.068518518518518
}