{
    "conflicts": 0,
    "makespan": 33240,
    "avg_n_delay": 0.03958333333333333,
    "avg_n_scheduler_delay": 0.03194444444444444,
    "avg_n_uncertainty_delay": 0.007638888888888889,
    "avg_queue_size": 0.0,
    "avg_reschedule_exec_time": 0.05184977765202854
}