{
    "conflicts": 0,
    "makespan": 76680,
    "avg_queue_size": 0.6063157894736843,
    "avg_reschedule_exec_time": 0.2124435800187131,
    "avg_n_delay": 0.6692913385826772,
    "avg_n_scheduler_delay": 0.6692913385826772,
    "avg_n_uncertainty_delay": 0.0
}