{
    "conflicts": 235,
    "makespan": 76770,
    "delay_added": 2640,
    "avg_queue_size": 0.15017543859649124,
    "avg_reschedule_exec_time": 1.0115517200307642
}