{
    "avg_n_uncertainty_delay": 0.010083449235048678,
    "avg_reschedule_exec_time": 0.3692243603942786,
    "conflicts": 0,
    "avg_n_delay": 0.01773296244784423,
    "avg_queue_size": 0.0,
    "avg_n_scheduler_delay": 0.0076495132127955496,
    "makespan": 76290
}