{
    "n_uncertainty_delay": 0,
    "makespan": 32370,
    "n_delay": 389,
    "avg_queue_size": 0.008333333333333333,
    "avg_active_aircrafts": 11.00925925925926,
    "n_scheduler_delay": 389,
    "conflicts": 0,
    "avg_reschedule_exec_time": 0.48894167566831226
}