{
    "conflicts": 0,
    "n_scheduler_delay": 366,
    "avg_reschedule_exec_time": 0.64566401795968,
    "avg_active_aircrafts": 10.983333333333333,
    "makespan": 32370,
    "n_uncertainty_delay": 9,
    "n_delay": 375,
    "avg_queue_size": 0.007407407407407408
}