{
    "conflicts": 343,
    "makespan": 76860,
    "delay_added": 2130,
    "avg_queue_size": 0.04125874125874126,
    "avg_reschedule_exec_time": 0.6836664340865444,
    "avg_n_delay": 2.1853281853281854,
    "avg_n_scheduler_delay": 0.06563706563706563,
    "avg_n_uncertainty_delay": 2.1196911196911197
}