{
    "conflicts": 0,
    "makespan": 33240,
    "avg_n_delay": 0.027777777777777776,
    "avg_n_scheduler_delay": 0.025694444444444443,
    "avg_n_uncertainty_delay": 0.0020833333333333333,
    "avg_queue_size": 0.0,
    "avg_reschedule_exec_time": 0.05301674561248184
}