{
    "avg_n_delay": 0.0076815642458100564,
    "avg_n_scheduler_delay": 0.004888268156424581,
    "avg_queue_size": 0.020251396648044692,
    "avg_n_uncertainty_delay": 0.002793296089385475,
    "conflicts": 0,
    "avg_reschedule_exec_time": 0.1967759011836534,
    "makespan": 77010
}