{
    "conflicts": 0,
    "n_scheduler_delay": 384,
    "avg_reschedule_exec_time": 0.29493871336744093,
    "avg_active_aircrafts": 11.35,
    "makespan": 32370,
    "n_uncertainty_delay": 5,
    "n_delay": 389,
    "avg_queue_size": 0.004629629629629629
}