{
    "avg_reschedule_exec_time": 0.07287966534029369,
    "avg_queue_size": 0.0,
    "avg_n_scheduler_delay": 0.027083333333333334,
    "avg_n_uncertainty_delay": 0.004861111111111111,
    "conflicts": 0,
    "avg_n_delay": 0.03194444444444444,
    "makespan": 33240
}