{
    "conflicts": 0,
    "avg_n_delay": 0.01048951048951049,
    "avg_n_scheduler_delay": 0.00944055944055944,
    "avg_reschedule_exec_time": 0.24359335194171314,
    "makespan": 76440,
    "avg_queue_size": 0.05804195804195804,
    "avg_n_uncertainty_delay": 0.001048951048951049
}