{
    "n_scheduler_delay": 328,
    "n_uncertainty_delay": 0,
    "avg_active_aircrafts": 11.746296296296297,
    "n_delay": 328,
    "avg_reschedule_exec_time": 0.4624733126440714,
    "conflicts": 0,
    "makespan": 32370,
    "avg_queue_size": 0.09166666666666666
}