{
    "avg_reschedule_exec_time": 0.5766539551490961,
    "avg_queue_size": 0.004629629629629629,
    "conflicts": 0,
    "n_scheduler_delay": 396,
    "avg_active_aircrafts": 11.01574074074074,
    "n_delay": 396,
    "makespan": 32370,
    "n_uncertainty_delay": 0
}