{
    "n_scheduler_delay": 328,
    "n_uncertainty_delay": 0,
    "makespan": 32370,
    "conflicts": 0,
    "avg_queue_size": 0.001851851851851852,
    "avg_reschedule_exec_time": 0.5036299339560575,
    "n_delay": 328,
    "avg_active_aircrafts": 10.914814814814815
}