{
    "n_delay": 294,
    "conflicts": 0,
    "n_scheduler_delay": 294,
    "avg_reschedule_exec_time": 0.25311897189118143,
    "avg_active_aircrafts": 11.823148148148148,
    "avg_queue_size": 0.06018518518518518,
    "n_uncertainty_delay": 0,
    "makespan": 32370
}