{
    "makespan": 32370,
    "avg_queue_size": 0.003703703703703704,
    "avg_reschedule_exec_time": 0.5562096751013468,
    "n_uncertainty_delay": 0,
    "conflicts": 0,
    "n_scheduler_delay": 371,
    "n_delay": 371,
    "avg_active_aircrafts": 10.972222222222221
}