{
    "avg_active_aircrafts": 10.727777777777778,
    "avg_queue_size": 0.001851851851851852,
    "n_scheduler_delay": 403,
    "n_delay": 403,
    "conflicts": 0,
    "makespan": 32370,
    "n_uncertainty_delay": 0,
    "avg_reschedule_exec_time": 0.28618275065754734
}