{
    "n_delay": 330,
    "avg_queue_size": 0.09907407407407408,
    "n_scheduler_delay": 328,
    "n_uncertainty_delay": 2,
    "makespan": 32370,
    "conflicts": 0,
    "avg_reschedule_exec_time": 0.4797154615091723,
    "avg_active_aircrafts": 11.812962962962963
}