{
    "n_uncertainty_delay": 18,
    "avg_queue_size": 0.000925925925925926,
    "conflicts": 0,
    "avg_reschedule_exec_time": 0.2996531963348389,
    "n_delay": 332,
    "makespan": 32370,
    "n_scheduler_delay": 314,
    "avg_active_aircrafts": 10.721296296296297
}