{
    "conflicts": 0,
    "makespan": 76230,
    "avg_queue_size": 0.0,
    "avg_reschedule_exec_time": 0.39200770024801695,
    "avg_n_delay": 0.008692628650904033,
    "avg_n_scheduler_delay": 0.0076495132127955496,
    "avg_n_uncertainty_delay": 0.001043115438108484
}