{
    "avg_n_delay": 0.009735744089012517,
    "conflicts": 0,
    "makespan": 76230,
    "avg_n_uncertainty_delay": 0.0,
    "avg_reschedule_exec_time": 0.3651272158104729,
    "avg_n_scheduler_delay": 0.009735744089012517,
    "avg_queue_size": 0.0
}