{
    "makespan": 76380,
    "avg_reschedule_exec_time": 0.3797918325679216,
    "avg_n_delay": 0.009388038942976356,
    "avg_queue_size": 0.0,
    "avg_n_uncertainty_delay": 0.0003477051460361613,
    "avg_n_scheduler_delay": 0.009040333796940195,
    "conflicts": 0
}