{
    "conflicts": 0,
    "avg_n_delay": 0.012237762237762238,
    "avg_n_scheduler_delay": 0.008391608391608392,
    "avg_reschedule_exec_time": 0.22992174390336156,
    "makespan": 76770,
    "avg_queue_size": 0.056293706293706294,
    "avg_n_uncertainty_delay": 0.0038461538461538464
}