{
    "makespan": 32370,
    "avg_queue_size": 0.001851851851851852,
    "avg_reschedule_exec_time": 0.47570996395377224,
    "n_uncertainty_delay": 0,
    "conflicts": 0,
    "n_scheduler_delay": 331,
    "n_delay": 331,
    "avg_active_aircrafts": 10.84074074074074
}