{
    "makespan": 76200,
    "avg_queue_size": 0.0,
    "conflicts": 0,
    "avg_reschedule_exec_time": 0.587246685743829,
    "avg_n_delay": 0.011462313303230288,
    "avg_n_uncertainty_delay": 0.0,
    "avg_n_scheduler_delay": 0.011462313303230288
}