{
    "makespan": 76380,
    "avg_reschedule_exec_time": 0.08941831979758215,
    "avg_queue_size": 0.0,
    "avg_n_uncertainty_delay": 0.0010420284821118443,
    "avg_n_scheduler_delay": 0.008336227856894755,
    "avg_n_delay": 0.009378256339006599,
    "conflicts": 0
}