{
    "n_delay": 341,
    "avg_queue_size": 0.08611111111111111,
    "n_scheduler_delay": 338,
    "n_uncertainty_delay": 3,
    "makespan": 32370,
    "conflicts": 0,
    "avg_reschedule_exec_time": 0.5017068119936211,
    "avg_active_aircrafts": 12.082407407407407
}