{
    "n_delay": 249,
    "conflicts": 0,
    "n_scheduler_delay": 248,
    "avg_reschedule_exec_time": 0.23145750178847202,
    "avg_active_aircrafts": 11.577777777777778,
    "avg_queue_size": 0.09259259259259259,
    "n_uncertainty_delay": 1,
    "makespan": 32370
}