{
    "avg_reschedule_exec_time": 0.2912999108780262,
    "avg_active_aircrafts": 10.88425925925926,
    "avg_queue_size": 0.002777777777777778,
    "n_uncertainty_delay": 7,
    "n_delay": 373,
    "conflicts": 0,
    "makespan": 32370,
    "n_scheduler_delay": 366
}