{
    "n_uncertainty_delay": 12,
    "avg_queue_size": 0.003703703703703704,
    "conflicts": 0,
    "avg_reschedule_exec_time": 0.31384612793146177,
    "n_delay": 375,
    "makespan": 32370,
    "n_scheduler_delay": 363,
    "avg_active_aircrafts": 10.933333333333334
}