{
    "makespan": 32370,
    "avg_queue_size": 0.006481481481481481,
    "avg_reschedule_exec_time": 0.438745099444722,
    "n_uncertainty_delay": 4,
    "conflicts": 0,
    "n_scheduler_delay": 264,
    "n_delay": 268,
    "avg_active_aircrafts": 11.051851851851852
}