{
    "n_scheduler_delay": 276,
    "n_uncertainty_delay": 7,
    "avg_active_aircrafts": 11.533333333333333,
    "n_delay": 283,
    "avg_reschedule_exec_time": 0.41146249660225803,
    "conflicts": 0,
    "makespan": 32370,
    "avg_queue_size": 0.07592592592592592
}