{
    "avg_active_aircrafts": 10.91851851851852,
    "avg_queue_size": 0.002777777777777778,
    "n_scheduler_delay": 267,
    "n_delay": 272,
    "conflicts": 0,
    "makespan": 32370,
    "n_uncertainty_delay": 5,
    "avg_reschedule_exec_time": 0.22666144481925077
}