{
    "avg_reschedule_exec_time": 0.295679916337479,
    "avg_active_aircrafts": 10.936111111111112,
    "avg_queue_size": 0.003703703703703704,
    "n_uncertainty_delay": 2,
    "n_delay": 426,
    "conflicts": 0,
    "makespan": 32370,
    "n_scheduler_delay": 424
}