{
    "n_uncertainty_delay": 21,
    "avg_queue_size": 0.004629629629629629,
    "conflicts": 0,
    "avg_reschedule_exec_time": 0.5452443644057873,
    "n_delay": 393,
    "makespan": 32370,
    "n_scheduler_delay": 372,
    "avg_active_aircrafts": 10.932407407407407
}