{
    "avg_n_uncertainty_delay": 0.0024339360222531293,
    "avg_reschedule_exec_time": 0.3694566557998445,
    "conflicts": 0,
    "avg_n_delay": 0.013560500695410291,
    "avg_queue_size": 0.0,
    "avg_n_scheduler_delay": 0.011126564673157162,
    "makespan": 76590
}