{
    "avg_n_scheduler_delay": 0.007301808066759388,
    "avg_queue_size": 0.0,
    "avg_n_delay": 0.009040333796940195,
    "avg_reschedule_exec_time": 0.5976664814112246,
    "conflicts": 0,
    "avg_n_uncertainty_delay": 0.0017385257301808068,
    "makespan": 76170
}