{
    "conflicts": 0,
    "avg_n_delay": 0.010139860139860141,
    "avg_n_scheduler_delay": 0.008741258741258742,
    "avg_reschedule_exec_time": 0.21664754605629075,
    "makespan": 77280,
    "avg_queue_size": 0.026223776223776224,
    "avg_n_uncertainty_delay": 0.0013986013986013986
}