{
    "conflicts": 0,
    "makespan": 33510,
    "avg_n_delay": 0.03819444444444444,
    "avg_n_scheduler_delay": 0.030555555555555555,
    "avg_n_uncertainty_delay": 0.007638888888888889,
    "avg_queue_size": 0.003472222222222222,
    "avg_reschedule_exec_time": 0.054323503898046806
}