{
    "makespan": 32370,
    "avg_queue_size": 0.006481481481481481,
    "avg_reschedule_exec_time": 0.5081336232118828,
    "n_uncertainty_delay": 5,
    "conflicts": 0,
    "n_scheduler_delay": 375,
    "n_delay": 380,
    "avg_active_aircrafts": 10.856481481481481
}