{
    "n_scheduler_delay": 357,
    "makespan": 32370,
    "avg_reschedule_exec_time": 0.4805905674779138,
    "n_delay": 363,
    "n_uncertainty_delay": 6,
    "avg_queue_size": 0.002777777777777778,
    "conflicts": 0,
    "avg_active_aircrafts": 10.858333333333333
}