{
    "conflicts": 41,
    "makespan": 76710,
    "avg_queue_size": 0.11964912280701755,
    "avg_reschedule_exec_time": 0.8646718111444027,
    "avg_n_delay": 0.027777777777777776,
    "avg_n_scheduler_delay": 0.01984126984126984,
    "avg_n_uncertainty_delay": 0.007936507936507936
}