{
    "conflicts": 0,
    "makespan": 33450,
    "avg_n_delay": 0.030555555555555558,
    "avg_n_scheduler_delay": 0.024305555555555556,
    "avg_n_uncertainty_delay": 0.00625,
    "avg_queue_size": 0.001388888888888889,
    "avg_reschedule_exec_time": 0.05208216072125023
}