{
    "makespan": 76320,
    "avg_reschedule_exec_time": 0.10010361737767247,
    "avg_queue_size": 0.0,
    "avg_n_uncertainty_delay": 0.0,
    "avg_n_scheduler_delay": 0.00798888502952414,
    "avg_n_delay": 0.00798888502952414,
    "conflicts": 0
}