{
    "n_uncertainty_delay": 9,
    "avg_queue_size": 0.003703703703703704,
    "conflicts": 0,
    "avg_reschedule_exec_time": 0.33779041489889455,
    "n_delay": 389,
    "makespan": 32370,
    "n_scheduler_delay": 380,
    "avg_active_aircrafts": 11.185185185185185
}