{
    "avg_reschedule_exec_time": 0.26934531012246776,
    "avg_active_aircrafts": 10.86574074074074,
    "avg_queue_size": 0.004629629629629629,
    "n_uncertainty_delay": 0,
    "n_delay": 335,
    "conflicts": 0,
    "makespan": 32370,
    "n_scheduler_delay": 335
}