{
    "conflicts": 0,
    "n_scheduler_delay": 271,
    "avg_reschedule_exec_time": 0.22438806461270533,
    "avg_active_aircrafts": 10.578703703703704,
    "makespan": 32370,
    "n_uncertainty_delay": 9,
    "n_delay": 280,
    "avg_queue_size": 0.000925925925925926
}