{
    "makespan": 32370,
    "avg_queue_size": 0.005555555555555556,
    "avg_reschedule_exec_time": 0.499022061325783,
    "n_uncertainty_delay": 15,
    "conflicts": 0,
    "n_scheduler_delay": 342,
    "n_delay": 357,
    "avg_active_aircrafts": 10.766666666666667
}