{
    "avg_reschedule_exec_time": 0.10599523002390741,
    "avg_n_delay": 0.011821974965229486,
    "avg_queue_size": 0.0,
    "conflicts": 0,
    "makespan": 76290,
    "avg_n_scheduler_delay": 0.010778859527121001,
    "avg_n_uncertainty_delay": 0.001043115438108484
}