{
    "makespan": 76320,
    "avg_reschedule_exec_time": 0.11974184920148152,
    "avg_queue_size": 0.0010427528675703858,
    "avg_n_uncertainty_delay": 0.0006951685783802572,
    "avg_n_scheduler_delay": 0.008342022940563087,
    "avg_n_delay": 0.009037191518943343,
    "conflicts": 0
}