{
    "n_delay": 293,
    "avg_queue_size": 0.08055555555555556,
    "n_scheduler_delay": 293,
    "n_uncertainty_delay": 0,
    "makespan": 32370,
    "conflicts": 0,
    "avg_reschedule_exec_time": 0.45827311249666436,
    "avg_active_aircrafts": 11.619444444444444
}