{
    "n_uncertainty_delay": 0,
    "makespan": 32370,
    "n_delay": 325,
    "avg_queue_size": 0.004629629629629629,
    "avg_active_aircrafts": 10.737037037037037,
    "n_scheduler_delay": 325,
    "conflicts": 0,
    "avg_reschedule_exec_time": 0.489271973454675
}