{
    "n_scheduler_delay": 343,
    "n_uncertainty_delay": 5,
    "avg_active_aircrafts": 11.877777777777778,
    "n_delay": 348,
    "avg_reschedule_exec_time": 0.4932137411694194,
    "conflicts": 0,
    "makespan": 32370,
    "avg_queue_size": 0.08888888888888889
}