{
    "n_scheduler_delay": 315,
    "n_uncertainty_delay": 1,
    "avg_active_aircrafts": 11.889814814814814,
    "n_delay": 316,
    "avg_reschedule_exec_time": 0.4767095854116041,
    "conflicts": 0,
    "makespan": 32370,
    "avg_queue_size": 0.08703703703703704
}