{
    "conflicts": 0,
    "n_scheduler_delay": 311,
    "avg_reschedule_exec_time": 0.2552313742699561,
    "avg_active_aircrafts": 10.803703703703704,
    "makespan": 32370,
    "n_uncertainty_delay": 17,
    "n_delay": 328,
    "avg_queue_size": 0.001851851851851852
}