{
    "n_uncertainty_delay": 13,
    "avg_queue_size": 0.011111111111111112,
    "conflicts": 0,
    "avg_reschedule_exec_time": 0.5563689741977426,
    "n_delay": 376,
    "makespan": 32370,
    "n_scheduler_delay": 363,
    "avg_active_aircrafts": 11.067592592592593
}