{
    "n_scheduler_delay": 302,
    "n_uncertainty_delay": 1,
    "avg_active_aircrafts": 11.876851851851852,
    "n_delay": 303,
    "avg_reschedule_exec_time": 0.4639969271282817,
    "conflicts": 0,
    "makespan": 32370,
    "avg_queue_size": 0.07685185185185185
}