{
    "avg_n_delay": 0.041666666666666664,
    "avg_queue_size": 0.025,
    "makespan": 33480,
    "avg_n_scheduler_delay": 0.035416666666666666,
    "avg_n_uncertainty_delay": 0.00625,
    "conflicts": 0,
    "avg_reschedule_exec_time": 0.09112687877841763
}