{
    "makespan": 32370,
    "avg_queue_size": 0.001851851851851852,
    "avg_reschedule_exec_time": 0.4728769723759141,
    "n_uncertainty_delay": 0,
    "conflicts": 0,
    "n_scheduler_delay": 315,
    "n_delay": 315,
    "avg_active_aircrafts": 10.855555555555556
}