{
    "makespan": 76410,
    "avg_reschedule_exec_time": 0.10080722807511501,
    "avg_queue_size": 0.0,
    "avg_n_uncertainty_delay": 0.0013893713094824591,
    "avg_n_scheduler_delay": 0.010072941993747829,
    "avg_n_delay": 0.011462313303230288,
    "conflicts": 0
}