{
    "conflicts": 0,
    "makespan": 33570,
    "avg_n_delay": 0.03819444444444445,
    "avg_n_scheduler_delay": 0.027083333333333334,
    "avg_n_uncertainty_delay": 0.011111111111111112,
    "avg_queue_size": 0.0006944444444444445,
    "avg_reschedule_exec_time": 0.05190492672508473
}