{
    "avg_n_delay": 0.015734265734265736,
    "avg_n_scheduler_delay": 0.011538461538461539,
    "avg_queue_size": 0.044755244755244755,
    "avg_n_uncertainty_delay": 0.004195804195804196,
    "conflicts": 0,
    "avg_reschedule_exec_time": 0.24613420560326374,
    "makespan": 76770
}