{
    "makespan": 32370,
    "avg_queue_size": 0.004629629629629629,
    "avg_reschedule_exec_time": 0.49553854631823163,
    "n_uncertainty_delay": 0,
    "conflicts": 0,
    "n_scheduler_delay": 339,
    "n_delay": 339,
    "avg_active_aircrafts": 11.085185185185185
}