{
    "avg_n_delay": 0.013268156424581005,
    "avg_n_scheduler_delay": 0.009078212290502794,
    "avg_queue_size": 0.011871508379888268,
    "avg_n_uncertainty_delay": 0.004189944134078212,
    "conflicts": 0,
    "avg_reschedule_exec_time": 0.203210778450698,
    "makespan": 77010
}