{
    "conflicts": 0,
    "avg_n_delay": 0.012937062937062937,
    "avg_n_scheduler_delay": 0.012237762237762238,
    "avg_reschedule_exec_time": 0.23973574940587433,
    "makespan": 76680,
    "avg_queue_size": 0.03566433566433566,
    "avg_n_uncertainty_delay": 0.0006993006993006993
}