{
    "n_uncertainty_delay": 0,
    "makespan": 32370,
    "n_delay": 291,
    "avg_queue_size": 0.004629629629629629,
    "avg_active_aircrafts": 11.088888888888889,
    "n_scheduler_delay": 291,
    "conflicts": 0,
    "avg_reschedule_exec_time": 0.2127206091310715
}