{
    "conflicts": 0,
    "avg_n_delay": 0.013286713286713287,
    "avg_n_scheduler_delay": 0.012237762237762238,
    "avg_reschedule_exec_time": 0.23855586622802305,
    "makespan": 76470,
    "avg_queue_size": 0.044755244755244755,
    "avg_n_uncertainty_delay": 0.001048951048951049
}