{
    "conflicts": 0,
    "avg_n_delay": 0.014685314685314687,
    "avg_n_scheduler_delay": 0.009790209790209791,
    "avg_reschedule_exec_time": 0.22131026966471068,
    "makespan": 76770,
    "avg_queue_size": 0.038461538461538464,
    "avg_n_uncertainty_delay": 0.0048951048951048955
}