{
    "avg_queue_size": 0.005555555555555556,
    "n_uncertainty_delay": 11,
    "makespan": 32370,
    "n_scheduler_delay": 422,
    "avg_reschedule_exec_time": 0.24825061032320045,
    "conflicts": 0,
    "n_delay": 433,
    "avg_active_aircrafts": 11.131481481481481
}