{
    "conflicts": 0,
    "avg_n_delay": 0.01783216783216783,
    "avg_n_scheduler_delay": 0.011888111888111888,
    "avg_reschedule_exec_time": 0.24062675153705435,
    "makespan": 76710,
    "avg_queue_size": 0.05244755244755245,
    "avg_n_uncertainty_delay": 0.005944055944055944
}