{
    "avg_reschedule_exec_time": 0.09684287206708223,
    "avg_n_delay": 0.018776077885952713,
    "avg_queue_size": 0.0,
    "conflicts": 0,
    "makespan": 76320,
    "avg_n_scheduler_delay": 0.007301808066759388,
    "avg_n_uncertainty_delay": 0.011474269819193325
}