{
    "avg_n_delay": 0.011474269819193325,
    "conflicts": 0,
    "makespan": 76380,
    "avg_n_uncertainty_delay": 0.0006954102920723226,
    "avg_reschedule_exec_time": 0.38624608516693115,
    "avg_n_scheduler_delay": 0.010778859527121001,
    "avg_queue_size": 0.0
}