{
    "makespan": 76440,
    "avg_reschedule_exec_time": 0.377917643709103,
    "avg_n_delay": 0.008344923504867872,
    "avg_queue_size": 0.0,
    "avg_n_uncertainty_delay": 0.001043115438108484,
    "avg_n_scheduler_delay": 0.007301808066759388,
    "conflicts": 0
}