{
    "n_delay": 411,
    "n_scheduler_delay": 393,
    "avg_active_aircrafts": 11.157407407407407,
    "n_uncertainty_delay": 18,
    "makespan": 32370,
    "avg_reschedule_exec_time": 0.5197419887365297,
    "avg_queue_size": 0.004629629629629629,
    "conflicts": 0
}