{
    "n_delay": 335,
    "n_scheduler_delay": 321,
    "avg_active_aircrafts": 10.725,
    "n_uncertainty_delay": 14,
    "makespan": 32370,
    "avg_reschedule_exec_time": 0.4623901844024658,
    "avg_queue_size": 0.002777777777777778,
    "conflicts": 0
}