{
    "avg_reschedule_exec_time": 0.27124333603437556,
    "avg_active_aircrafts": 10.869444444444444,
    "avg_queue_size": 0.003703703703703704,
    "n_uncertainty_delay": 1,
    "n_delay": 354,
    "conflicts": 0,
    "makespan": 32370,
    "n_scheduler_delay": 353
}