{
    "n_uncertainty_delay": 2,
    "avg_queue_size": 0.001851851851851852,
    "conflicts": 0,
    "avg_reschedule_exec_time": 0.5054493504901265,
    "n_delay": 351,
    "makespan": 32370,
    "n_scheduler_delay": 349,
    "avg_active_aircrafts": 10.860185185185186
}