{
    "n_delay": 349,
    "n_scheduler_delay": 334,
    "avg_active_aircrafts": 11.026851851851852,
    "n_uncertainty_delay": 15,
    "makespan": 32370,
    "avg_reschedule_exec_time": 0.25897411191186237,
    "avg_queue_size": 0.002777777777777778,
    "conflicts": 0
}