{
    "makespan": 32370,
    "avg_queue_size": 0.000925925925925926,
    "avg_reschedule_exec_time": 0.5435709088347679,
    "n_uncertainty_delay": 3,
    "conflicts": 0,
    "n_scheduler_delay": 411,
    "n_delay": 414,
    "avg_active_aircrafts": 10.837037037037037
}