{
    "n_delay": 388,
    "avg_queue_size": 0.06018518518518518,
    "n_scheduler_delay": 388,
    "n_uncertainty_delay": 0,
    "makespan": 32370,
    "conflicts": 0,
    "avg_reschedule_exec_time": 0.5652738316114558,
    "avg_active_aircrafts": 12.226851851851851
}