{
    "n_uncertainty_delay": 0,
    "avg_queue_size": 0.001851851851851852,
    "conflicts": 0,
    "avg_reschedule_exec_time": 0.577380730385004,
    "n_delay": 389,
    "makespan": 32370,
    "n_scheduler_delay": 389,
    "avg_active_aircrafts": 11.088888888888889
}