{
    "makespan": 32370,
    "avg_queue_size": 0.001851851851851852,
    "avg_reschedule_exec_time": 0.49968367510063705,
    "n_uncertainty_delay": 0,
    "conflicts": 0,
    "n_scheduler_delay": 343,
    "n_delay": 343,
    "avg_active_aircrafts": 10.958333333333334
}