{
    "avg_n_delay": 0.04652777777777777,
    "avg_queue_size": 0.03194444444444444,
    "makespan": 33570,
    "avg_n_scheduler_delay": 0.04375,
    "avg_n_uncertainty_delay": 0.002777777777777778,
    "conflicts": 0,
    "avg_reschedule_exec_time": 0.10832499055301442
}