{
    "avg_reschedule_exec_time": 0.29879151055979175,
    "avg_active_aircrafts": 11.20648148148148,
    "avg_queue_size": 0.002777777777777778,
    "n_uncertainty_delay": 1,
    "n_delay": 390,
    "conflicts": 0,
    "makespan": 32370,
    "n_scheduler_delay": 389
}