{
    "avg_n_uncertainty_delay": 0.001043115438108484,
    "avg_n_delay": 0.01008344923504868,
    "avg_n_scheduler_delay": 0.009040333796940195,
    "conflicts": 0,
    "avg_queue_size": 0.0,
    "avg_reschedule_exec_time": 0.10535517841328486,
    "makespan": 76470
}