{
    "makespan": 76620,
    "avg_queue_size": 0.0,
    "conflicts": 0,
    "avg_reschedule_exec_time": 0.6081091863353077,
    "avg_n_delay": 0.011478260869565217,
    "avg_n_uncertainty_delay": 0.0006956521739130435,
    "avg_n_scheduler_delay": 0.010782608695652174
}