{
    "n_uncertainty_delay": 0,
    "makespan": 32370,
    "n_delay": 334,
    "avg_queue_size": 0.004629629629629629,
    "avg_active_aircrafts": 10.92962962962963,
    "n_scheduler_delay": 334,
    "conflicts": 0,
    "avg_reschedule_exec_time": 0.35063574041828804
}