{
    "avg_n_delay": 0.01673640167364017,
    "avg_n_scheduler_delay": 0.012203626220362623,
    "avg_queue_size": 0.011157601115760111,
    "avg_n_uncertainty_delay": 0.004532775453277545,
    "conflicts": 0,
    "avg_reschedule_exec_time": 0.14800787072221772,
    "makespan": 76470
}