{
    "avg_reschedule_exec_time": 0.5217694981153621,
    "avg_active_aircrafts": 10.65462962962963,
    "avg_queue_size": 0.000925925925925926,
    "n_uncertainty_delay": 2,
    "n_delay": 362,
    "conflicts": 0,
    "makespan": 32370,
    "n_scheduler_delay": 360
}