{
    "n_uncertainty_delay": 6,
    "avg_queue_size": 0.003703703703703704,
    "conflicts": 0,
    "avg_reschedule_exec_time": 0.44791151534679324,
    "n_delay": 288,
    "makespan": 32370,
    "n_scheduler_delay": 282,
    "avg_active_aircrafts": 10.65925925925926
}