{
    "n_scheduler_delay": 317,
    "n_uncertainty_delay": 1,
    "avg_active_aircrafts": 11.826851851851853,
    "n_delay": 318,
    "avg_reschedule_exec_time": 0.4568786698718404,
    "conflicts": 0,
    "makespan": 32370,
    "avg_queue_size": 0.06944444444444445
}