{
    "avg_reschedule_exec_time": 0.2671909221383028,
    "avg_active_aircrafts": 10.96574074074074,
    "avg_queue_size": 0.001851851851851852,
    "n_uncertainty_delay": 8,
    "n_delay": 325,
    "conflicts": 0,
    "makespan": 32370,
    "n_scheduler_delay": 317
}