{
    "n_uncertainty_delay": 5,
    "avg_queue_size": 0.008333333333333333,
    "conflicts": 0,
    "avg_reschedule_exec_time": 0.30154217786567156,
    "n_delay": 342,
    "makespan": 32370,
    "n_scheduler_delay": 337,
    "avg_active_aircrafts": 10.789814814814815
}