{
    "makespan": 32370,
    "avg_queue_size": 0.003703703703703704,
    "avg_reschedule_exec_time": 0.47033972407496255,
    "n_uncertainty_delay": 13,
    "conflicts": 0,
    "n_scheduler_delay": 312,
    "n_delay": 325,
    "avg_active_aircrafts": 10.614814814814816
}