{
    "conflicts": 0,
    "makespan": 33210,
    "avg_n_delay": 0.034722222222222224,
    "avg_n_scheduler_delay": 0.034722222222222224,
    "avg_n_uncertainty_delay": 0.0,
    "avg_queue_size": 0.0006944444444444445,
    "avg_reschedule_exec_time": 0.054812132482077086
}