{
    "makespan": 76230,
    "avg_queue_size": 0.0,
    "conflicts": 0,
    "avg_reschedule_exec_time": 0.5715362755601152,
    "avg_n_delay": 0.009725599166377216,
    "avg_n_uncertainty_delay": 0.0006946856547412296,
    "avg_n_scheduler_delay": 0.009030913511635985
}