{
    "avg_n_uncertainty_delay": 0.0010420284821118443,
    "makespan": 76410,
    "avg_n_delay": 0.012156998957971517,
    "avg_reschedule_exec_time": 0.382416959599484,
    "conflicts": 0,
    "avg_queue_size": 0.0,
    "avg_n_scheduler_delay": 0.011114970475859673
}