{
    "avg_n_delay": 0.011474269819193325,
    "avg_n_scheduler_delay": 0.006954102920723227,
    "avg_queue_size": 0.0006954102920723226,
    "avg_n_uncertainty_delay": 0.004520166898470098,
    "conflicts": 0,
    "avg_reschedule_exec_time": 0.09811261204955969,
    "makespan": 76500
}