{
    "conflicts": 0,
    "makespan": 33330,
    "avg_n_delay": 0.029861111111111113,
    "avg_n_scheduler_delay": 0.024305555555555556,
    "avg_n_uncertainty_delay": 0.005555555555555556,
    "avg_queue_size": 0.004166666666666667,
    "avg_reschedule_exec_time": 0.05201943405491396
}