{
    "n_scheduler_delay": 259,
    "n_uncertainty_delay": 25,
    "makespan": 32370,
    "conflicts": 0,
    "avg_queue_size": 0.004629629629629629,
    "avg_reschedule_exec_time": 0.23560337465862896,
    "n_delay": 284,
    "avg_active_aircrafts": 10.656481481481482
}