time,rs_exec_time
00:00:00,
00:25:00,0.27278900146484375
00:50:00,0.4000589847564697
01:15:00,1.7540302276611328
01:40:00,1.0989036560058594
02:05:00,1.1856520175933838
02:30:00,0.8072900772094727
02:55:00,2.168246030807495
03:20:00,2.133526086807251
03:45:00,2.312551259994507
04:10:00,3.7548320293426514
04:35:00,0.5107243061065674
05:00:00,0.8851640224456787
05:25:00,1.6396641731262207
05:50:00,3.7162649631500244
06:15:00,3.200479030609131
06:40:00,0.5262060165405273
07:05:00,2.214338779449463
07:30:00,1.7408061027526855
07:55:00,0.9896140098571777
08:20:00,4.109314680099487
08:45:00,1.9243791103363037
09:10:00,2.822885036468506
09:35:00,1.2144460678100586
10:00:00,2.298034906387329
10:25:00,5.079852819442749
10:50:00,1.0620372295379639
11:15:00,203.4729700088501
11:40:00,1.5328469276428223
12:05:00,2.2250277996063232
12:30:00,4.018427133560181
12:55:00,13.056684970855713
13:20:00,3.305647850036621
13:45:00,1.6739990711212158
14:10:00,7.806487083435059
14:35:00,1.2195463180541992
15:00:00,1.2109670639038086
15:25:00,1.7605187892913818
15:50:00,5.365012884140015
16:15:00,1.7032389640808105
16:40:00,208.37429904937744
17:05:00,1.8960509300231934
17:30:00,0.7006881237030029
17:55:00,1.1793880462646484
18:20:00,13.446274042129517
18:45:00,4.583061933517456
19:10:00,2.8126721382141113
19:35:00,14.894507884979248
20:00:00,1.8718938827514648
20:25:00,0.7588040828704834
20:50:00,89.04387712478638
21:15:00,2.2093100547790527
21:40:00,1.5197136402130127
22:05:00,0.6557810306549072
22:30:00,0.6014459133148193
22:55:00,0.637225866317749
23:20:00,0.5971260070800781
