{
    "avg_n_delay": 0.018815331010452963,
    "avg_n_scheduler_delay": 0.0132404181184669,
    "avg_queue_size": 0.0020905923344947735,
    "avg_n_uncertainty_delay": 0.005574912891986063,
    "conflicts": 0,
    "avg_reschedule_exec_time": 0.1426323677276398,
    "makespan": 76710
}