{
    "conflicts": 0,
    "makespan": 33270,
    "avg_n_delay": 0.05138888888888889,
    "avg_n_scheduler_delay": 0.029166666666666667,
    "avg_n_uncertainty_delay": 0.022222222222222223,
    "avg_queue_size": 0.0006944444444444445,
    "avg_reschedule_exec_time": 0.09614970159397816
}