{
    "avg_reschedule_exec_time": 0.5160269160603368,
    "avg_queue_size": 0.001851851851851852,
    "conflicts": 0,
    "n_scheduler_delay": 332,
    "avg_active_aircrafts": 10.92962962962963,
    "n_delay": 341,
    "makespan": 32370,
    "n_uncertainty_delay": 9
}