{
    "n_scheduler_delay": 326,
    "n_uncertainty_delay": 10,
    "makespan": 32370,
    "conflicts": 0,
    "avg_queue_size": 0.003703703703703704,
    "avg_reschedule_exec_time": 0.28343810369802075,
    "n_delay": 336,
    "avg_active_aircrafts": 11.125
}