{
    "avg_n_delay": 0.011830201809324982,
    "avg_n_scheduler_delay": 0.008002783576896311,
    "avg_queue_size": 0.0,
    "avg_n_uncertainty_delay": 0.003827418232428671,
    "conflicts": 0,
    "avg_reschedule_exec_time": 0.11133293925967676,
    "makespan": 76260
}