{
    "n_delay": 367,
    "n_scheduler_delay": 366,
    "avg_active_aircrafts": 10.527777777777779,
    "n_uncertainty_delay": 1,
    "makespan": 32370,
    "avg_reschedule_exec_time": 0.5210049839906914,
    "avg_queue_size": 0.004629629629629629,
    "conflicts": 0
}