{
    "conflicts": 0,
    "makespan": 33330,
    "avg_n_delay": 0.041666666666666664,
    "avg_n_scheduler_delay": 0.02847222222222222,
    "avg_n_uncertainty_delay": 0.013194444444444444,
    "avg_queue_size": 0.001388888888888889,
    "avg_reschedule_exec_time": 0.053242225168807264
}