{
    "avg_n_delay": 0.01289198606271777,
    "avg_n_scheduler_delay": 0.008362369337979094,
    "avg_queue_size": 0.0031358885017421603,
    "avg_n_uncertainty_delay": 0.004529616724738676,
    "conflicts": 0,
    "avg_reschedule_exec_time": 0.17598040664897246,
    "makespan": 76770
}