{
    "n_scheduler_delay": 306,
    "n_uncertainty_delay": 7,
    "avg_active_aircrafts": 11.718518518518518,
    "n_delay": 313,
    "avg_reschedule_exec_time": 0.4494183684504309,
    "conflicts": 0,
    "makespan": 32370,
    "avg_queue_size": 0.05555555555555555
}