{
    "n_scheduler_delay": 313,
    "n_uncertainty_delay": 38,
    "makespan": 32370,
    "conflicts": 0,
    "avg_queue_size": 0.003703703703703704,
    "avg_reschedule_exec_time": 0.482271043644395,
    "n_delay": 351,
    "avg_active_aircrafts": 10.725
}