{
    "makespan": 76440,
    "avg_reschedule_exec_time": 0.09548425948196762,
    "avg_queue_size": 0.0,
    "avg_n_uncertainty_delay": 0.0006951685783802572,
    "avg_n_scheduler_delay": 0.005213764337851929,
    "avg_n_delay": 0.005908932916232186,
    "conflicts": 0
}