{
    "avg_n_delay": 0.03958333333333333,
    "avg_queue_size": 0.05416666666666667,
    "makespan": 33480,
    "avg_n_scheduler_delay": 0.03263888888888889,
    "avg_n_uncertainty_delay": 0.006944444444444444,
    "conflicts": 0,
    "avg_reschedule_exec_time": 0.08770604567094283
}