{
    "conflicts": 0,
    "avg_n_delay": 0.012587412587412588,
    "avg_n_scheduler_delay": 0.012237762237762238,
    "avg_reschedule_exec_time": 0.23316985116878025,
    "makespan": 76740,
    "avg_queue_size": 0.03741258741258741,
    "avg_n_uncertainty_delay": 0.00034965034965034965
}