{
    "n_delay": 281,
    "n_scheduler_delay": 278,
    "avg_active_aircrafts": 10.517592592592592,
    "n_uncertainty_delay": 3,
    "makespan": 32370,
    "avg_reschedule_exec_time": 0.4246313527572987,
    "avg_queue_size": 0.002777777777777778,
    "conflicts": 0
}