{
    "conflicts": 0,
    "avg_n_delay": 0.019930069930069932,
    "avg_n_scheduler_delay": 0.014335664335664336,
    "avg_reschedule_exec_time": 0.2564432184461137,
    "makespan": 76470,
    "avg_queue_size": 0.04160839160839161,
    "avg_n_uncertainty_delay": 0.005594405594405594
}