{
    "conflicts": 0,
    "n_scheduler_delay": 330,
    "avg_reschedule_exec_time": 0.41815639073963945,
    "avg_active_aircrafts": 10.809259259259258,
    "makespan": 32370,
    "n_uncertainty_delay": 6,
    "n_delay": 336,
    "avg_queue_size": 0.003703703703703704
}