{
    "n_scheduler_delay": 375,
    "makespan": 32370,
    "avg_reschedule_exec_time": 0.5049868095752805,
    "n_delay": 380,
    "n_uncertainty_delay": 5,
    "avg_queue_size": 0.002777777777777778,
    "conflicts": 0,
    "avg_active_aircrafts": 10.87962962962963
}