{
    "conflicts": 0,
    "avg_n_delay": 0.015734265734265736,
    "avg_n_scheduler_delay": 0.012587412587412588,
    "avg_reschedule_exec_time": 0.2239219689033401,
    "makespan": 76710,
    "avg_queue_size": 0.02972027972027972,
    "avg_n_uncertainty_delay": 0.003146853146853147
}