{
    "conflicts": 0,
    "avg_n_delay": 0.013636363636363636,
    "avg_n_scheduler_delay": 0.013636363636363636,
    "avg_reschedule_exec_time": 0.23870619753716696,
    "makespan": 76770,
    "avg_queue_size": 0.04755244755244755,
    "avg_n_uncertainty_delay": 0.0
}