{
    "makespan": 32370,
    "avg_queue_size": 0.002777777777777778,
    "avg_reschedule_exec_time": 0.5313995239346526,
    "n_uncertainty_delay": 34,
    "conflicts": 0,
    "n_scheduler_delay": 330,
    "n_delay": 364,
    "avg_active_aircrafts": 11.066666666666666
}