{
    "avg_n_delay": 0.03333333333333333,
    "avg_queue_size": 0.001388888888888889,
    "makespan": 33420,
    "avg_n_scheduler_delay": 0.02847222222222222,
    "avg_n_uncertainty_delay": 0.004861111111111111,
    "conflicts": 0,
    "avg_reschedule_exec_time": 0.08514998718495163
}