{
    "conflicts": 421,
    "makespan": 76770,
    "delay_added": 3120,
    "avg_queue_size": 0.1529824561403509,
    "avg_reschedule_exec_time": 0.9510868128309858
}