{
    "conflicts": 536,
    "makespan": 76740,
    "delay_added": 3780,
    "avg_queue_size": 0.010776942355889798,
    "avg_reschedule_exec_time": 1.1097168364423386
}