{
    "conflicts": 409,
    "makespan": 76800,
    "delay_added": 3390,
    "avg_queue_size": 0.010751879699248193,
    "avg_reschedule_exec_time": 1.0208975660040023
}