{
    "avg_n_delay": 0.014951321279554937,
    "avg_n_scheduler_delay": 0.010083449235048678,
    "avg_queue_size": 0.0,
    "avg_n_uncertainty_delay": 0.004867872044506259,
    "conflicts": 0,
    "avg_reschedule_exec_time": 0.0975602828692593,
    "makespan": 76200
}