{
    "conflicts": 0,
    "avg_n_delay": 0.012587412587412587,
    "avg_n_scheduler_delay": 0.01013986013986014,
    "avg_reschedule_exec_time": 0.23101795223397267,
    "makespan": 76470,
    "avg_queue_size": 0.04965034965034965,
    "avg_n_uncertainty_delay": 0.0024475524475524478
}