{
    "n_delay": 381,
    "avg_queue_size": 0.07685185185185185,
    "n_scheduler_delay": 380,
    "n_uncertainty_delay": 1,
    "makespan": 32370,
    "conflicts": 0,
    "avg_reschedule_exec_time": 0.5247517463772796,
    "avg_active_aircrafts": 11.914814814814815
}