{
    "avg_n_delay": 0.012874043145441893,
    "avg_n_scheduler_delay": 0.007654836464857342,
    "avg_queue_size": 0.0006958942240779402,
    "avg_n_uncertainty_delay": 0.005219206680584551,
    "conflicts": 0,
    "avg_reschedule_exec_time": 0.11105748549664868,
    "makespan": 76440
}