{
    "conflicts": 0,
    "makespan": 33360,
    "avg_n_delay": 0.03819444444444445,
    "avg_n_scheduler_delay": 0.021527777777777778,
    "avg_n_uncertainty_delay": 0.016666666666666666,
    "avg_queue_size": 0.002777777777777778,
    "avg_reschedule_exec_time": 0.09185005894610476
}