{
    "conflicts": 0,
    "avg_n_delay": 0.017132867132867134,
    "avg_n_scheduler_delay": 0.009790209790209791,
    "avg_reschedule_exec_time": 0.22610279372040654,
    "makespan": 76500,
    "avg_queue_size": 0.027972027972027972,
    "avg_n_uncertainty_delay": 0.0073426573426573424
}