{
    "avg_n_delay": 0.03711484593837535,
    "avg_queue_size": 0.06862745098039216,
    "makespan": 33510,
    "avg_n_scheduler_delay": 0.03081232492997199,
    "avg_n_uncertainty_delay": 0.0063025210084033615,
    "conflicts": 0,
    "avg_reschedule_exec_time": 0.11951942018943258
}