{
    "conflicts": 29,
    "makespan": 76710,
    "avg_queue_size": 0.005923344947735192,
    "avg_reschedule_exec_time": 0.4786808677748138,
    "avg_n_delay": 0.0,
    "avg_n_scheduler_delay": 0.0,
    "avg_n_uncertainty_delay": 0.0
}