{
    "avg_n_delay": 0.018118466898954702,
    "avg_n_scheduler_delay": 0.011149825783972125,
    "avg_queue_size": 0.004529616724738676,
    "avg_n_uncertainty_delay": 0.006968641114982578,
    "conflicts": 0,
    "avg_reschedule_exec_time": 0.14847536603887598,
    "makespan": 76770
}