{
    "n_delay": 269,
    "avg_queue_size": 0.06666666666666667,
    "n_scheduler_delay": 264,
    "n_uncertainty_delay": 5,
    "makespan": 32370,
    "conflicts": 0,
    "avg_reschedule_exec_time": 0.4268923415694126,
    "avg_active_aircrafts": 11.924074074074074
}