{
    "n_uncertainty_delay": 5,
    "avg_queue_size": 0.002777777777777778,
    "conflicts": 0,
    "avg_reschedule_exec_time": 0.5390375481095425,
    "n_delay": 353,
    "makespan": 32370,
    "n_scheduler_delay": 348,
    "avg_active_aircrafts": 11.105555555555556
}