{
    "avg_reschedule_exec_time": 0.5823364013849303,
    "avg_active_aircrafts": 11.17962962962963,
    "avg_queue_size": 0.005555555555555556,
    "n_uncertainty_delay": 2,
    "n_delay": 393,
    "conflicts": 0,
    "makespan": 32370,
    "n_scheduler_delay": 391
}