{
    "conflicts": 0,
    "n_scheduler_delay": 367,
    "avg_reschedule_exec_time": 0.2750444137983729,
    "avg_active_aircrafts": 10.91388888888889,
    "makespan": 32370,
    "n_uncertainty_delay": 14,
    "n_delay": 381,
    "avg_queue_size": 0.001851851851851852
}