{
    "n_scheduler_delay": 371,
    "n_uncertainty_delay": 11,
    "avg_active_aircrafts": 12.019444444444444,
    "n_delay": 382,
    "avg_reschedule_exec_time": 0.5221503468446953,
    "conflicts": 0,
    "makespan": 32370,
    "avg_queue_size": 0.06759259259259259
}