{
    "avg_n_delay": 0.011530398322851153,
    "avg_n_scheduler_delay": 0.007337526205450734,
    "avg_queue_size": 0.026904262753319357,
    "avg_n_uncertainty_delay": 0.0041928721174004195,
    "conflicts": 0,
    "avg_reschedule_exec_time": 0.19358967527558532,
    "makespan": 76500
}