{
    "n_delay": 379,
    "n_scheduler_delay": 378,
    "avg_active_aircrafts": 11.0,
    "n_uncertainty_delay": 1,
    "makespan": 32370,
    "avg_reschedule_exec_time": 0.5214057489883068,
    "avg_queue_size": 0.002777777777777778,
    "conflicts": 0
}