{
    "n_delay": 381,
    "n_scheduler_delay": 367,
    "avg_active_aircrafts": 11.194444444444445,
    "n_uncertainty_delay": 14,
    "makespan": 32370,
    "avg_reschedule_exec_time": 0.5343431805455408,
    "avg_queue_size": 0.004629629629629629,
    "conflicts": 0
}