{
    "n_scheduler_delay": 300,
    "makespan": 32370,
    "avg_reschedule_exec_time": 0.43309948056243186,
    "n_delay": 320,
    "n_uncertainty_delay": 20,
    "avg_queue_size": 0.002777777777777778,
    "conflicts": 0,
    "avg_active_aircrafts": 10.76574074074074
}