{
    "conflicts": 0,
    "avg_n_delay": 0.014335664335664335,
    "avg_n_scheduler_delay": 0.013636363636363636,
    "avg_reschedule_exec_time": 0.24902774246645645,
    "makespan": 76410,
    "avg_queue_size": 0.04755244755244755,
    "avg_n_uncertainty_delay": 0.0006993006993006993
}