{
    "n_scheduler_delay": 366,
    "makespan": 32370,
    "avg_reschedule_exec_time": 0.517917237170907,
    "n_delay": 376,
    "n_uncertainty_delay": 10,
    "avg_queue_size": 0.005555555555555556,
    "conflicts": 0,
    "avg_active_aircrafts": 11.10462962962963
}