{
    "avg_reschedule_exec_time": 0.05052499578791633,
    "avg_n_delay": 0.0020847810979847115,
    "avg_n_scheduler_delay": 0.0,
    "avg_n_uncertainty_delay": 0.0020847810979847115,
    "makespan": 75600,
    "conflicts": 0,
    "avg_queue_size": 0.0
}