{
    "n_delay": 331,
    "avg_queue_size": 0.05740740740740741,
    "n_scheduler_delay": 329,
    "n_uncertainty_delay": 2,
    "makespan": 32370,
    "conflicts": 0,
    "avg_reschedule_exec_time": 0.4802695085836011,
    "avg_active_aircrafts": 11.86574074074074
}