{
    "avg_n_delay": 0.01431564245810056,
    "avg_n_scheduler_delay": 0.009776536312849162,
    "avg_queue_size": 0.036312849162011177,
    "avg_n_uncertainty_delay": 0.004539106145251397,
    "conflicts": 0,
    "avg_reschedule_exec_time": 0.2165157339546118,
    "makespan": 76680
}