{
    "conflicts": 0,
    "n_scheduler_delay": 315,
    "avg_reschedule_exec_time": 0.2578093293425325,
    "avg_active_aircrafts": 10.842592592592593,
    "makespan": 32370,
    "n_uncertainty_delay": 10,
    "n_delay": 325,
    "avg_queue_size": 0.003703703703703704
}