{
    "makespan": 32370,
    "avg_queue_size": 0.001851851851851852,
    "avg_reschedule_exec_time": 0.45948467698208123,
    "n_uncertainty_delay": 17,
    "conflicts": 0,
    "n_scheduler_delay": 307,
    "n_delay": 324,
    "avg_active_aircrafts": 10.752777777777778
}