{
    "n_delay": 305,
    "avg_queue_size": 0.04259259259259259,
    "n_scheduler_delay": 305,
    "n_uncertainty_delay": 0,
    "makespan": 32370,
    "conflicts": 0,
    "avg_reschedule_exec_time": 0.4462160232455231,
    "avg_active_aircrafts": 11.207407407407407
}