{
    "avg_reschedule_exec_time": 0.48212574581767237,
    "avg_active_aircrafts": 10.718518518518518,
    "avg_queue_size": 0.003703703703703704,
    "n_uncertainty_delay": 0,
    "n_delay": 314,
    "conflicts": 0,
    "makespan": 32370,
    "n_scheduler_delay": 314
}