{
    "n_uncertainty_delay": 0,
    "avg_queue_size": 0.004629629629629629,
    "conflicts": 0,
    "avg_reschedule_exec_time": 0.4942478922910469,
    "n_delay": 313,
    "makespan": 32370,
    "n_scheduler_delay": 313,
    "avg_active_aircrafts": 10.621296296296297
}