{
    "n_uncertainty_delay": 17,
    "avg_queue_size": 0.002777777777777778,
    "conflicts": 0,
    "avg_reschedule_exec_time": 0.30828607692274934,
    "n_delay": 371,
    "makespan": 32370,
    "n_scheduler_delay": 354,
    "avg_active_aircrafts": 10.897222222222222
}