{
    "avg_reschedule_exec_time": 0.27203919499419454,
    "avg_active_aircrafts": 11.031481481481482,
    "avg_queue_size": 0.004629629629629629,
    "n_uncertainty_delay": 2,
    "n_delay": 332,
    "conflicts": 0,
    "makespan": 32370,
    "n_scheduler_delay": 330
}