{
    "conflicts": 0,
    "n_scheduler_delay": 366,
    "avg_reschedule_exec_time": 1.5583282395413047,
    "avg_active_aircrafts": 10.902597402597403,
    "makespan": 32310,
    "n_uncertainty_delay": 4,
    "n_delay": 370,
    "avg_queue_size": 0.0027829313543599257
}