{
    "conflicts": 0,
    "makespan": 33180,
    "avg_n_delay": 0.02986111111111111,
    "avg_n_scheduler_delay": 0.02847222222222222,
    "avg_n_uncertainty_delay": 0.001388888888888889,
    "avg_queue_size": 0.001388888888888889,
    "avg_reschedule_exec_time": 0.05192628677176898
}