{
    "conflicts": 0,
    "avg_n_delay": 0.021678321678321677,
    "avg_n_scheduler_delay": 0.014335664335664336,
    "avg_reschedule_exec_time": 0.252803987180683,
    "makespan": 76470,
    "avg_queue_size": 0.022027972027972027,
    "avg_n_uncertainty_delay": 0.0073426573426573424
}