{
    "makespan": 32370,
    "avg_queue_size": 0.006481481481481481,
    "avg_reschedule_exec_time": 0.536707488880601,
    "n_uncertainty_delay": 0,
    "conflicts": 0,
    "n_scheduler_delay": 383,
    "n_delay": 383,
    "avg_active_aircrafts": 10.948148148148148
}