{
    "n_delay": 290,
    "n_scheduler_delay": 285,
    "avg_active_aircrafts": 10.742592592592592,
    "n_uncertainty_delay": 5,
    "makespan": 32370,
    "avg_reschedule_exec_time": 0.434078715568365,
    "avg_queue_size": 0.003703703703703704,
    "conflicts": 0
}