{
    "n_scheduler_delay": 305,
    "makespan": 32370,
    "avg_reschedule_exec_time": 0.44759552201559377,
    "n_delay": 322,
    "n_uncertainty_delay": 17,
    "avg_queue_size": 0.001851851851851852,
    "conflicts": 0,
    "avg_active_aircrafts": 10.751851851851852
}