{
    "makespan": 32370,
    "n_delay": 351,
    "conflicts": 0,
    "avg_reschedule_exec_time": 0.3340967087772305,
    "n_scheduler_delay": 344,
    "avg_active_aircrafts": 10.667592592592593,
    "avg_queue_size": 0.004629629629629629,
    "n_uncertainty_delay": 7
}