{
    "makespan": 32370,
    "avg_queue_size": 0.004629629629629629,
    "avg_reschedule_exec_time": 0.257013499459555,
    "n_uncertainty_delay": 27,
    "conflicts": 0,
    "n_scheduler_delay": 300,
    "n_delay": 327,
    "avg_active_aircrafts": 10.319444444444445
}