{
    "n_delay": 405,
    "n_scheduler_delay": 405,
    "avg_active_aircrafts": 11.119444444444444,
    "n_uncertainty_delay": 0,
    "makespan": 32370,
    "avg_reschedule_exec_time": 0.5498497242151305,
    "avg_queue_size": 0.006481481481481481,
    "conflicts": 0
}