{
    "conflicts": 0,
    "n_scheduler_delay": 355,
    "avg_reschedule_exec_time": 0.24799804873280712,
    "avg_active_aircrafts": 10.575,
    "makespan": 32370,
    "n_uncertainty_delay": 3,
    "n_delay": 358,
    "avg_queue_size": 0.003703703703703704
}