{
    "conflicts": 0,
    "n_scheduler_delay": 419,
    "avg_reschedule_exec_time": 0.29666168216429306,
    "avg_active_aircrafts": 11.150925925925925,
    "makespan": 32370,
    "n_uncertainty_delay": 6,
    "n_delay": 425,
    "avg_queue_size": 0.002777777777777778
}