{
    "makespan": 76260,
    "avg_queue_size": 0.0,
    "conflicts": 0,
    "avg_reschedule_exec_time": 0.5762356816790026,
    "avg_n_delay": 0.007294199374782911,
    "avg_n_uncertainty_delay": 0.0003473428273706148,
    "avg_n_scheduler_delay": 0.0069468565474122956
}