{
    "n_scheduler_delay": 342,
    "makespan": 32370,
    "avg_reschedule_exec_time": 0.48715893057889714,
    "n_delay": 350,
    "n_uncertainty_delay": 8,
    "avg_queue_size": 0.004629629629629629,
    "conflicts": 0,
    "avg_active_aircrafts": 10.998148148148148
}