{
    "avg_n_delay": 0.01707317073170732,
    "avg_n_scheduler_delay": 0.01289198606271777,
    "avg_queue_size": 0.0,
    "avg_n_uncertainty_delay": 0.004181184668989547,
    "conflicts": 0,
    "avg_reschedule_exec_time": 0.14505726890964107,
    "makespan": 76440
}