{
    "avg_n_delay": 0.02456140350877193,
    "avg_n_scheduler_delay": 0.020350877192982456,
    "avg_queue_size": 0.07789473684210527,
    "avg_n_uncertainty_delay": 0.004210526315789474,
    "conflicts": 0,
    "avg_reschedule_exec_time": 0.349896565396735,
    "makespan": 77280
}