{
    "avg_n_delay": 0.015373864430468204,
    "avg_n_scheduler_delay": 0.01013277428371768,
    "avg_queue_size": 0.03004891684136967,
    "avg_n_uncertainty_delay": 0.005241090146750524,
    "conflicts": 0,
    "avg_reschedule_exec_time": 0.19189636465869372,
    "makespan": 76470
}