{
    "conflicts": 0,
    "makespan": 76770,
    "avg_queue_size": 0.0863157894736842,
    "avg_reschedule_exec_time": 0.7643999089585974,
    "avg_n_delay": 0.028,
    "avg_n_scheduler_delay": 0.028,
    "avg_n_uncertainty_delay": 0.0
}