{
    "conflicts": 0,
    "makespan": 33570,
    "avg_n_delay": 0.05,
    "avg_n_scheduler_delay": 0.02013888888888889,
    "avg_n_uncertainty_delay": 0.029861111111111113,
    "avg_queue_size": 0.005555555555555556,
    "avg_reschedule_exec_time": 0.09100847788839951
}