{
    "conflicts": 0,
    "n_scheduler_delay": 346,
    "avg_reschedule_exec_time": 0.5775338844214072,
    "avg_active_aircrafts": 10.605555555555556,
    "makespan": 32370,
    "n_uncertainty_delay": 8,
    "n_delay": 354,
    "avg_queue_size": 0.001851851851851852
}