{
    "makespan": 32370,
    "avg_queue_size": 0.008333333333333333,
    "avg_reschedule_exec_time": 0.4354165376618851,
    "n_uncertainty_delay": 4,
    "conflicts": 0,
    "n_scheduler_delay": 271,
    "n_delay": 275,
    "avg_active_aircrafts": 10.737962962962962
}