{
    "makespan": 32370,
    "avg_queue_size": 0.010185185185185186,
    "avg_reschedule_exec_time": 0.5604860072912172,
    "n_uncertainty_delay": 0,
    "conflicts": 0,
    "n_scheduler_delay": 363,
    "n_delay": 363,
    "avg_active_aircrafts": 10.97037037037037
}