{
    "n_scheduler_delay": 335,
    "n_uncertainty_delay": 0,
    "makespan": 32370,
    "conflicts": 0,
    "avg_queue_size": 0.003703703703703704,
    "avg_reschedule_exec_time": 0.4826615632966507,
    "n_delay": 335,
    "avg_active_aircrafts": 11.0
}