{
    "n_delay": 334,
    "conflicts": 0,
    "n_scheduler_delay": 334,
    "avg_reschedule_exec_time": 0.2745080726091252,
    "avg_active_aircrafts": 11.875,
    "avg_queue_size": 0.09074074074074075,
    "n_uncertainty_delay": 0,
    "makespan": 32370
}