{
    "conflicts": 0,
    "makespan": 33450,
    "avg_n_delay": 0.06041666666666667,
    "avg_n_scheduler_delay": 0.03888888888888889,
    "avg_n_uncertainty_delay": 0.021527777777777778,
    "avg_queue_size": 0.0020833333333333333,
    "avg_reschedule_exec_time": 0.09393668971685978
}