{
    "makespan": 32370,
    "avg_queue_size": 0.006481481481481481,
    "avg_reschedule_exec_time": 0.5716677809870521,
    "n_uncertainty_delay": 3,
    "conflicts": 0,
    "n_scheduler_delay": 411,
    "n_delay": 414,
    "avg_active_aircrafts": 10.942592592592593
}