{
    "conflicts": 0,
    "n_scheduler_delay": 372,
    "avg_reschedule_exec_time": 0.617247842543618,
    "avg_active_aircrafts": 11.13425925925926,
    "makespan": 32370,
    "n_uncertainty_delay": 6,
    "n_delay": 378,
    "avg_queue_size": 0.006481481481481481
}