{
    "conflicts": 0,
    "makespan": 33240,
    "avg_n_delay": 0.030555555555555555,
    "avg_n_scheduler_delay": 0.027777777777777776,
    "avg_n_uncertainty_delay": 0.002777777777777778,
    "avg_queue_size": 0.0006944444444444445,
    "avg_reschedule_exec_time": 0.05192064707657753
}