{
    "conflicts": 0,
    "n_scheduler_delay": 365,
    "avg_reschedule_exec_time": 1.7635305939298687,
    "avg_active_aircrafts": 10.836753731343284,
    "makespan": 32130,
    "n_uncertainty_delay": 7,
    "n_delay": 372,
    "avg_queue_size": 0.0037313432835820895
}