{
    "conflicts": 24,
    "makespan": 76500,
    "avg_queue_size": 0.06315789473684211,
    "avg_reschedule_exec_time": 0.7918130641287946,
    "avg_n_delay": 0.024291497975708502,
    "avg_n_scheduler_delay": 0.020242914979757085,
    "avg_n_uncertainty_delay": 0.004048582995951417
}