{
    "conflicts": 0,
    "n_scheduler_delay": 342,
    "avg_reschedule_exec_time": 0.7388426101029809,
    "avg_active_aircrafts": 10.853703703703705,
    "makespan": 32370,
    "n_uncertainty_delay": 8,
    "n_delay": 350,
    "avg_queue_size": 0.006481481481481481
}