{
    "avg_n_delay": 0.009742519137091163,
    "avg_n_scheduler_delay": 0.006263048016701462,
    "avg_queue_size": 0.0,
    "avg_n_uncertainty_delay": 0.003479471120389701,
    "conflicts": 0,
    "avg_reschedule_exec_time": 0.11033285113059327,
    "makespan": 76530
}