{
    "makespan": 76320,
    "avg_reschedule_exec_time": 0.09014073720485324,
    "avg_queue_size": 0.0,
    "avg_n_uncertainty_delay": 0.0010420284821118443,
    "avg_n_scheduler_delay": 0.011809656130600903,
    "avg_n_delay": 0.012851684612712747,
    "conflicts": 0
}