{
    "conflicts": 0,
    "makespan": 33390,
    "avg_n_delay": 0.05972222222222222,
    "avg_n_scheduler_delay": 0.03888888888888889,
    "avg_n_uncertainty_delay": 0.020833333333333332,
    "avg_queue_size": 0.002777777777777778,
    "avg_reschedule_exec_time": 0.09972378271203851
}