{
    "n_delay": 331,
    "n_scheduler_delay": 323,
    "avg_active_aircrafts": 10.806481481481482,
    "n_uncertainty_delay": 8,
    "makespan": 32370,
    "avg_reschedule_exec_time": 0.4764799428540607,
    "avg_queue_size": 0.003703703703703704,
    "conflicts": 0
}