{
    "n_scheduler_delay": 359,
    "n_uncertainty_delay": 19,
    "makespan": 32370,
    "conflicts": 0,
    "avg_queue_size": 0.005555555555555556,
    "avg_reschedule_exec_time": 0.2819018286327983,
    "n_delay": 378,
    "avg_active_aircrafts": 11.002777777777778
}