{
    "avg_active_aircrafts": 10.9,
    "avg_queue_size": 0.003703703703703704,
    "n_scheduler_delay": 297,
    "n_delay": 315,
    "conflicts": 0,
    "makespan": 32370,
    "n_uncertainty_delay": 18,
    "avg_reschedule_exec_time": 0.23883916389110477
}