{
    "avg_reschedule_exec_time": 0.5820447345112645,
    "avg_queue_size": 0.000925925925925926,
    "conflicts": 0,
    "n_scheduler_delay": 409,
    "avg_active_aircrafts": 11.23425925925926,
    "n_delay": 428,
    "makespan": 32370,
    "n_uncertainty_delay": 19
}