{
    "avg_reschedule_exec_time": 0.5597017299297244,
    "avg_queue_size": 0.000925925925925926,
    "conflicts": 0,
    "n_scheduler_delay": 352,
    "avg_active_aircrafts": 10.858333333333333,
    "n_delay": 371,
    "makespan": 32370,
    "n_uncertainty_delay": 19
}