{
    "n_delay": 394,
    "n_scheduler_delay": 394,
    "avg_active_aircrafts": 11.122222222222222,
    "n_uncertainty_delay": 0,
    "makespan": 32370,
    "avg_reschedule_exec_time": 0.550970606471217,
    "avg_queue_size": 0.003703703703703704,
    "conflicts": 0
}