{
    "conflicts": 0,
    "avg_n_delay": 0.016083916083916083,
    "avg_n_scheduler_delay": 0.005244755244755245,
    "avg_reschedule_exec_time": 0.20338550251974186,
    "makespan": 77160,
    "avg_queue_size": 0.03986013986013986,
    "avg_n_uncertainty_delay": 0.010839160839160839
}