{
    "conflicts": 0,
    "makespan": 33330,
    "avg_n_delay": 0.025,
    "avg_n_scheduler_delay": 0.021527777777777778,
    "avg_n_uncertainty_delay": 0.003472222222222222,
    "avg_queue_size": 0.001388888888888889,
    "avg_reschedule_exec_time": 0.05058948575288141
}