{
    "avg_reschedule_exec_time": 0.10397215938833762,
    "avg_n_delay": 0.009735744089012517,
    "avg_queue_size": 0.0,
    "conflicts": 0,
    "makespan": 76260,
    "avg_n_scheduler_delay": 0.009735744089012517,
    "avg_n_uncertainty_delay": 0.0
}