{
    "conflicts": 0,
    "avg_n_delay": 0.01888111888111888,
    "avg_n_scheduler_delay": 0.01013986013986014,
    "avg_reschedule_exec_time": 0.1248631628466324,
    "makespan": 76770,
    "avg_queue_size": 0.07307692307692308,
    "avg_n_uncertainty_delay": 0.008741258741258742
}