{
    "n_delay": 298,
    "n_scheduler_delay": 289,
    "avg_active_aircrafts": 10.883333333333333,
    "n_uncertainty_delay": 9,
    "makespan": 32370,
    "avg_reschedule_exec_time": 0.4327714531920677,
    "avg_queue_size": 0.000925925925925926,
    "conflicts": 0
}