{
    "conflicts": 0,
    "makespan": 33450,
    "avg_n_delay": 0.03125,
    "avg_n_scheduler_delay": 0.029861111111111113,
    "avg_n_uncertainty_delay": 0.001388888888888889,
    "avg_queue_size": 0.004166666666666667,
    "avg_reschedule_exec_time": 0.05409865259792147
}