{
    "avg_active_aircrafts": 10.636111111111111,
    "avg_queue_size": 0.003703703703703704,
    "n_scheduler_delay": 309,
    "n_delay": 319,
    "conflicts": 0,
    "makespan": 32370,
    "n_uncertainty_delay": 10,
    "avg_reschedule_exec_time": 0.25253891390423444
}