{
    "avg_reschedule_exec_time": 0.6251918970152389,
    "avg_queue_size": 0.007407407407407408,
    "conflicts": 0,
    "n_scheduler_delay": 436,
    "avg_active_aircrafts": 11.123148148148148,
    "n_delay": 443,
    "makespan": 32370,
    "n_uncertainty_delay": 7
}