{
    "n_delay": 333,
    "avg_queue_size": 0.08981481481481482,
    "n_scheduler_delay": 325,
    "n_uncertainty_delay": 8,
    "makespan": 32370,
    "conflicts": 0,
    "avg_reschedule_exec_time": 0.5033485323883766,
    "avg_active_aircrafts": 12.25462962962963
}