{
    "n_scheduler_delay": 403,
    "n_uncertainty_delay": 1,
    "avg_active_aircrafts": 11.837962962962964,
    "n_delay": 404,
    "avg_reschedule_exec_time": 0.5439405629801196,
    "conflicts": 0,
    "makespan": 32370,
    "avg_queue_size": 0.08888888888888889
}