{
    "n_delay": 302,
    "conflicts": 0,
    "n_scheduler_delay": 300,
    "avg_reschedule_exec_time": 0.2675249044285264,
    "avg_active_aircrafts": 11.992592592592592,
    "avg_queue_size": 0.09722222222222222,
    "n_uncertainty_delay": 2,
    "makespan": 32370
}