{
    "conflicts": 0,
    "n_scheduler_delay": 376,
    "avg_reschedule_exec_time": 1.3032017986426192,
    "avg_active_aircrafts": 11.175,
    "makespan": 32370,
    "n_uncertainty_delay": 7,
    "n_delay": 383,
    "avg_queue_size": 0.000925925925925926
}