{
    "avg_reschedule_exec_time": 0.5747144044831741,
    "avg_queue_size": 0.006481481481481481,
    "conflicts": 0,
    "n_scheduler_delay": 399,
    "avg_active_aircrafts": 10.97962962962963,
    "n_delay": 414,
    "makespan": 32370,
    "n_uncertainty_delay": 15
}