{
    "avg_n_delay": 0.010083449235048678,
    "conflicts": 0,
    "makespan": 76680,
    "avg_n_uncertainty_delay": 0.0,
    "avg_reschedule_exec_time": 0.3845164400621377,
    "avg_n_scheduler_delay": 0.010083449235048678,
    "avg_queue_size": 0.0
}