{
    "conflicts": 0,
    "n_scheduler_delay": 280,
    "avg_reschedule_exec_time": 0.23494679852628975,
    "avg_active_aircrafts": 10.530555555555555,
    "makespan": 32370,
    "n_uncertainty_delay": 9,
    "n_delay": 289,
    "avg_queue_size": 0.000925925925925926
}