{
    "avg_n_scheduler_delay": 0.011474269819193325,
    "avg_queue_size": 0.0,
    "avg_n_delay": 0.012517385257301809,
    "avg_reschedule_exec_time": 0.6038062336717144,
    "conflicts": 0,
    "avg_n_uncertainty_delay": 0.001043115438108484,
    "makespan": 76680
}