{
    "conflicts": 0,
    "avg_n_delay": 0.013986013986013986,
    "avg_n_scheduler_delay": 0.005594405594405594,
    "avg_reschedule_exec_time": 0.21143259632755335,
    "makespan": 77130,
    "avg_queue_size": 0.03461538461538462,
    "avg_n_uncertainty_delay": 0.008391608391608392
}