{
    "makespan": 32370,
    "avg_queue_size": 0.001851851851851852,
    "avg_reschedule_exec_time": 0.5079585552215576,
    "n_uncertainty_delay": 29,
    "conflicts": 0,
    "n_scheduler_delay": 339,
    "n_delay": 368,
    "avg_active_aircrafts": 10.829629629629629
}