{
    "avg_reschedule_exec_time": 0.5317343101945035,
    "avg_queue_size": 0.002777777777777778,
    "conflicts": 0,
    "n_scheduler_delay": 328,
    "avg_active_aircrafts": 11.068518518518518,
    "n_delay": 361,
    "makespan": 32370,
    "n_uncertainty_delay": 33
}