,expr_var,failed,nth
0,0.0,0.0,0.0
1,0.05,0.0,0.0
2,0.1,0.0,0.0
3,0.15000000000000002,0.0,0.0
4,0.2,0.0,0.0
5,0.25,0.0,0.0
6,0.30000000000000004,0.0,0.0
