uncertainty.prob_hold,avg_active_aircrafts,conflicts,makespan,avg_queue_size,avg_reschedule_exec_time,n_delay,n_scheduler_delay,n_uncertainty_delay
0.0,11.769814814814815,0.0,32370.0,0.0661111111111111,0.4918793204034022,327.4,327.4,0.0
0.003,11.84253086419753,0.0,32370.0,0.07129629629629627,0.4879231955653937,328.3333333333333,327.3333333333333,1.0
0.006,11.90003086419753,0.0,32370.0,0.07472222222222223,0.4894682497571604,338.2,336.23333333333335,1.9666666666666666
0.009000000000000001,11.925030864197531,0.0,32370.0,0.06731481481481483,0.481964677766312,328.56666666666666,325.76666666666665,2.8
0.012,11.835617283950617,0.0,32370.0,0.06759259259259259,0.4755906745629717,330.5,326.23333333333335,4.266666666666667
0.015,11.841358024691361,0.0,32370.0,0.07324074074074072,0.4751730047639951,329.1,323.6666666666667,5.433333333333334
