uncertainty.prob_hold,avg_active_aircrafts,conflicts,makespan,avg_queue_size,avg_reschedule_exec_time,n_delay,n_scheduler_delay,n_uncertainty_delay
0.0,11.112037037037037,0.0,32370.0,0.006481481481481481,0.1325826823877117,458.0,458.0,0.0
0.05,10.950925925925926,0.0,32370.0,0.002777777777777778,0.13202808674449054,524.0,429.0,95.0
0.1,11.24537037037037,0.0,32370.0,0.003703703703703704,0.13378698191673696,522.0,437.0,85.0
0.15000000000000002,11.333333333333334,0.0,32370.0,0.001851851851851852,0.14325644463935971,764.0,534.0,230.0
0.2,11.482407407407408,0.0,32370.0,0.012037037037037037,0.15766617409933265,876.0,611.0,265.0
0.25,11.849074074074075,0.0,32370.0,0.005555555555555556,0.20947951205468376,1381.0,953.0,428.0
0.30000000000000004,11.571296296296296,0.0,32370.0,0.002777777777777778,0.18110254851616125,1312.0,925.0,387.0
