uncertainty.prob_hold,avg_active_aircrafts,conflicts,makespan,avg_queue_size,avg_reschedule_exec_time,n_delay,n_scheduler_delay,n_uncertainty_delay
0.0,10.969490740740738,0.0,32370.0,0.004629629629629631,0.5306813129158906,346.35,346.35,0.0
0.005,11.002407407407407,0.0,32370.0,0.0031481481481481486,0.5255583288503246,352.75,351.3,1.45
0.01,10.834583333333333,0.0,32370.0,0.0030555555555555553,0.5208358687578245,351.65,348.0,3.65
0.015,10.87912037037037,0.0,32370.0,0.003055555555555556,0.5184057038883831,349.1,343.5,5.6
0.02,10.901527777777778,0.0,32370.0,0.003657407407407407,0.5084323626340821,341.6,334.35,7.25
0.025,10.908055555555553,0.0,32370.0,0.003194444444444444,0.5031232055397921,353.95,344.95,9.0
0.03,10.874583333333332,0.0,32370.0,0.003287037037037037,0.30552136332489727,350.4,340.2,10.2
0.035,10.880324074074073,0.0,32370.0,0.0040740740740740754,0.4827100801467895,346.35,332.5,13.85
0.04,10.866388888888887,0.0,32370.0,0.003981481481481482,0.5144476285646128,354.3,339.65,14.65
