{
    "conflicts": 0,
    "makespan": 77580,
    "avg_queue_size": 2.0933333333333333,
    "avg_reschedule_exec_time": 0.21175216106658287,
    "avg_n_delay": 0.6666666666666666,
    "avg_n_scheduler_delay": 0.6666666666666666,
    "avg_n_uncertainty_delay": 0.0
}