{
    "conflicts": 0,
    "makespan": 76680,
    "avg_queue_size": 1.0982456140350878,
    "avg_reschedule_exec_time": 0.20687462167536957,
    "avg_n_delay": 0.6692913385826772,
    "avg_n_scheduler_delay": 0.6692913385826772,
    "avg_n_uncertainty_delay": 0.0
}