{
    "makespan": 76380,
    "avg_queue_size": 0.0,
    "conflicts": 0,
    "avg_reschedule_exec_time": 0.5746384629613414,
    "avg_n_delay": 0.010420284821118444,
    "avg_n_uncertainty_delay": 0.0,
    "avg_n_scheduler_delay": 0.010420284821118444
}