{
    "conflicts": 0,
    "n_scheduler_delay": 368,
    "avg_reschedule_exec_time": 0.41989824053966424,
    "avg_active_aircrafts": 10.937962962962963,
    "makespan": 32370,
    "n_uncertainty_delay": 10,
    "n_delay": 378,
    "avg_queue_size": 0.004629629629629629
}