{
    "makespan": 76290,
    "avg_reschedule_exec_time": 0.08640910296741669,
    "avg_queue_size": 0.0,
    "avg_n_uncertainty_delay": 0.0013893713094824591,
    "avg_n_scheduler_delay": 0.0093782563390066,
    "avg_n_delay": 0.01076762764848906,
    "conflicts": 0
}