{
    "conflicts": 0,
    "n_scheduler_delay": 337,
    "avg_reschedule_exec_time": 0.4118882209394944,
    "avg_active_aircrafts": 10.972222222222221,
    "makespan": 32370,
    "n_uncertainty_delay": 5,
    "n_delay": 342,
    "avg_queue_size": 0.007407407407407408
}