{
    "makespan": 32370,
    "avg_queue_size": 0.008333333333333333,
    "avg_reschedule_exec_time": 0.49923945471297865,
    "n_uncertainty_delay": 17,
    "conflicts": 0,
    "n_scheduler_delay": 328,
    "n_delay": 345,
    "avg_active_aircrafts": 10.683333333333334
}