{
    "n_uncertainty_delay": 0,
    "makespan": 32370,
    "n_delay": 380,
    "avg_queue_size": 0.001851851851851852,
    "avg_active_aircrafts": 11.056481481481482,
    "n_scheduler_delay": 380,
    "conflicts": 0,
    "avg_reschedule_exec_time": 0.4687938415428077
}