{
    "avg_n_delay": 0.0375,
    "avg_queue_size": 0.0006944444444444445,
    "makespan": 33510,
    "avg_n_scheduler_delay": 0.03125,
    "avg_n_uncertainty_delay": 0.00625,
    "conflicts": 0,
    "avg_reschedule_exec_time": 0.08472384995313281
}