{
    "avg_reschedule_exec_time": 0.5540739691534707,
    "avg_queue_size": 0.002777777777777778,
    "conflicts": 0,
    "n_scheduler_delay": 372,
    "avg_active_aircrafts": 10.910185185185185,
    "n_delay": 379,
    "makespan": 32370,
    "n_uncertainty_delay": 7
}