{
    "n_scheduler_delay": 378,
    "n_uncertainty_delay": 2,
    "makespan": 32370,
    "conflicts": 0,
    "avg_queue_size": 0.006481481481481481,
    "avg_reschedule_exec_time": 0.5407994370127833,
    "n_delay": 380,
    "avg_active_aircrafts": 10.921296296296296
}