{
    "avg_active_aircrafts": 10.72962962962963,
    "avg_queue_size": 0.002777777777777778,
    "n_scheduler_delay": 296,
    "n_delay": 298,
    "conflicts": 0,
    "makespan": 32370,
    "n_uncertainty_delay": 2,
    "avg_reschedule_exec_time": 0.24024956060010333
}