{
    "makespan": 32370,
    "avg_queue_size": 0.000925925925925926,
    "avg_reschedule_exec_time": 0.4881758346114048,
    "n_uncertainty_delay": 4,
    "conflicts": 0,
    "n_scheduler_delay": 335,
    "n_delay": 339,
    "avg_active_aircrafts": 10.889814814814814
}