{
    "makespan": 76410,
    "avg_reschedule_exec_time": 0.09825688563209486,
    "avg_queue_size": 0.0,
    "avg_n_uncertainty_delay": 0.0013903371567605145,
    "avg_n_scheduler_delay": 0.006256517205422315,
    "avg_n_delay": 0.0076468543621828295,
    "conflicts": 0
}