{
    "avg_n_uncertainty_delay": 0.001737921445950643,
    "makespan": 76470,
    "avg_n_delay": 0.013903371567605145,
    "avg_reschedule_exec_time": 0.37163101780638563,
    "conflicts": 0,
    "avg_queue_size": 0.0,
    "avg_n_scheduler_delay": 0.012165450121654502
}