{
    "n_uncertainty_delay": 16,
    "avg_queue_size": 0.003703703703703704,
    "conflicts": 0,
    "avg_reschedule_exec_time": 0.4240392829096595,
    "n_delay": 254,
    "makespan": 32370,
    "n_scheduler_delay": 238,
    "avg_active_aircrafts": 10.723148148148148
}