{
    "n_delay": 402,
    "n_scheduler_delay": 383,
    "avg_active_aircrafts": 11.178703703703704,
    "n_uncertainty_delay": 19,
    "makespan": 32370,
    "avg_reschedule_exec_time": 0.5517339950384096,
    "avg_queue_size": 0.005555555555555556,
    "conflicts": 0
}