{
    "avg_reschedule_exec_time": 0.602134500547897,
    "avg_queue_size": 0.004629629629629629,
    "conflicts": 0,
    "n_scheduler_delay": 424,
    "avg_active_aircrafts": 10.83611111111111,
    "n_delay": 424,
    "makespan": 32370,
    "n_uncertainty_delay": 0
}