{
    "avg_active_aircrafts": 11.011111111111111,
    "avg_queue_size": 0.000925925925925926,
    "n_scheduler_delay": 364,
    "n_delay": 364,
    "conflicts": 0,
    "makespan": 32370,
    "n_uncertainty_delay": 0,
    "avg_reschedule_exec_time": 0.27731567316277084
}