{
    "n_scheduler_delay": 323,
    "n_uncertainty_delay": 0,
    "avg_active_aircrafts": 11.837037037037037,
    "n_delay": 323,
    "avg_reschedule_exec_time": 0.4994404426840849,
    "conflicts": 0,
    "makespan": 32370,
    "avg_queue_size": 0.07314814814814814
}