{
    "conflicts": 323,
    "makespan": 76710,
    "delay_added": 3090,
    "avg_queue_size": 0.010701754385964985,
    "avg_reschedule_exec_time": 0.987417479778858
}