{
    "conflicts": 360,
    "makespan": 76830,
    "delay_added": 2940,
    "avg_queue_size": 0.010802005012531403,
    "avg_reschedule_exec_time": 0.9937890412959647
}