{
    "conflicts": 311,
    "makespan": 76800,
    "delay_added": 3030,
    "avg_queue_size": 0.15087719298245614,
    "avg_reschedule_exec_time": 1.0672715902328491,
    "avg_n_delay": 0.4864864864864865,
    "avg_n_scheduler_delay": 0.138996138996139,
    "avg_n_uncertainty_delay": 0.3474903474903475
}