{
    "conflicts": 0,
    "makespan": 33570,
    "avg_n_delay": 0.04375,
    "avg_n_scheduler_delay": 0.027083333333333334,
    "avg_n_uncertainty_delay": 0.016666666666666666,
    "avg_queue_size": 0.0020833333333333333,
    "avg_reschedule_exec_time": 0.09525369535249588
}