{
    "conflicts": 0,
    "avg_n_delay": 0.01223776223776224,
    "avg_n_scheduler_delay": 0.009790209790209791,
    "avg_reschedule_exec_time": 0.2211565484463329,
    "makespan": 76680,
    "avg_queue_size": 0.03076923076923077,
    "avg_n_uncertainty_delay": 0.0024475524475524478
}