time,rs_exec_time
00:00:00,
00:16:00,0.3941609859466553
00:32:00,0.37317419052124023
00:48:00,0.3632349967956543
01:04:00,1.6598937511444092
01:20:00,1.0201640129089355
01:36:00,1.0285987854003906
01:52:00,0.4174630641937256
02:08:00,0.3536388874053955
02:24:00,1.431251049041748
02:40:00,3.786249876022339
02:56:00,0.34162092208862305
03:12:00,0.44202494621276855
03:28:00,1.3990321159362793
03:44:00,0.35521912574768066
04:00:00,2.123789072036743
04:16:00,0.809636116027832
04:32:00,1.8064649105072021
04:48:00,2.8073790073394775
05:04:00,0.8481090068817139
05:20:00,1.4077167510986328
05:36:00,1.099142074584961
05:52:00,0.4692530632019043
06:08:00,1.0964961051940918
06:24:00,0.7686581611633301
06:40:00,0.42586302757263184
06:56:00,0.4322950839996338
07:12:00,0.42621397972106934
07:28:00,1.1636590957641602
07:44:00,1.1540520191192627
08:00:00,0.49886083602905273
08:16:00,1.9255578517913818
08:32:00,2.2860660552978516
08:48:00,0.843599796295166
09:04:00,1.5316331386566162
09:20:00,0.83943772315979
09:36:00,1.1953449249267578
09:52:00,0.8850228786468506
10:08:00,0.8637638092041016
10:24:00,0.4950449466705322
10:40:00,0.455855131149292
10:56:00,0.7538690567016602
11:12:00,1.6247248649597168
11:28:00,1.3231830596923828
11:44:00,0.4172368049621582
12:00:00,2.041337728500366
12:16:00,1.685647964477539
12:32:00,4.32843804359436
12:48:00,1.30246901512146
13:04:00,2.044509172439575
13:20:00,2.1066739559173584
13:36:00,0.516463041305542
13:52:00,0.8555426597595215
14:08:00,3.536051034927368
14:24:00,4.573946237564087
14:40:00,0.9630231857299805
14:56:00,2.1623921394348145
15:12:00,1.7892212867736816
15:28:00,1.3196160793304443
15:44:00,0.5601511001586914
16:00:00,1.7982242107391357
16:16:00,0.41799092292785645
16:32:00,1.0089991092681885
16:48:00,0.5561389923095703
17:04:00,1.344918966293335
17:20:00,1.5208861827850342
17:36:00,2.742522954940796
17:52:00,0.9701402187347412
18:08:00,0.9645829200744629
18:24:00,0.5205819606781006
18:40:00,0.534451961517334
18:56:00,2.8511099815368652
19:12:00,0.9752671718597412
19:28:00,2.2489171028137207
19:44:00,1.962172269821167
20:00:00,1.0333759784698486
20:16:00,1.9833729267120361
20:32:00,3.272416114807129
20:48:00,1.0237832069396973
21:04:00,0.5829520225524902
21:20:00,0.519956111907959
21:36:00,0.4853079319000244
21:52:00,0.4473247528076172
22:08:00,0.4450500011444092
22:24:00,0.3589189052581787
22:40:00,0.4504718780517578
22:56:00,0.4346160888671875
23:12:00,0.43567800521850586
23:28:00,0.43283939361572266
