{
    "conflicts": 27,
    "makespan": 76680,
    "avg_queue_size": 0.16280701754385965,
    "avg_reschedule_exec_time": 0.21457893797691832,
    "avg_n_delay": 0.7540322580645161,
    "avg_n_scheduler_delay": 0.6532258064516129,
    "avg_n_uncertainty_delay": 0.10080645161290322
}