{
    "n_scheduler_delay": 274,
    "n_uncertainty_delay": 45,
    "makespan": 32370,
    "conflicts": 0,
    "avg_queue_size": 0.000925925925925926,
    "avg_reschedule_exec_time": 0.42433524353559626,
    "n_delay": 319,
    "avg_active_aircrafts": 10.652777777777779
}