{
    "avg_reschedule_exec_time": 0.5154084183448969,
    "avg_queue_size": 0.003703703703703704,
    "conflicts": 0,
    "n_scheduler_delay": 318,
    "avg_active_aircrafts": 11.187037037037037,
    "n_delay": 351,
    "makespan": 32370,
    "n_uncertainty_delay": 33
}