{
    "avg_n_uncertainty_delay": 0.0003475842891901286,
    "makespan": 76380,
    "avg_n_delay": 0.009037191518943343,
    "avg_reschedule_exec_time": 0.35845737093923485,
    "conflicts": 0,
    "avg_queue_size": 0.0,
    "avg_n_scheduler_delay": 0.008689607229753215
}