{
    "makespan": 76500,
    "avg_reschedule_exec_time": 0.09716095257402711,
    "avg_queue_size": 0.0,
    "avg_n_uncertainty_delay": 0.0003475842891901286,
    "avg_n_scheduler_delay": 0.008342022940563087,
    "avg_n_delay": 0.008689607229753215,
    "conflicts": 0
}