{
    "conflicts": 0,
    "makespan": 33510,
    "avg_n_delay": 0.030555555555555558,
    "avg_n_scheduler_delay": 0.02013888888888889,
    "avg_n_uncertainty_delay": 0.010416666666666666,
    "avg_queue_size": 0.0006944444444444445,
    "avg_reschedule_exec_time": 0.0518731845122526
}