{
    "n_scheduler_delay": 385,
    "n_uncertainty_delay": 2,
    "avg_active_aircrafts": 11.900925925925925,
    "n_delay": 387,
    "avg_reschedule_exec_time": 0.5171950074129327,
    "conflicts": 0,
    "makespan": 32370,
    "avg_queue_size": 0.06851851851851852
}