{
    "n_uncertainty_delay": 0,
    "makespan": 32370,
    "n_delay": 391,
    "avg_queue_size": 0.000925925925925926,
    "avg_active_aircrafts": 11.295370370370371,
    "n_scheduler_delay": 391,
    "conflicts": 0,
    "avg_reschedule_exec_time": 0.2921198591009363
}