{
    "avg_queue_size": 0.002777777777777778,
    "n_uncertainty_delay": 10,
    "makespan": 32370,
    "n_scheduler_delay": 321,
    "avg_reschedule_exec_time": 0.13846719331334384,
    "conflicts": 0,
    "n_delay": 331,
    "avg_active_aircrafts": 10.669444444444444
}