{
    "avg_reschedule_exec_time": 0.2846157229223917,
    "avg_active_aircrafts": 10.939814814814815,
    "avg_queue_size": 0.006481481481481481,
    "n_uncertainty_delay": 4,
    "n_delay": 364,
    "conflicts": 0,
    "makespan": 32370,
    "n_scheduler_delay": 360
}