{
    "conflicts": 0,
    "makespan": 33180,
    "avg_n_delay": 0.043055555555555555,
    "avg_n_scheduler_delay": 0.03125,
    "avg_n_uncertainty_delay": 0.011805555555555555,
    "avg_queue_size": 0.002777777777777778,
    "avg_reschedule_exec_time": 0.06763367533351718
}