{
    "avg_reschedule_exec_time": 0.10404259381520051,
    "avg_n_delay": 0.012169680111265646,
    "avg_queue_size": 0.0,
    "conflicts": 0,
    "makespan": 76440,
    "avg_n_scheduler_delay": 0.010083449235048678,
    "avg_n_uncertainty_delay": 0.002086230876216968
}