{
    "n_scheduler_delay": 361,
    "makespan": 32370,
    "avg_reschedule_exec_time": 0.4872255280960438,
    "n_delay": 363,
    "n_uncertainty_delay": 2,
    "avg_queue_size": 0.000925925925925926,
    "conflicts": 0,
    "avg_active_aircrafts": 10.850925925925926
}