{
    "makespan": 76530,
    "avg_queue_size": 0.0,
    "conflicts": 0,
    "avg_reschedule_exec_time": 0.5849563621181441,
    "avg_n_delay": 0.00868357068426537,
    "avg_n_uncertainty_delay": 0.0013893713094824591,
    "avg_n_scheduler_delay": 0.007294199374782911
}