{
    "n_scheduler_delay": 377,
    "makespan": 32370,
    "avg_reschedule_exec_time": 0.5351250060769015,
    "n_delay": 390,
    "n_uncertainty_delay": 13,
    "avg_queue_size": 0.005555555555555556,
    "conflicts": 0,
    "avg_active_aircrafts": 11.164814814814815
}