{
    "conflicts": 287,
    "makespan": 76770,
    "avg_queue_size": 0.09894736842105263,
    "avg_reschedule_exec_time": 0.9989424563468771,
    "avg_n_delay": 0.4055118110236221,
    "avg_n_scheduler_delay": 0.13385826771653545,
    "avg_n_uncertainty_delay": 0.27165354330708663
}