{
    "conflicts": 0,
    "n_scheduler_delay": 322,
    "avg_reschedule_exec_time": 0.8834353495981092,
    "avg_active_aircrafts": 10.60925925925926,
    "makespan": 32370,
    "n_uncertainty_delay": 5,
    "n_delay": 327,
    "avg_queue_size": 0.004629629629629629
}