{
    "conflicts": 0,
    "makespan": 33120,
    "avg_n_delay": 0.03611111111111111,
    "avg_n_scheduler_delay": 0.03333333333333333,
    "avg_n_uncertainty_delay": 0.002777777777777778,
    "avg_queue_size": 0.003472222222222222,
    "avg_reschedule_exec_time": 0.05374269697991586
}