{
    "conflicts": 0,
    "n_scheduler_delay": 279,
    "avg_reschedule_exec_time": 0.8304173678995292,
    "avg_active_aircrafts": 10.712962962962964,
    "makespan": 32370,
    "n_uncertainty_delay": 7,
    "n_delay": 286,
    "avg_queue_size": 0.003703703703703704
}