{
    "n_scheduler_delay": 317,
    "n_uncertainty_delay": 9,
    "makespan": 32370,
    "conflicts": 0,
    "avg_queue_size": 0.002777777777777778,
    "avg_reschedule_exec_time": 0.2733702814856241,
    "n_delay": 326,
    "avg_active_aircrafts": 11.011111111111111
}