{
    "avg_reschedule_exec_time": 0.2880018123360567,
    "avg_active_aircrafts": 11.128703703703703,
    "avg_queue_size": 0.002777777777777778,
    "n_uncertainty_delay": 1,
    "n_delay": 366,
    "conflicts": 0,
    "makespan": 32370,
    "n_scheduler_delay": 365
}