{
    "conflicts": 0,
    "n_scheduler_delay": 318,
    "avg_reschedule_exec_time": 1.1430801086211473,
    "avg_active_aircrafts": 11.123148148148148,
    "makespan": 32370,
    "n_uncertainty_delay": 6,
    "n_delay": 324,
    "avg_queue_size": 0.003703703703703704
}