{
    "avg_n_delay": 0.014993026499302651,
    "avg_n_scheduler_delay": 0.009414225941422594,
    "avg_queue_size": 0.011157601115760111,
    "avg_n_uncertainty_delay": 0.005578800557880056,
    "conflicts": 0,
    "avg_reschedule_exec_time": 0.14955386594563974,
    "makespan": 76770
}