{
    "avg_n_scheduler_delay": 0.00521557719054242,
    "avg_queue_size": 0.0,
    "avg_n_delay": 0.012169680111265648,
    "avg_reschedule_exec_time": 0.5908050095470503,
    "conflicts": 0,
    "avg_n_uncertainty_delay": 0.006954102920723227,
    "makespan": 76590
}