{
    "n_delay": 258,
    "n_scheduler_delay": 253,
    "avg_active_aircrafts": 10.492592592592592,
    "n_uncertainty_delay": 5,
    "makespan": 32370,
    "avg_reschedule_exec_time": 0.39154612851697346,
    "avg_queue_size": 0.001851851851851852,
    "conflicts": 0
}