{
    "n_scheduler_delay": 365,
    "n_uncertainty_delay": 6,
    "avg_active_aircrafts": 11.684259259259258,
    "n_delay": 371,
    "avg_reschedule_exec_time": 0.48556937062463096,
    "conflicts": 0,
    "makespan": 32370,
    "avg_queue_size": 0.05925925925925926
}