{
    "n_delay": 270,
    "conflicts": 0,
    "n_scheduler_delay": 265,
    "avg_reschedule_exec_time": 0.22659258066221724,
    "avg_active_aircrafts": 11.282407407407407,
    "avg_queue_size": 0.05555555555555555,
    "n_uncertainty_delay": 5,
    "makespan": 32370
}