{
    "conflicts": 0,
    "makespan": 33180,
    "avg_n_delay": 0.027083333333333334,
    "avg_n_scheduler_delay": 0.02013888888888889,
    "avg_n_uncertainty_delay": 0.006944444444444444,
    "avg_queue_size": 0.002777777777777778,
    "avg_reschedule_exec_time": 0.050862949206636476
}