{
    "conflicts": 0,
    "avg_n_delay": 0.017132867132867134,
    "avg_n_scheduler_delay": 0.014685314685314685,
    "avg_reschedule_exec_time": 0.2494519915379269,
    "makespan": 76770,
    "avg_queue_size": 0.08181818181818182,
    "avg_n_uncertainty_delay": 0.0024475524475524478
}