{
    "makespan": 32370,
    "avg_queue_size": 0.001851851851851852,
    "avg_reschedule_exec_time": 0.4168706128763598,
    "n_uncertainty_delay": 0,
    "conflicts": 0,
    "n_scheduler_delay": 275,
    "n_delay": 275,
    "avg_active_aircrafts": 10.748148148148148
}