{
    "avg_reschedule_exec_time": 0.09808865762354604,
    "avg_n_delay": 0.013560500695410291,
    "avg_queue_size": 0.0,
    "conflicts": 0,
    "makespan": 76470,
    "avg_n_scheduler_delay": 0.0076495132127955496,
    "avg_n_uncertainty_delay": 0.005910987482614743
}