{
    "n_scheduler_delay": 298,
    "makespan": 32370,
    "avg_reschedule_exec_time": 0.4264052812443223,
    "n_delay": 316,
    "n_uncertainty_delay": 18,
    "avg_queue_size": 0.004629629629629629,
    "conflicts": 0,
    "avg_active_aircrafts": 10.71111111111111
}