{
    "avg_n_delay": 0.01742160278745645,
    "avg_n_scheduler_delay": 0.012195121951219513,
    "avg_queue_size": 0.0289198606271777,
    "avg_n_uncertainty_delay": 0.005226480836236934,
    "conflicts": 0,
    "avg_reschedule_exec_time": 0.19380269915449852,
    "makespan": 76500
}