{
    "makespan": 32370,
    "avg_queue_size": 0.001851851851851852,
    "avg_reschedule_exec_time": 0.5009651605473008,
    "n_uncertainty_delay": 18,
    "conflicts": 0,
    "n_scheduler_delay": 355,
    "n_delay": 373,
    "avg_active_aircrafts": 11.03888888888889
}