{
    "makespan": 32370,
    "avg_queue_size": 0.007407407407407408,
    "avg_reschedule_exec_time": 0.5265558176262434,
    "n_uncertainty_delay": 23,
    "conflicts": 0,
    "n_scheduler_delay": 369,
    "n_delay": 392,
    "avg_active_aircrafts": 10.987037037037037
}