{
    "n_uncertainty_delay": 7,
    "avg_queue_size": 0.002777777777777778,
    "conflicts": 0,
    "avg_reschedule_exec_time": 0.5312355407448702,
    "n_delay": 371,
    "makespan": 32370,
    "n_scheduler_delay": 364,
    "avg_active_aircrafts": 11.0
}