{
    "n_delay": 305,
    "avg_queue_size": 0.09351851851851851,
    "n_scheduler_delay": 300,
    "n_uncertainty_delay": 5,
    "makespan": 32370,
    "conflicts": 0,
    "avg_reschedule_exec_time": 0.46154490071673726,
    "avg_active_aircrafts": 11.546296296296296
}