{
    "avg_reschedule_exec_time": 0.48666925541190215,
    "avg_active_aircrafts": 10.764814814814814,
    "avg_queue_size": 0.001851851851851852,
    "n_uncertainty_delay": 2,
    "n_delay": 337,
    "conflicts": 0,
    "makespan": 32370,
    "n_scheduler_delay": 335
}