{
    "conflicts": 0,
    "makespan": 33180,
    "avg_n_delay": 0.043055555555555555,
    "avg_n_scheduler_delay": 0.03263888888888889,
    "avg_n_uncertainty_delay": 0.010416666666666666,
    "avg_queue_size": 0.0006944444444444445,
    "avg_reschedule_exec_time": 0.05290722116454398
}