{
    "conflicts": 0,
    "makespan": 33570,
    "avg_n_delay": 0.05625,
    "avg_n_scheduler_delay": 0.044444444444444446,
    "avg_n_uncertainty_delay": 0.011805555555555555,
    "avg_queue_size": 0.0,
    "avg_reschedule_exec_time": 0.0574274268987119
}