{
    "n_delay": 369,
    "n_scheduler_delay": 358,
    "avg_active_aircrafts": 10.998148148148148,
    "n_uncertainty_delay": 11,
    "makespan": 32370,
    "avg_reschedule_exec_time": 0.5053627247034117,
    "avg_queue_size": 0.005555555555555556,
    "conflicts": 0
}