{
    "conflicts": 0,
    "avg_n_delay": 0.00909090909090909,
    "avg_n_scheduler_delay": 0.008041958041958041,
    "avg_reschedule_exec_time": 0.224729297866284,
    "makespan": 77070,
    "avg_queue_size": 0.04650349650349651,
    "avg_n_uncertainty_delay": 0.001048951048951049
}