{
    "makespan": 32370,
    "avg_queue_size": 0.002777777777777778,
    "avg_reschedule_exec_time": 0.50885927510816,
    "n_uncertainty_delay": 2,
    "conflicts": 0,
    "n_scheduler_delay": 343,
    "n_delay": 345,
    "avg_active_aircrafts": 11.122222222222222
}