{
    "avg_reschedule_exec_time": 0.2677929678628611,
    "avg_active_aircrafts": 11.089814814814815,
    "avg_queue_size": 0.001851851851851852,
    "n_uncertainty_delay": 8,
    "n_delay": 322,
    "conflicts": 0,
    "makespan": 32370,
    "n_scheduler_delay": 314
}