{
    "n_uncertainty_delay": 11,
    "avg_queue_size": 0.002777777777777778,
    "conflicts": 0,
    "avg_reschedule_exec_time": 0.31830803405406866,
    "n_delay": 312,
    "makespan": 32370,
    "n_scheduler_delay": 301,
    "avg_active_aircrafts": 10.780555555555555
}