{
    "n_scheduler_delay": 412,
    "n_uncertainty_delay": 9,
    "avg_active_aircrafts": 11.933333333333334,
    "n_delay": 421,
    "avg_reschedule_exec_time": 0.5448805664860925,
    "conflicts": 0,
    "makespan": 32370,
    "avg_queue_size": 0.08425925925925926
}