{
    "avg_reschedule_exec_time": 0.1054570515507775,
    "avg_n_delay": 0.014255910987482615,
    "avg_queue_size": 0.0,
    "conflicts": 0,
    "makespan": 76380,
    "avg_n_scheduler_delay": 0.010778859527121001,
    "avg_n_uncertainty_delay": 0.0034770514603616135
}