{
    "avg_n_delay": 0.01286509040333797,
    "avg_n_scheduler_delay": 0.009040333796940195,
    "avg_queue_size": 0.0,
    "avg_n_uncertainty_delay": 0.0038247566063977748,
    "conflicts": 0,
    "avg_reschedule_exec_time": 0.10001475598486685,
    "makespan": 76380
}