{
    "avg_n_delay": 0.0375,
    "avg_queue_size": 0.006944444444444444,
    "makespan": 33180,
    "avg_n_scheduler_delay": 0.034027777777777775,
    "avg_n_uncertainty_delay": 0.003472222222222222,
    "conflicts": 0,
    "avg_reschedule_exec_time": 0.11840345570233078
}