{
    "n_delay": 255,
    "conflicts": 0,
    "n_scheduler_delay": 252,
    "avg_reschedule_exec_time": 0.23248641435490097,
    "avg_active_aircrafts": 11.808333333333334,
    "avg_queue_size": 0.07777777777777778,
    "n_uncertainty_delay": 3,
    "makespan": 32370
}