{
    "n_scheduler_delay": 317,
    "n_uncertainty_delay": 4,
    "avg_active_aircrafts": 11.446296296296296,
    "n_delay": 321,
    "avg_reschedule_exec_time": 0.4445394471634266,
    "conflicts": 0,
    "makespan": 32370,
    "avg_queue_size": 0.06018518518518518
}