{
    "avg_queue_size": 0.004629629629629629,
    "n_uncertainty_delay": 4,
    "makespan": 32370,
    "n_scheduler_delay": 346,
    "avg_reschedule_exec_time": 0.28108511081961696,
    "conflicts": 0,
    "n_delay": 350,
    "avg_active_aircrafts": 10.826851851851853
}