{
    "n_uncertainty_delay": 0,
    "makespan": 32370,
    "n_delay": 408,
    "avg_queue_size": 0.011111111111111112,
    "avg_active_aircrafts": 10.794444444444444,
    "n_scheduler_delay": 408,
    "conflicts": 0,
    "avg_reschedule_exec_time": 0.5820516153823497
}