{
    "makespan": 32370,
    "avg_queue_size": 0.002777777777777778,
    "avg_reschedule_exec_time": 0.5288075147673141,
    "n_uncertainty_delay": 7,
    "conflicts": 0,
    "n_scheduler_delay": 352,
    "n_delay": 359,
    "avg_active_aircrafts": 11.062962962962963
}