{
    "conflicts": 0,
    "n_scheduler_delay": 387,
    "avg_reschedule_exec_time": 2.089116617784662,
    "avg_active_aircrafts": 10.89074074074074,
    "makespan": 32370,
    "n_uncertainty_delay": 7,
    "n_delay": 394,
    "avg_queue_size": 0.003703703703703704
}