{
    "conflicts": 0,
    "n_scheduler_delay": 367,
    "avg_reschedule_exec_time": 0.2906422982189341,
    "avg_active_aircrafts": 11.232407407407408,
    "makespan": 32370,
    "n_uncertainty_delay": 8,
    "n_delay": 375,
    "avg_queue_size": 0.002777777777777778
}