{
    "makespan": 76230,
    "avg_reschedule_exec_time": 0.12074071605031084,
    "avg_queue_size": 0.0,
    "avg_n_uncertainty_delay": 0.0010427528675703858,
    "avg_n_scheduler_delay": 0.0072992700729927005,
    "avg_n_delay": 0.008342022940563087,
    "conflicts": 0
}