{
    "total_conflicts": 8392,
    "makespan": 80700,
    "delay_added": 15390,
    "avg_queue_size": 0.012766701643931469,
    "avg_reschedule_exec_time": 29.03145235950507
}