{
    "conflicts": 648,
    "makespan": 77010,
    "delay_added": 4080,
    "avg_queue_size": 0.01117794486215547,
    "avg_reschedule_exec_time": 1.1624838823967791
}