{
    "avg_reschedule_exec_time": 0.2973769553872042,
    "avg_active_aircrafts": 11.164814814814815,
    "avg_queue_size": 0.004629629629629629,
    "n_uncertainty_delay": 6,
    "n_delay": 392,
    "conflicts": 0,
    "makespan": 32370,
    "n_scheduler_delay": 386
}