{
    "conflicts": 0,
    "makespan": 33450,
    "avg_n_delay": 0.044444444444444446,
    "avg_n_scheduler_delay": 0.03680555555555556,
    "avg_n_uncertainty_delay": 0.007638888888888889,
    "avg_queue_size": 0.005555555555555556,
    "avg_reschedule_exec_time": 0.053952398406429875
}