{
    "n_delay": 355,
    "avg_queue_size": 0.06111111111111111,
    "n_scheduler_delay": 354,
    "n_uncertainty_delay": 1,
    "makespan": 32370,
    "conflicts": 0,
    "avg_reschedule_exec_time": 0.5069235003271768,
    "avg_active_aircrafts": 12.101851851851851
}