{
    "avg_n_delay": 0.008692628650904033,
    "conflicts": 0,
    "makespan": 76770,
    "avg_n_uncertainty_delay": 0.003129346314325452,
    "avg_reschedule_exec_time": 0.4013931512168523,
    "avg_n_scheduler_delay": 0.005563282336578581,
    "avg_queue_size": 0.0
}