{
    "makespan": 76530,
    "avg_reschedule_exec_time": 0.3798291278084673,
    "avg_n_delay": 0.009040333796940195,
    "avg_queue_size": 0.0,
    "avg_n_uncertainty_delay": 0.0006954102920723226,
    "avg_n_scheduler_delay": 0.008344923504867872,
    "conflicts": 0
}