{
    "n_scheduler_delay": 298,
    "n_uncertainty_delay": 10,
    "avg_active_aircrafts": 11.777777777777779,
    "n_delay": 308,
    "avg_reschedule_exec_time": 0.43224189004232716,
    "conflicts": 0,
    "makespan": 32370,
    "avg_queue_size": 0.07592592592592592
}