{
    "conflicts": 0,
    "makespan": 33120,
    "avg_n_delay": 0.04236111111111111,
    "avg_n_scheduler_delay": 0.02361111111111111,
    "avg_n_uncertainty_delay": 0.01875,
    "avg_queue_size": 0.0020833333333333333,
    "avg_reschedule_exec_time": 0.08933827604756049
}