{
    "n_delay": 344,
    "conflicts": 0,
    "n_scheduler_delay": 342,
    "avg_reschedule_exec_time": 0.28263071525928585,
    "avg_active_aircrafts": 11.792592592592593,
    "avg_queue_size": 0.062037037037037036,
    "n_uncertainty_delay": 2,
    "makespan": 32370
}