{
    "n_delay": 329,
    "n_scheduler_delay": 319,
    "avg_active_aircrafts": 10.776851851851852,
    "n_uncertainty_delay": 10,
    "makespan": 32370,
    "avg_reschedule_exec_time": 0.4698658821194671,
    "avg_queue_size": 0.006481481481481481,
    "conflicts": 0
}