{
    "conflicts": 0,
    "makespan": 33270,
    "avg_n_delay": 0.03819444444444445,
    "avg_n_scheduler_delay": 0.03680555555555556,
    "avg_n_uncertainty_delay": 0.001388888888888889,
    "avg_queue_size": 0.003472222222222222,
    "avg_reschedule_exec_time": 0.05540839875308916
}