{
    "n_scheduler_delay": 329,
    "makespan": 32370,
    "avg_reschedule_exec_time": 0.47343490733656773,
    "n_delay": 339,
    "n_uncertainty_delay": 10,
    "avg_queue_size": 0.000925925925925926,
    "conflicts": 0,
    "avg_active_aircrafts": 11.066666666666666
}