{
    "makespan": 32130,
    "n_delay": 270,
    "conflicts": 0,
    "avg_reschedule_exec_time": 0.7667911702936346,
    "n_scheduler_delay": 260,
    "avg_active_aircrafts": 10.878731343283581,
    "avg_queue_size": 0.0065298507462686565,
    "n_uncertainty_delay": 10
}