{
    "avg_n_delay": 0.00803072625698324,
    "avg_n_scheduler_delay": 0.005935754189944134,
    "avg_queue_size": 0.02094972067039106,
    "avg_n_uncertainty_delay": 0.002094972067039106,
    "conflicts": 0,
    "avg_reschedule_exec_time": 0.19938618413517983,
    "makespan": 77010
}