{
    "n_delay": 339,
    "conflicts": 0,
    "n_scheduler_delay": 338,
    "avg_reschedule_exec_time": 0.27322883162387585,
    "avg_active_aircrafts": 12.050925925925926,
    "avg_queue_size": 0.05462962962962963,
    "n_uncertainty_delay": 1,
    "makespan": 32370
}