{
    "makespan": 32370,
    "avg_queue_size": 0.008333333333333333,
    "avg_reschedule_exec_time": 0.6079852115276247,
    "n_uncertainty_delay": 19,
    "conflicts": 0,
    "n_scheduler_delay": 422,
    "n_delay": 441,
    "avg_active_aircrafts": 11.150925925925925
}