{
    "conflicts": 0,
    "n_scheduler_delay": 366,
    "avg_reschedule_exec_time": 0.2621264426739185,
    "avg_active_aircrafts": 11.15925925925926,
    "makespan": 32370,
    "n_uncertainty_delay": 8,
    "n_delay": 374,
    "avg_queue_size": 0.004629629629629629
}