{
    "conflicts": 0,
    "makespan": 33480,
    "avg_n_delay": 0.03680555555555556,
    "avg_n_scheduler_delay": 0.03333333333333333,
    "avg_n_uncertainty_delay": 0.003472222222222222,
    "avg_queue_size": 0.002777777777777778,
    "avg_reschedule_exec_time": 0.053442472202864195
}