{
    "n_delay": 319,
    "n_scheduler_delay": 319,
    "avg_active_aircrafts": 11.032407407407407,
    "n_uncertainty_delay": 0,
    "makespan": 32370,
    "avg_reschedule_exec_time": 0.4777032874351324,
    "avg_queue_size": 0.005555555555555556,
    "conflicts": 0
}