{
    "conflicts": 0,
    "avg_n_delay": 0.012937062937062937,
    "avg_n_scheduler_delay": 0.00944055944055944,
    "avg_reschedule_exec_time": 0.24164885198566274,
    "makespan": 77280,
    "avg_queue_size": 0.038461538461538464,
    "avg_n_uncertainty_delay": 0.0034965034965034965
}