{
    "conflicts": 0,
    "avg_n_delay": 0.011888111888111888,
    "avg_n_scheduler_delay": 0.00909090909090909,
    "avg_reschedule_exec_time": 0.2441927110645133,
    "makespan": 76770,
    "avg_queue_size": 0.04965034965034965,
    "avg_n_uncertainty_delay": 0.002797202797202797
}