{
    "n_scheduler_delay": 308,
    "n_uncertainty_delay": 3,
    "avg_active_aircrafts": 11.864814814814816,
    "n_delay": 311,
    "avg_reschedule_exec_time": 0.46031729121540865,
    "conflicts": 0,
    "makespan": 32370,
    "avg_queue_size": 0.10092592592592593
}