{
    "avg_n_delay": 0.03263888888888889,
    "avg_queue_size": 0.02013888888888889,
    "makespan": 33300,
    "avg_n_scheduler_delay": 0.029166666666666667,
    "avg_n_uncertainty_delay": 0.003472222222222222,
    "conflicts": 0,
    "avg_reschedule_exec_time": 0.09625735002405503
}