{
    "avg_n_scheduler_delay": 0.008692628650904033,
    "avg_queue_size": 0.0,
    "avg_n_delay": 0.012517385257301807,
    "avg_reschedule_exec_time": 0.5925975307448661,
    "conflicts": 0,
    "avg_n_uncertainty_delay": 0.0038247566063977748,
    "makespan": 76650
}