{
    "avg_n_uncertainty_delay": 0.005910987482614743,
    "avg_reschedule_exec_time": 0.38547704711265884,
    "conflicts": 0,
    "avg_n_delay": 0.014255910987482615,
    "avg_queue_size": 0.0,
    "avg_n_scheduler_delay": 0.008344923504867872,
    "makespan": 76770
}