{
    "conflicts": 0,
    "n_scheduler_delay": 309,
    "avg_reschedule_exec_time": 0.38297381011083664,
    "avg_active_aircrafts": 10.846296296296297,
    "makespan": 32370,
    "n_uncertainty_delay": 10,
    "n_delay": 319,
    "avg_queue_size": 0.002777777777777778
}