{
    "conflicts": 0,
    "makespan": 33450,
    "avg_n_delay": 0.043055555555555555,
    "avg_n_scheduler_delay": 0.03680555555555556,
    "avg_n_uncertainty_delay": 0.00625,
    "avg_queue_size": 0.0020833333333333333,
    "avg_reschedule_exec_time": 0.053591077374216575
}