{
    "conflicts": 15,
    "makespan": 76620,
    "avg_queue_size": 0.4992982456140351,
    "avg_reschedule_exec_time": 0.25089119596684234,
    "avg_n_delay": 0.75,
    "avg_n_scheduler_delay": 0.6587301587301587,
    "avg_n_uncertainty_delay": 0.09126984126984126
}