{
    "conflicts": 0,
    "avg_n_delay": 0.024125874125874126,
    "avg_n_scheduler_delay": 0.01783216783216783,
    "avg_reschedule_exec_time": 0.1429013769391557,
    "makespan": 76830,
    "avg_queue_size": 0.04895104895104895,
    "avg_n_uncertainty_delay": 0.006293706293706294
}