{
    "conflicts": 461,
    "makespan": 78600,
    "avg_queue_size": 0.17719298245614035,
    "avg_reschedule_exec_time": 1.0685685847667938,
    "avg_n_delay": 0.796875,
    "avg_n_scheduler_delay": 0.19140625,
    "avg_n_uncertainty_delay": 0.60546875
}