{
    "conflicts": 0,
    "makespan": 33360,
    "avg_n_delay": 0.02847222222222222,
    "avg_n_scheduler_delay": 0.021527777777777778,
    "avg_n_uncertainty_delay": 0.006944444444444444,
    "avg_queue_size": 0.001388888888888889,
    "avg_reschedule_exec_time": 0.0524059809682097
}