{
    "makespan": 32370,
    "avg_queue_size": 0.007407407407407408,
    "avg_reschedule_exec_time": 0.4668716441753299,
    "n_uncertainty_delay": 19,
    "conflicts": 0,
    "n_scheduler_delay": 292,
    "n_delay": 311,
    "avg_active_aircrafts": 10.767592592592592
}