{
    "avg_n_uncertainty_delay": 0.0017385257301808068,
    "avg_n_delay": 0.008344923504867872,
    "avg_n_scheduler_delay": 0.006606397774687065,
    "conflicts": 0,
    "avg_queue_size": 0.0,
    "avg_reschedule_exec_time": 0.10162255093247778,
    "makespan": 76650
}