{
    "avg_n_scheduler_delay": 0.01043115438108484,
    "avg_queue_size": 0.0003477051460361613,
    "avg_n_delay": 0.011821974965229486,
    "avg_reschedule_exec_time": 0.6087899736043139,
    "conflicts": 0,
    "avg_n_uncertainty_delay": 0.0013908205841446453,
    "makespan": 76230
}