{
    "conflicts": 0,
    "n_scheduler_delay": 365,
    "avg_reschedule_exec_time": 1.942417733597033,
    "avg_active_aircrafts": 10.978544776119403,
    "makespan": 32130,
    "n_uncertainty_delay": 10,
    "n_delay": 375,
    "avg_queue_size": 0.0037313432835820895
}