{
    "conflicts": 0,
    "n_scheduler_delay": 414,
    "avg_reschedule_exec_time": 1.7394528075268394,
    "avg_active_aircrafts": 10.92300556586271,
    "makespan": 32310,
    "n_uncertainty_delay": 5,
    "n_delay": 419,
    "avg_queue_size": 0.0027829313543599257
}