{
    "n_scheduler_delay": 282,
    "makespan": 32370,
    "avg_reschedule_exec_time": 0.4202090862185456,
    "n_delay": 297,
    "n_uncertainty_delay": 15,
    "avg_queue_size": 0.002777777777777778,
    "conflicts": 0,
    "avg_active_aircrafts": 10.467592592592593
}