{
    "avg_n_delay": 0.03125,
    "avg_queue_size": 0.001388888888888889,
    "makespan": 33450,
    "avg_n_scheduler_delay": 0.022916666666666665,
    "avg_n_uncertainty_delay": 0.008333333333333333,
    "conflicts": 0,
    "avg_reschedule_exec_time": 0.09303259318253455
}