{
    "avg_reschedule_exec_time": 0.07500756640165858,
    "avg_queue_size": 0.0,
    "avg_n_scheduler_delay": 0.034722222222222224,
    "avg_n_uncertainty_delay": 0.007638888888888889,
    "conflicts": 0,
    "avg_n_delay": 0.04236111111111111,
    "makespan": 33300
}