{
    "conflicts": 17,
    "makespan": 76830,
    "avg_queue_size": 0.07543859649122807,
    "avg_reschedule_exec_time": 0.866588663547597,
    "avg_n_delay": 0.052,
    "avg_n_scheduler_delay": 0.044,
    "avg_n_uncertainty_delay": 0.008
}