{
    "conflicts": 0,
    "makespan": 33240,
    "avg_n_delay": 0.03958333333333333,
    "avg_n_scheduler_delay": 0.034722222222222224,
    "avg_n_uncertainty_delay": 0.004861111111111111,
    "avg_queue_size": 0.007638888888888889,
    "avg_reschedule_exec_time": 0.059009547353122895
}