{
    "n_uncertainty_delay": 7,
    "avg_queue_size": 0.004629629629629629,
    "conflicts": 0,
    "avg_reschedule_exec_time": 0.5859971290410951,
    "n_delay": 374,
    "makespan": 32370,
    "n_scheduler_delay": 367,
    "avg_active_aircrafts": 11.22037037037037
}