{
    "avg_reschedule_exec_time": 0.5736112638961437,
    "avg_active_aircrafts": 11.244444444444444,
    "avg_queue_size": 0.007407407407407408,
    "n_uncertainty_delay": 2,
    "n_delay": 390,
    "conflicts": 0,
    "makespan": 32370,
    "n_scheduler_delay": 388
}