{
    "conflicts": 0,
    "n_scheduler_delay": 360,
    "avg_reschedule_exec_time": 0.39970926458507666,
    "avg_active_aircrafts": 11.011111111111111,
    "makespan": 32370,
    "n_uncertainty_delay": 5,
    "n_delay": 365,
    "avg_queue_size": 0.001851851851851852
}