{
    "n_scheduler_delay": 357,
    "makespan": 32370,
    "avg_reschedule_exec_time": 0.5153186676114104,
    "n_delay": 362,
    "n_uncertainty_delay": 5,
    "avg_queue_size": 0.006481481481481481,
    "conflicts": 0,
    "avg_active_aircrafts": 10.876851851851852
}