{
    "avg_n_delay": 0.013560500695410291,
    "avg_n_scheduler_delay": 0.007997218358831711,
    "avg_queue_size": 0.0,
    "avg_n_uncertainty_delay": 0.005563282336578581,
    "conflicts": 0,
    "avg_reschedule_exec_time": 0.09576690462638408,
    "makespan": 76140
}