{
    "conflicts": 0,
    "n_scheduler_delay": 363,
    "avg_reschedule_exec_time": 0.4371232259672371,
    "avg_active_aircrafts": 11.264814814814814,
    "makespan": 32370,
    "n_uncertainty_delay": 8,
    "n_delay": 371,
    "avg_queue_size": 0.002777777777777778
}