{
    "conflicts": 0,
    "n_scheduler_delay": 316,
    "avg_reschedule_exec_time": 0.24354056347721362,
    "avg_active_aircrafts": 10.971296296296297,
    "makespan": 32370,
    "n_uncertainty_delay": 9,
    "n_delay": 325,
    "avg_queue_size": 0.002777777777777778
}