{
    "avg_n_scheduler_delay": 0.009388038942976356,
    "avg_queue_size": 0.0,
    "avg_n_delay": 0.01008344923504868,
    "avg_reschedule_exec_time": 0.603060606794437,
    "conflicts": 0,
    "avg_n_uncertainty_delay": 0.0006954102920723226,
    "makespan": 76530
}