{
    "avg_n_uncertainty_delay": 0.00521557719054242,
    "avg_n_delay": 0.01043115438108484,
    "avg_n_scheduler_delay": 0.00521557719054242,
    "conflicts": 0,
    "avg_queue_size": 0.0,
    "avg_reschedule_exec_time": 0.09901350321543914,
    "makespan": 76440
}