{
    "conflicts": 0,
    "avg_n_delay": 0.011188811188811189,
    "avg_n_scheduler_delay": 0.008741258741258742,
    "avg_reschedule_exec_time": 0.22159952009227915,
    "makespan": 76530,
    "avg_queue_size": 0.044405594405594405,
    "avg_n_uncertainty_delay": 0.0024475524475524478
}