{
    "avg_n_delay": 0.010786360473208072,
    "avg_n_scheduler_delay": 0.005915100904662491,
    "avg_queue_size": 0.0,
    "avg_n_uncertainty_delay": 0.0048712595685455815,
    "conflicts": 0,
    "avg_reschedule_exec_time": 0.11345297671760975,
    "makespan": 76500
}