{
    "avg_n_delay": 0.020905923344947737,
    "avg_n_scheduler_delay": 0.0156794425087108,
    "avg_queue_size": 0.004181184668989547,
    "avg_n_uncertainty_delay": 0.005226480836236934,
    "conflicts": 0,
    "avg_reschedule_exec_time": 0.15112488836675256,
    "makespan": 76470
}