{
    "n_uncertainty_delay": 4,
    "avg_queue_size": 0.000925925925925926,
    "conflicts": 0,
    "avg_reschedule_exec_time": 0.5120747000672097,
    "n_delay": 329,
    "makespan": 32370,
    "n_scheduler_delay": 325,
    "avg_active_aircrafts": 10.89074074074074
}