{
    "avg_reschedule_exec_time": 0.5114177925642147,
    "avg_active_aircrafts": 10.866666666666667,
    "avg_queue_size": 0.002777777777777778,
    "n_uncertainty_delay": 2,
    "n_delay": 344,
    "conflicts": 0,
    "makespan": 32370,
    "n_scheduler_delay": 342
}