{
    "conflicts": 104,
    "makespan": 77370,
    "avg_queue_size": 0.12727272727272726,
    "avg_reschedule_exec_time": 0.6485991302980195,
    "avg_n_delay": 0.05905511811023622,
    "avg_n_scheduler_delay": 0.05905511811023622,
    "avg_n_uncertainty_delay": 0.0
}