{
    "makespan": 32370,
    "avg_queue_size": 0.003703703703703704,
    "avg_reschedule_exec_time": 0.5162264790645865,
    "n_uncertainty_delay": 40,
    "conflicts": 0,
    "n_scheduler_delay": 329,
    "n_delay": 369,
    "avg_active_aircrafts": 10.825925925925926
}