{
    "conflicts": 0,
    "avg_n_delay": 0.011188811188811189,
    "avg_n_scheduler_delay": 0.01048951048951049,
    "avg_reschedule_exec_time": 0.22686033685442428,
    "makespan": 76530,
    "avg_queue_size": 0.03426573426573427,
    "avg_n_uncertainty_delay": 0.0006993006993006993
}