{
    "n_scheduler_delay": 401,
    "n_uncertainty_delay": 16,
    "makespan": 32370,
    "conflicts": 0,
    "avg_queue_size": 0.003703703703703704,
    "avg_reschedule_exec_time": 0.3214409362438113,
    "n_delay": 417,
    "avg_active_aircrafts": 11.007407407407408
}