{
    "avg_n_delay": 0.05555555555555555,
    "avg_queue_size": 0.029166666666666667,
    "makespan": 33360,
    "avg_n_scheduler_delay": 0.04861111111111111,
    "avg_n_uncertainty_delay": 0.006944444444444444,
    "conflicts": 0,
    "avg_reschedule_exec_time": 0.09909116304837741
}