{
    "makespan": 76440,
    "avg_reschedule_exec_time": 0.11783622764959568,
    "avg_queue_size": 0.001737921445950643,
    "avg_n_uncertainty_delay": 0.0003475842891901286,
    "avg_n_scheduler_delay": 0.007994438651372959,
    "avg_n_delay": 0.008342022940563087,
    "conflicts": 0
}