{
    "n_scheduler_delay": 280,
    "makespan": 32370,
    "avg_reschedule_exec_time": 0.4116820135781931,
    "n_delay": 280,
    "n_uncertainty_delay": 0,
    "avg_queue_size": 0.002777777777777778,
    "conflicts": 0,
    "avg_active_aircrafts": 10.562037037037037
}