{
    "makespan": 76350,
    "avg_queue_size": 0.0,
    "conflicts": 0,
    "avg_reschedule_exec_time": 0.5737009612614286,
    "avg_n_delay": 0.008336227856894755,
    "avg_n_uncertainty_delay": 0.0006946856547412296,
    "avg_n_scheduler_delay": 0.007641542202153525
}