{
    "conflicts": 0,
    "n_scheduler_delay": 329,
    "avg_reschedule_exec_time": 0.5522682000804879,
    "avg_active_aircrafts": 10.903703703703703,
    "makespan": 32370,
    "n_uncertainty_delay": 9,
    "n_delay": 338,
    "avg_queue_size": 0.004629629629629629
}