{
    "avg_n_scheduler_delay": 0.0076495132127955496,
    "avg_queue_size": 0.0,
    "avg_n_delay": 0.01043115438108484,
    "avg_reschedule_exec_time": 0.5966278676535094,
    "conflicts": 0,
    "avg_n_uncertainty_delay": 0.0027816411682892906,
    "makespan": 76230
}