{
    "avg_n_scheduler_delay": 0.006258692628650904,
    "avg_queue_size": 0.0003477051460361613,
    "avg_n_delay": 0.01286509040333797,
    "avg_reschedule_exec_time": 0.5883123957679133,
    "conflicts": 0,
    "avg_n_uncertainty_delay": 0.006606397774687065,
    "makespan": 76530
}