{
    "conflicts": 0,
    "avg_n_delay": 0.012937062937062937,
    "avg_n_scheduler_delay": 0.00909090909090909,
    "avg_reschedule_exec_time": 0.21312094406342844,
    "makespan": 76770,
    "avg_queue_size": 0.014685314685314685,
    "avg_n_uncertainty_delay": 0.0038461538461538464
}