{
    "avg_active_aircrafts": 10.798148148148147,
    "avg_queue_size": 0.000925925925925926,
    "n_scheduler_delay": 348,
    "n_delay": 356,
    "conflicts": 0,
    "makespan": 32370,
    "n_uncertainty_delay": 8,
    "avg_reschedule_exec_time": 0.25843763684117516
}