{
    "makespan": 32370,
    "avg_queue_size": 0.003703703703703704,
    "avg_reschedule_exec_time": 0.49000535122183864,
    "n_uncertainty_delay": 14,
    "conflicts": 0,
    "n_scheduler_delay": 330,
    "n_delay": 344,
    "avg_active_aircrafts": 10.762037037037038
}