{
    "conflicts": 0,
    "avg_n_delay": 0.015384615384615385,
    "avg_n_scheduler_delay": 0.012587412587412588,
    "avg_reschedule_exec_time": 0.24828506019753468,
    "makespan": 76650,
    "avg_queue_size": 0.05804195804195804,
    "avg_n_uncertainty_delay": 0.002797202797202797
}