{
    "avg_queue_size": 0.000925925925925926,
    "n_uncertainty_delay": 7,
    "makespan": 32370,
    "n_scheduler_delay": 341,
    "avg_reschedule_exec_time": 0.22666693531447626,
    "conflicts": 0,
    "n_delay": 348,
    "avg_active_aircrafts": 10.989814814814816
}