{
    "n_uncertainty_delay": 0,
    "avg_queue_size": 0.001851851851851852,
    "conflicts": 0,
    "avg_reschedule_exec_time": 0.5468330616174742,
    "n_delay": 398,
    "makespan": 32370,
    "n_scheduler_delay": 398,
    "avg_active_aircrafts": 10.837962962962964
}