{
    "avg_reschedule_exec_time": 0.4249385024225989,
    "avg_active_aircrafts": 10.616666666666667,
    "avg_queue_size": 0.003703703703703704,
    "n_uncertainty_delay": 0,
    "n_delay": 271,
    "conflicts": 0,
    "makespan": 32370,
    "n_scheduler_delay": 271
}