{
    "conflicts": 0,
    "n_scheduler_delay": 382,
    "avg_reschedule_exec_time": 0.5981968021925601,
    "avg_active_aircrafts": 10.940740740740742,
    "makespan": 32370,
    "n_uncertainty_delay": 7,
    "n_delay": 389,
    "avg_queue_size": 0.001851851851851852
}