{
    "makespan": 76680,
    "avg_queue_size": 0.0,
    "conflicts": 0,
    "avg_reschedule_exec_time": 0.5779952065989407,
    "avg_n_delay": 0.00868357068426537,
    "avg_n_uncertainty_delay": 0.0,
    "avg_n_scheduler_delay": 0.00868357068426537
}