{
    "avg_queue_size": 0.003703703703703704,
    "n_uncertainty_delay": 11,
    "makespan": 32370,
    "n_scheduler_delay": 345,
    "avg_reschedule_exec_time": 0.11723818284035613,
    "conflicts": 0,
    "n_delay": 356,
    "avg_active_aircrafts": 11.078703703703704
}