{
    "conflicts": 0,
    "n_scheduler_delay": 366,
    "avg_reschedule_exec_time": 0.2711266622030226,
    "avg_active_aircrafts": 11.238888888888889,
    "makespan": 32370,
    "n_uncertainty_delay": 5,
    "n_delay": 371,
    "avg_queue_size": 0.000925925925925926
}