{
    "avg_n_delay": 0.017385257301808066,
    "avg_n_scheduler_delay": 0.014603616133518776,
    "avg_queue_size": 0.0,
    "avg_n_uncertainty_delay": 0.0027816411682892906,
    "conflicts": 0,
    "avg_reschedule_exec_time": 0.10160330377913451,
    "makespan": 76350
}