{
    "n_scheduler_delay": 278,
    "n_uncertainty_delay": 2,
    "avg_active_aircrafts": 11.692592592592593,
    "n_delay": 280,
    "avg_reschedule_exec_time": 0.41578543130741563,
    "conflicts": 0,
    "makespan": 32370,
    "avg_queue_size": 0.07222222222222222
}