{
    "n_delay": 274,
    "avg_queue_size": 0.06481481481481481,
    "n_scheduler_delay": 271,
    "n_uncertainty_delay": 3,
    "makespan": 32370,
    "conflicts": 0,
    "avg_reschedule_exec_time": 0.40705577939055687,
    "avg_active_aircrafts": 11.458333333333334
}