{
    "conflicts": 0,
    "makespan": 33450,
    "avg_n_delay": 0.026388888888888885,
    "avg_n_scheduler_delay": 0.022916666666666665,
    "avg_n_uncertainty_delay": 0.003472222222222222,
    "avg_queue_size": 0.002777777777777778,
    "avg_reschedule_exec_time": 0.05296818725245909
}