{
    "n_scheduler_delay": 278,
    "n_uncertainty_delay": 0,
    "avg_active_aircrafts": 11.686111111111112,
    "n_delay": 278,
    "avg_reschedule_exec_time": 0.42022533305855686,
    "conflicts": 0,
    "makespan": 32370,
    "avg_queue_size": 0.05740740740740741
}