{
    "avg_reschedule_exec_time": 0.10285968634411485,
    "avg_n_delay": 0.015299026425591099,
    "avg_queue_size": 0.0,
    "conflicts": 0,
    "makespan": 76770,
    "avg_n_scheduler_delay": 0.011821974965229486,
    "avg_n_uncertainty_delay": 0.0034770514603616135
}