{
    "conflicts": 11,
    "makespan": 76770,
    "avg_queue_size": 0.13473684210526315,
    "avg_reschedule_exec_time": 0.8935875436092945,
    "avg_n_delay": 0.05859375,
    "avg_n_scheduler_delay": 0.05078125,
    "avg_n_uncertainty_delay": 0.0078125
}