{
    "conflicts": 0,
    "n_scheduler_delay": 293,
    "avg_reschedule_exec_time": 0.5010718926371143,
    "avg_active_aircrafts": 10.53425925925926,
    "makespan": 32370,
    "n_uncertainty_delay": 2,
    "n_delay": 295,
    "avg_queue_size": 0.005555555555555556
}