{
    "makespan": 32370,
    "avg_queue_size": 0.001851851851851852,
    "avg_reschedule_exec_time": 0.43234067628549977,
    "n_uncertainty_delay": 8,
    "conflicts": 0,
    "n_scheduler_delay": 269,
    "n_delay": 277,
    "avg_active_aircrafts": 10.801851851851852
}