{
    "avg_n_delay": 0.019930069930069932,
    "avg_n_scheduler_delay": 0.015384615384615385,
    "avg_queue_size": 0.045454545454545456,
    "avg_n_uncertainty_delay": 0.004545454545454545,
    "conflicts": 0,
    "avg_reschedule_exec_time": 0.2712647471317025,
    "makespan": 76740
}