{
    "avg_n_delay": 0.03819444444444445,
    "avg_queue_size": 0.02361111111111111,
    "makespan": 33570,
    "avg_n_scheduler_delay": 0.03125,
    "avg_n_uncertainty_delay": 0.006944444444444444,
    "conflicts": 0,
    "avg_reschedule_exec_time": 0.07958172419883686
}