{
    "n_scheduler_delay": 307,
    "n_uncertainty_delay": 2,
    "avg_active_aircrafts": 11.454629629629629,
    "n_delay": 309,
    "avg_reschedule_exec_time": 0.44970256339672,
    "conflicts": 0,
    "makespan": 32370,
    "avg_queue_size": 0.05925925925925926
}