{
    "avg_reschedule_exec_time": 0.2534725566243016,
    "avg_active_aircrafts": 10.816666666666666,
    "avg_queue_size": 0.000925925925925926,
    "n_uncertainty_delay": 3,
    "n_delay": 316,
    "conflicts": 0,
    "makespan": 32370,
    "n_scheduler_delay": 313
}