{
    "n_uncertainty_delay": 4,
    "avg_queue_size": 0.003703703703703704,
    "conflicts": 0,
    "avg_reschedule_exec_time": 0.4609863425410071,
    "n_delay": 294,
    "makespan": 32370,
    "n_scheduler_delay": 290,
    "avg_active_aircrafts": 10.608333333333333
}