{
    "makespan": 76500,
    "avg_reschedule_exec_time": 0.3862337999689214,
    "avg_n_delay": 0.012169680111265646,
    "avg_queue_size": 0.0,
    "avg_n_uncertainty_delay": 0.0027816411682892906,
    "avg_n_scheduler_delay": 0.009388038942976356,
    "conflicts": 0
}