{
    "n_delay": 269,
    "avg_queue_size": 0.062037037037037036,
    "n_scheduler_delay": 269,
    "n_uncertainty_delay": 0,
    "makespan": 32370,
    "conflicts": 0,
    "avg_reschedule_exec_time": 0.46112348867017167,
    "avg_active_aircrafts": 11.872222222222222
}