{
    "n_uncertainty_delay": 0,
    "avg_queue_size": 0.002777777777777778,
    "conflicts": 0,
    "avg_reschedule_exec_time": 0.5488178053567576,
    "n_delay": 371,
    "makespan": 32370,
    "n_scheduler_delay": 371,
    "avg_active_aircrafts": 11.261111111111111
}