{
    "conflicts": 0,
    "n_scheduler_delay": 311,
    "avg_reschedule_exec_time": 0.4003391079743112,
    "avg_active_aircrafts": 11.059259259259258,
    "makespan": 32370,
    "n_uncertainty_delay": 7,
    "n_delay": 318,
    "avg_queue_size": 0.005555555555555556
}