{
    "makespan": 32370,
    "avg_queue_size": 0.007407407407407408,
    "avg_reschedule_exec_time": 0.5773869791696238,
    "n_uncertainty_delay": 0,
    "conflicts": 0,
    "n_scheduler_delay": 394,
    "n_delay": 394,
    "avg_active_aircrafts": 11.24074074074074
}