{
    "makespan": 32370,
    "avg_queue_size": 0.004629629629629629,
    "avg_reschedule_exec_time": 0.5626077263854271,
    "n_uncertainty_delay": 5,
    "conflicts": 0,
    "n_scheduler_delay": 378,
    "n_delay": 383,
    "avg_active_aircrafts": 11.035185185185185
}