{
    "n_scheduler_delay": 362,
    "n_uncertainty_delay": 4,
    "makespan": 32370,
    "conflicts": 0,
    "avg_queue_size": 0.002777777777777778,
    "avg_reschedule_exec_time": 0.29453794900761093,
    "n_delay": 366,
    "avg_active_aircrafts": 10.84074074074074
}