{
    "conflicts": 0,
    "makespan": 33450,
    "avg_n_delay": 0.04722222222222222,
    "avg_n_scheduler_delay": 0.02638888888888889,
    "avg_n_uncertainty_delay": 0.020833333333333332,
    "avg_queue_size": 0.0,
    "avg_reschedule_exec_time": 0.09256727449741205
}