{
    "avg_n_delay": 0.02097902097902098,
    "avg_n_scheduler_delay": 0.017132867132867134,
    "avg_queue_size": 0.05909090909090909,
    "avg_n_uncertainty_delay": 0.0038461538461538464,
    "conflicts": 0,
    "avg_reschedule_exec_time": 0.2392074011881417,
    "makespan": 76590
}