{
    "avg_n_delay": 0.02912280701754386,
    "avg_n_scheduler_delay": 0.023859649122807018,
    "avg_queue_size": 0.0968421052631579,
    "avg_n_uncertainty_delay": 0.005263157894736842,
    "conflicts": 0,
    "avg_reschedule_exec_time": 0.40169802371491775,
    "makespan": 76590
}