{
    "avg_queue_size": 0.002777777777777778,
    "n_uncertainty_delay": 9,
    "makespan": 32370,
    "n_scheduler_delay": 359,
    "avg_reschedule_exec_time": 0.1911357544922895,
    "conflicts": 0,
    "n_delay": 368,
    "avg_active_aircrafts": 10.898148148148149
}