{
    "conflicts": 0,
    "avg_n_delay": 0.016783216783216783,
    "avg_n_scheduler_delay": 0.009790209790209791,
    "avg_reschedule_exec_time": 0.2400646797368224,
    "makespan": 76650,
    "avg_queue_size": 0.05944055944055944,
    "avg_n_uncertainty_delay": 0.006993006993006993
}