{
    "conflicts": 0,
    "avg_n_delay": 0.014685314685314687,
    "avg_n_scheduler_delay": 0.009790209790209791,
    "avg_reschedule_exec_time": 0.22514972552447252,
    "makespan": 76530,
    "avg_queue_size": 0.04965034965034965,
    "avg_n_uncertainty_delay": 0.0048951048951048955
}