{
    "makespan": 32370,
    "avg_queue_size": 0.003703703703703704,
    "avg_reschedule_exec_time": 0.5539546722589537,
    "n_uncertainty_delay": 6,
    "conflicts": 0,
    "n_scheduler_delay": 408,
    "n_delay": 414,
    "avg_active_aircrafts": 11.100925925925926
}