{
    "conflicts": 21,
    "makespan": 76680,
    "avg_queue_size": 0.9501754385964912,
    "avg_reschedule_exec_time": 0.21227839906164941,
    "avg_n_delay": 0.7519685039370079,
    "avg_n_scheduler_delay": 0.6692913385826772,
    "avg_n_uncertainty_delay": 0.08267716535433071
}