{
    "avg_reschedule_exec_time": 0.3476316817971163,
    "avg_active_aircrafts": 11.203703703703704,
    "avg_queue_size": 0.002777777777777778,
    "n_uncertainty_delay": 5,
    "n_delay": 444,
    "conflicts": 0,
    "makespan": 32370,
    "n_scheduler_delay": 439
}