{
    "n_uncertainty_delay": 10,
    "avg_queue_size": 0.009259259259259259,
    "conflicts": 0,
    "avg_reschedule_exec_time": 0.5639393030210983,
    "n_delay": 385,
    "makespan": 32370,
    "n_scheduler_delay": 375,
    "avg_active_aircrafts": 11.025925925925925
}