{
    "avg_reschedule_exec_time": 0.23799256391303483,
    "avg_active_aircrafts": 10.569444444444445,
    "avg_queue_size": 0.000925925925925926,
    "n_uncertainty_delay": 2,
    "n_delay": 295,
    "conflicts": 0,
    "makespan": 32370,
    "n_scheduler_delay": 293
}