{
    "n_uncertainty_delay": 4,
    "avg_queue_size": 0.005555555555555556,
    "conflicts": 0,
    "avg_reschedule_exec_time": 0.5235418297523676,
    "n_delay": 342,
    "makespan": 32370,
    "n_scheduler_delay": 338,
    "avg_active_aircrafts": 10.941666666666666
}