{
    "conflicts": 0,
    "avg_n_delay": 0.013636363636363636,
    "avg_n_scheduler_delay": 0.01013986013986014,
    "avg_reschedule_exec_time": 0.2156379676200974,
    "makespan": 76380,
    "avg_queue_size": 0.032517482517482516,
    "avg_n_uncertainty_delay": 0.0034965034965034965
}