{
    "makespan": 32370,
    "avg_queue_size": 0.000925925925925926,
    "avg_reschedule_exec_time": 0.4597296348837919,
    "n_uncertainty_delay": 0,
    "conflicts": 0,
    "n_scheduler_delay": 316,
    "n_delay": 316,
    "avg_active_aircrafts": 10.599074074074075
}