{
    "conflicts": 0,
    "makespan": 33150,
    "avg_n_delay": 0.024999999999999998,
    "avg_n_scheduler_delay": 0.02361111111111111,
    "avg_n_uncertainty_delay": 0.001388888888888889,
    "avg_queue_size": 0.002777777777777778,
    "avg_reschedule_exec_time": 0.05099870102651272
}