{
    "avg_reschedule_exec_time": 0.29976036493168323,
    "avg_active_aircrafts": 10.86111111111111,
    "avg_queue_size": 0.003703703703703704,
    "n_uncertainty_delay": 2,
    "n_delay": 381,
    "conflicts": 0,
    "makespan": 32370,
    "n_scheduler_delay": 379
}