{
    "n_delay": 340,
    "avg_queue_size": 0.07777777777777778,
    "n_scheduler_delay": 338,
    "n_uncertainty_delay": 2,
    "makespan": 32370,
    "conflicts": 0,
    "avg_reschedule_exec_time": 0.4975695244101591,
    "avg_active_aircrafts": 11.823148148148148
}