{
    "conflicts": 0,
    "avg_n_delay": 0.01048951048951049,
    "avg_n_scheduler_delay": 0.008391608391608392,
    "avg_reschedule_exec_time": 0.2127857661583054,
    "makespan": 76770,
    "avg_queue_size": 0.017132867132867134,
    "avg_n_uncertainty_delay": 0.002097902097902098
}