{
    "conflicts": 0,
    "avg_n_delay": 0.015034965034965035,
    "avg_n_scheduler_delay": 0.012937062937062937,
    "avg_reschedule_exec_time": 0.23736841913679957,
    "makespan": 76530,
    "avg_queue_size": 0.024475524475524476,
    "avg_n_uncertainty_delay": 0.002097902097902098
}