{
    "makespan": 32370,
    "avg_queue_size": 0.002777777777777778,
    "avg_reschedule_exec_time": 0.5684084304543429,
    "n_uncertainty_delay": 26,
    "conflicts": 0,
    "n_scheduler_delay": 365,
    "n_delay": 391,
    "avg_active_aircrafts": 11.29351851851852
}