{
    "avg_reschedule_exec_time": 0.6428094764088476,
    "avg_queue_size": 0.007407407407407408,
    "conflicts": 0,
    "n_scheduler_delay": 406,
    "avg_active_aircrafts": 11.239814814814816,
    "n_delay": 416,
    "makespan": 32370,
    "n_uncertainty_delay": 10
}