{
    "avg_n_delay": 0.021210013908205844,
    "avg_n_scheduler_delay": 0.016689847009735744,
    "avg_queue_size": 0.0,
    "avg_n_uncertainty_delay": 0.004520166898470098,
    "conflicts": 0,
    "avg_reschedule_exec_time": 0.10283453584049405,
    "makespan": 76470
}