{
    "avg_n_delay": 0.02626050420168067,
    "avg_n_scheduler_delay": 0.023809523809523808,
    "avg_queue_size": 0.05217086834733894,
    "avg_n_uncertainty_delay": 0.0024509803921568627,
    "conflicts": 0,
    "avg_reschedule_exec_time": 0.1740588126796307,
    "makespan": 76770
}