{
    "conflicts": 0,
    "makespan": 78480,
    "avg_queue_size": 3.714385964912281,
    "avg_reschedule_exec_time": 0.21178565887694664,
    "avg_n_delay": 0.6692307692307692,
    "avg_n_scheduler_delay": 0.6692307692307692,
    "avg_n_uncertainty_delay": 0.0
}