{
    "avg_n_delay": 0.03333333333333333,
    "avg_queue_size": 0.019444444444444445,
    "makespan": 33510,
    "avg_n_scheduler_delay": 0.027777777777777776,
    "avg_n_uncertainty_delay": 0.005555555555555556,
    "conflicts": 0,
    "avg_reschedule_exec_time": 0.07419628803956442
}