{
    "conflicts": 3,
    "makespan": 76650,
    "avg_queue_size": 0.002785515320334262,
    "avg_reschedule_exec_time": 0.3891207306078692,
    "avg_n_delay": 0.0,
    "avg_n_scheduler_delay": 0.0,
    "avg_n_uncertainty_delay": 0.0
}