{
    "conflicts": 0,
    "n_scheduler_delay": 339,
    "avg_reschedule_exec_time": 0.2746316373679987,
    "avg_active_aircrafts": 10.825925925925926,
    "makespan": 32370,
    "n_uncertainty_delay": 6,
    "n_delay": 345,
    "avg_queue_size": 0.002777777777777778
}