{
    "n_uncertainty_delay": 0,
    "makespan": 32370,
    "n_delay": 359,
    "avg_queue_size": 0.004629629629629629,
    "avg_active_aircrafts": 11.107407407407408,
    "n_scheduler_delay": 359,
    "conflicts": 0,
    "avg_reschedule_exec_time": 0.44582337872246386
}