{
    "avg_n_delay": 0.011126564673157164,
    "conflicts": 0,
    "makespan": 76530,
    "avg_n_uncertainty_delay": 0.0017385257301808068,
    "avg_reschedule_exec_time": 0.38464858040504135,
    "avg_n_scheduler_delay": 0.009388038942976356,
    "avg_queue_size": 0.0
}