{
    "conflicts": 0,
    "makespan": 76410,
    "avg_queue_size": 0.0,
    "avg_reschedule_exec_time": 0.3421750636485958,
    "avg_n_delay": 0.00521557719054242,
    "avg_n_scheduler_delay": 0.004867872044506259,
    "avg_n_uncertainty_delay": 0.0003477051460361613
}