{
    "conflicts": 0,
    "makespan": 33330,
    "avg_n_delay": 0.03194444444444444,
    "avg_n_scheduler_delay": 0.03125,
    "avg_n_uncertainty_delay": 0.0006944444444444445,
    "avg_queue_size": 0.0,
    "avg_reschedule_exec_time": 0.05299408854216254
}