{
    "conflicts": 256,
    "makespan": 76800,
    "avg_queue_size": 0.13052631578947368,
    "avg_reschedule_exec_time": 0.9526302484755821,
    "avg_n_delay": 0.27165354330708663,
    "avg_n_scheduler_delay": 0.1220472440944882,
    "avg_n_uncertainty_delay": 0.14960629921259844
}