{
    "makespan": 76290,
    "avg_reschedule_exec_time": 0.37964878274869784,
    "avg_n_delay": 0.012517385257301809,
    "avg_queue_size": 0.0,
    "avg_n_uncertainty_delay": 0.0006954102920723226,
    "avg_n_scheduler_delay": 0.011821974965229486,
    "conflicts": 0
}