{
    "conflicts": 0,
    "avg_n_delay": 0.01923076923076923,
    "avg_n_scheduler_delay": 0.016083916083916083,
    "avg_reschedule_exec_time": 0.2678564014569135,
    "makespan": 76770,
    "avg_queue_size": 0.027972027972027972,
    "avg_n_uncertainty_delay": 0.003146853146853147
}