{
    "n_delay": 352,
    "avg_queue_size": 0.06296296296296296,
    "n_scheduler_delay": 349,
    "n_uncertainty_delay": 3,
    "makespan": 32370,
    "conflicts": 0,
    "avg_reschedule_exec_time": 0.49812569840009824,
    "avg_active_aircrafts": 11.971296296296297
}