{
    "n_uncertainty_delay": 0,
    "makespan": 32370,
    "n_delay": 341,
    "avg_queue_size": 0.000925925925925926,
    "avg_active_aircrafts": 11.323148148148148,
    "n_scheduler_delay": 341,
    "conflicts": 0,
    "avg_reschedule_exec_time": 0.4288367090615198
}