{
    "avg_n_delay": 0.021602787456445994,
    "avg_n_scheduler_delay": 0.01602787456445993,
    "avg_queue_size": 0.005574912891986063,
    "avg_n_uncertainty_delay": 0.005574912891986063,
    "conflicts": 0,
    "avg_reschedule_exec_time": 0.16030403450652436,
    "makespan": 76650
}