{
    "conflicts": 0,
    "n_scheduler_delay": 377,
    "avg_reschedule_exec_time": 0.29144678973974675,
    "avg_active_aircrafts": 11.072222222222223,
    "makespan": 32370,
    "n_uncertainty_delay": 6,
    "n_delay": 383,
    "avg_queue_size": 0.011111111111111112
}