{
    "n_scheduler_delay": 322,
    "n_uncertainty_delay": 31,
    "makespan": 32370,
    "conflicts": 0,
    "avg_queue_size": 0.002777777777777778,
    "avg_reschedule_exec_time": 0.46854066072508344,
    "n_delay": 353,
    "avg_active_aircrafts": 10.616666666666667
}