{
    "avg_queue_size": 0.005555555555555556,
    "n_uncertainty_delay": 6,
    "makespan": 32370,
    "n_scheduler_delay": 399,
    "avg_reschedule_exec_time": 0.16044797835411964,
    "conflicts": 0,
    "n_delay": 405,
    "avg_active_aircrafts": 11.339814814814815
}