{
    "n_uncertainty_delay": 0,
    "makespan": 32370,
    "n_delay": 331,
    "avg_queue_size": 0.001851851851851852,
    "avg_active_aircrafts": 10.982407407407408,
    "n_scheduler_delay": 331,
    "conflicts": 0,
    "avg_reschedule_exec_time": 0.27507743101173077
}