{
    "n_uncertainty_delay": 6,
    "avg_queue_size": 0.003703703703703704,
    "conflicts": 0,
    "avg_reschedule_exec_time": 0.5075202575949735,
    "n_delay": 368,
    "makespan": 32370,
    "n_scheduler_delay": 362,
    "avg_active_aircrafts": 10.84537037037037
}