{
    "avg_reschedule_exec_time": 0.5055931911912075,
    "avg_active_aircrafts": 11.125925925925927,
    "avg_queue_size": 0.001851851851851852,
    "n_uncertainty_delay": 2,
    "n_delay": 344,
    "conflicts": 0,
    "makespan": 32370,
    "n_scheduler_delay": 342
}