{
    "avg_n_scheduler_delay": 0.006258692628650904,
    "avg_queue_size": 0.0,
    "avg_n_delay": 0.011821974965229486,
    "avg_reschedule_exec_time": 0.5833510605405632,
    "conflicts": 0,
    "avg_n_uncertainty_delay": 0.005563282336578581,
    "makespan": 76230
}