{
    "makespan": 32370,
    "avg_queue_size": 0.004629629629629629,
    "avg_reschedule_exec_time": 0.5041363671768543,
    "n_uncertainty_delay": 0,
    "conflicts": 0,
    "n_scheduler_delay": 338,
    "n_delay": 338,
    "avg_active_aircrafts": 10.76388888888889
}