{
    "n_delay": 346,
    "n_scheduler_delay": 345,
    "avg_active_aircrafts": 10.924074074074074,
    "n_uncertainty_delay": 1,
    "makespan": 32370,
    "avg_reschedule_exec_time": 0.5046003164247025,
    "avg_queue_size": 0.006481481481481481,
    "conflicts": 0
}