{
    "makespan": 76140,
    "avg_queue_size": 0.0,
    "conflicts": 0,
    "avg_reschedule_exec_time": 0.5736637894191039,
    "avg_n_delay": 0.009725599166377216,
    "avg_n_uncertainty_delay": 0.0003473428273706148,
    "avg_n_scheduler_delay": 0.0093782563390066
}