{
    "avg_n_uncertainty_delay": 0.0010420284821118443,
    "makespan": 76770,
    "avg_n_delay": 0.010767627648489058,
    "avg_reschedule_exec_time": 0.3953966760934021,
    "conflicts": 0,
    "avg_queue_size": 0.0006946856547412296,
    "avg_n_scheduler_delay": 0.009725599166377214
}