{
    "makespan": 76500,
    "avg_reschedule_exec_time": 0.11771821925933774,
    "avg_queue_size": 0.0006946856547412296,
    "avg_n_uncertainty_delay": 0.0013893713094824591,
    "avg_n_scheduler_delay": 0.006599513720041681,
    "avg_n_delay": 0.007988885029524141,
    "conflicts": 0
}