{
    "n_scheduler_delay": 275,
    "n_uncertainty_delay": 0,
    "makespan": 32370,
    "conflicts": 0,
    "avg_queue_size": 0.004629629629629629,
    "avg_reschedule_exec_time": 0.43172767439553905,
    "n_delay": 275,
    "avg_active_aircrafts": 10.667592592592593
}