{
    "n_scheduler_delay": 318,
    "n_uncertainty_delay": 0,
    "avg_active_aircrafts": 12.057407407407407,
    "n_delay": 318,
    "avg_reschedule_exec_time": 0.49691228090330614,
    "conflicts": 0,
    "makespan": 32370,
    "avg_queue_size": 0.08425925925925926
}