{
    "makespan": 32370,
    "avg_queue_size": 0.000925925925925926,
    "avg_reschedule_exec_time": 0.5127929022145826,
    "n_uncertainty_delay": 0,
    "conflicts": 0,
    "n_scheduler_delay": 358,
    "n_delay": 358,
    "avg_active_aircrafts": 10.85925925925926
}