{
    "conflicts": 0,
    "avg_n_delay": 0.006993006993006993,
    "avg_n_scheduler_delay": 0.006643356643356644,
    "avg_reschedule_exec_time": 0.2223038522290512,
    "makespan": 76770,
    "avg_queue_size": 0.039160839160839164,
    "avg_n_uncertainty_delay": 0.00034965034965034965
}