{
    "n_scheduler_delay": 258,
    "n_uncertainty_delay": 5,
    "avg_active_aircrafts": 11.178703703703704,
    "n_delay": 263,
    "avg_reschedule_exec_time": 0.37961741048236225,
    "conflicts": 0,
    "makespan": 32370,
    "avg_queue_size": 0.03888888888888889
}