{
    "conflicts": 0,
    "n_scheduler_delay": 387,
    "avg_reschedule_exec_time": 0.6093705060095761,
    "avg_active_aircrafts": 11.185185185185185,
    "makespan": 32370,
    "n_uncertainty_delay": 11,
    "n_delay": 398,
    "avg_queue_size": 0.005555555555555556
}