{
    "avg_queue_size": 0.004629629629629629,
    "n_uncertainty_delay": 10,
    "makespan": 32370,
    "n_scheduler_delay": 310,
    "avg_reschedule_exec_time": 0.17214602547435706,
    "conflicts": 0,
    "n_delay": 320,
    "avg_active_aircrafts": 10.809259259259258
}