{
    "n_uncertainty_delay": 0,
    "makespan": 32370,
    "n_delay": 393,
    "avg_queue_size": 0.002777777777777778,
    "avg_active_aircrafts": 10.947222222222223,
    "n_scheduler_delay": 393,
    "conflicts": 0,
    "avg_reschedule_exec_time": 0.3942766448581451
}