{
    "conflicts": 0,
    "n_scheduler_delay": 348,
    "avg_reschedule_exec_time": 0.404895544052124,
    "avg_active_aircrafts": 10.764814814814814,
    "makespan": 32370,
    "n_uncertainty_delay": 8,
    "n_delay": 356,
    "avg_queue_size": 0.000925925925925926
}