{
    "conflicts": 0,
    "makespan": 33480,
    "avg_n_delay": 0.05277777777777777,
    "avg_n_scheduler_delay": 0.03611111111111111,
    "avg_n_uncertainty_delay": 0.016666666666666666,
    "avg_queue_size": 0.001388888888888889,
    "avg_reschedule_exec_time": 0.09759025587012841
}