{
    "avg_reschedule_exec_time": 0.3823793577593426,
    "avg_active_aircrafts": 10.525925925925925,
    "avg_queue_size": 0.002777777777777778,
    "n_uncertainty_delay": 4,
    "n_delay": 226,
    "conflicts": 0,
    "makespan": 32370,
    "n_scheduler_delay": 222
}