{
    "n_uncertainty_delay": 1,
    "avg_queue_size": 0.003703703703703704,
    "conflicts": 0,
    "avg_reschedule_exec_time": 0.510382801987404,
    "n_delay": 350,
    "makespan": 32370,
    "n_scheduler_delay": 349,
    "avg_active_aircrafts": 10.505555555555556
}