{"total_conflicts": 533, "makespan": 84000, "delay_added": 90, "avg_queue_size": 2.37379036959309, "avg_reschedule_exec_time": 0.08952405614760316}