{
    "n_delay": 325,
    "conflicts": 0,
    "n_scheduler_delay": 325,
    "avg_reschedule_exec_time": 0.27753400248150495,
    "avg_active_aircrafts": 11.862037037037037,
    "avg_queue_size": 0.08055555555555556,
    "n_uncertainty_delay": 0,
    "makespan": 32370
}