{
    "avg_reschedule_exec_time": 0.2820758897204732,
    "avg_active_aircrafts": 11.204629629629629,
    "avg_queue_size": 0.003703703703703704,
    "n_uncertainty_delay": 2,
    "n_delay": 347,
    "conflicts": 0,
    "makespan": 32370,
    "n_scheduler_delay": 345
}