{
    "n_scheduler_delay": 361,
    "n_uncertainty_delay": 3,
    "avg_active_aircrafts": 12.157407407407407,
    "n_delay": 364,
    "avg_reschedule_exec_time": 0.5561489970185036,
    "conflicts": 0,
    "makespan": 32370,
    "avg_queue_size": 0.09351851851851851
}