{
    "makespan": 76440,
    "avg_queue_size": 0.0,
    "conflicts": 0,
    "avg_reschedule_exec_time": 0.5837267812877335,
    "avg_n_delay": 0.011114970475859673,
    "avg_n_uncertainty_delay": 0.0006946856547412296,
    "avg_n_scheduler_delay": 0.010420284821118444
}