{
    "n_uncertainty_delay": 11,
    "avg_queue_size": 0.007407407407407408,
    "conflicts": 0,
    "avg_reschedule_exec_time": 0.2993415965590366,
    "n_delay": 374,
    "makespan": 32370,
    "n_scheduler_delay": 363,
    "avg_active_aircrafts": 10.800925925925926
}