{
    "avg_reschedule_exec_time": 0.24253780675488848,
    "avg_active_aircrafts": 10.756481481481481,
    "avg_queue_size": 0.005555555555555556,
    "n_uncertainty_delay": 3,
    "n_delay": 320,
    "conflicts": 0,
    "makespan": 32370,
    "n_scheduler_delay": 317
}