{
    "avg_reschedule_exec_time": 0.1039949396526581,
    "avg_n_delay": 0.014255910987482613,
    "avg_queue_size": 0.0,
    "conflicts": 0,
    "makespan": 76440,
    "avg_n_scheduler_delay": 0.012517385257301807,
    "avg_n_uncertainty_delay": 0.0017385257301808068
}