{
    "n_scheduler_delay": 303,
    "n_uncertainty_delay": 2,
    "avg_active_aircrafts": 11.834259259259259,
    "n_delay": 305,
    "avg_reschedule_exec_time": 0.4461321464804716,
    "conflicts": 0,
    "makespan": 32370,
    "avg_queue_size": 0.05185185185185185
}