{
    "avg_active_aircrafts": 10.716666666666667,
    "avg_queue_size": 0.003703703703703704,
    "n_scheduler_delay": 370,
    "n_delay": 398,
    "conflicts": 0,
    "makespan": 32370,
    "n_uncertainty_delay": 28,
    "avg_reschedule_exec_time": 0.27936661964239073
}