{
    "n_scheduler_delay": 290,
    "n_uncertainty_delay": 30,
    "makespan": 32370,
    "conflicts": 0,
    "avg_queue_size": 0.001851851851851852,
    "avg_reschedule_exec_time": 0.4401916038158328,
    "n_delay": 320,
    "avg_active_aircrafts": 10.678703703703704
}