{
    "conflicts": 589,
    "makespan": 76860,
    "delay_added": 3870,
    "avg_queue_size": 0.0972027972027972,
    "avg_reschedule_exec_time": 1.0260536670684814,
    "avg_n_delay": 2.9575289575289574,
    "avg_n_scheduler_delay": 0.16602316602316602,
    "avg_n_uncertainty_delay": 2.7915057915057915
}