{
    "conflicts": 0,
    "n_scheduler_delay": 403,
    "avg_reschedule_exec_time": 0.30843408386428633,
    "avg_active_aircrafts": 11.130555555555556,
    "makespan": 32370,
    "n_uncertainty_delay": 10,
    "n_delay": 413,
    "avg_queue_size": 0.001851851851851852
}