{
    "avg_n_delay": 0.011482254697286013,
    "avg_n_scheduler_delay": 0.006958942240779402,
    "avg_queue_size": 0.0006958942240779402,
    "avg_n_uncertainty_delay": 0.004523312456506611,
    "conflicts": 0,
    "avg_reschedule_exec_time": 0.11057753742489355,
    "makespan": 76530
}