{
    "n_scheduler_delay": 304,
    "n_uncertainty_delay": 19,
    "makespan": 32370,
    "conflicts": 0,
    "avg_queue_size": 0.000925925925925926,
    "avg_reschedule_exec_time": 0.2502836804057276,
    "n_delay": 323,
    "avg_active_aircrafts": 10.725925925925926
}