{
    "avg_n_uncertainty_delay": 0.002086230876216968,
    "avg_n_delay": 0.009388038942976356,
    "avg_n_scheduler_delay": 0.007301808066759388,
    "conflicts": 0,
    "avg_queue_size": 0.0,
    "avg_reschedule_exec_time": 0.10439257900694951,
    "makespan": 76770
}