{
    "avg_reschedule_exec_time": 0.10308714364564518,
    "avg_n_delay": 0.012169680111265646,
    "avg_queue_size": 0.0,
    "conflicts": 0,
    "makespan": 76260,
    "avg_n_scheduler_delay": 0.008344923504867872,
    "avg_n_uncertainty_delay": 0.0038247566063977748
}