{
    "conflicts": 0,
    "n_scheduler_delay": 351,
    "avg_reschedule_exec_time": 0.9939715639453068,
    "avg_active_aircrafts": 11.037037037037036,
    "makespan": 32370,
    "n_uncertainty_delay": 8,
    "n_delay": 359,
    "avg_queue_size": 0.005555555555555556
}