{
    "conflicts": 0,
    "makespan": 33270,
    "avg_n_delay": 0.04513888888888889,
    "avg_n_scheduler_delay": 0.02638888888888889,
    "avg_n_uncertainty_delay": 0.01875,
    "avg_queue_size": 0.001388888888888889,
    "avg_reschedule_exec_time": 0.09325100585278695
}