{
    "conflicts": 47,
    "makespan": 76680,
    "delay_added": 5100,
    "avg_queue_size": 1.1375438596491227,
    "avg_reschedule_exec_time": 0.24899324964969716,
    "avg_n_delay": 0.9488188976377954,
    "avg_n_scheduler_delay": 0.6692913385826772,
    "avg_n_uncertainty_delay": 0.2795275590551181
}