{
    "conflicts": 0,
    "avg_n_delay": 0.01818181818181818,
    "avg_n_scheduler_delay": 0.009790209790209791,
    "avg_reschedule_exec_time": 0.2505919412827828,
    "makespan": 76770,
    "avg_queue_size": 0.044055944055944055,
    "avg_n_uncertainty_delay": 0.008391608391608392
}