{
    "avg_n_uncertainty_delay": 0.0013908205841446453,
    "avg_n_delay": 0.010778859527121001,
    "avg_n_scheduler_delay": 0.009388038942976356,
    "conflicts": 0,
    "avg_queue_size": 0.0,
    "avg_reschedule_exec_time": 0.10588318723822039,
    "makespan": 76710
}