{
    "conflicts": 0,
    "avg_n_delay": 0.016783216783216783,
    "avg_n_scheduler_delay": 0.00944055944055944,
    "avg_reschedule_exec_time": 0.22846251306399493,
    "makespan": 76770,
    "avg_queue_size": 0.017482517482517484,
    "avg_n_uncertainty_delay": 0.0073426573426573424
}