{
    "conflicts": 267,
    "makespan": 76650,
    "avg_queue_size": 0.06666666666666667,
    "avg_reschedule_exec_time": 0.94929649474773,
    "avg_n_delay": 0.3849206349206349,
    "avg_n_scheduler_delay": 0.0992063492063492,
    "avg_n_uncertainty_delay": 0.2857142857142857
}