{
    "n_scheduler_delay": 334,
    "n_uncertainty_delay": 3,
    "avg_active_aircrafts": 12.01574074074074,
    "n_delay": 337,
    "avg_reschedule_exec_time": 0.5114706427551979,
    "conflicts": 0,
    "makespan": 32370,
    "avg_queue_size": 0.07685185185185185
}