{
    "conflicts": 0,
    "makespan": 33090,
    "avg_n_delay": 0.03958333333333333,
    "avg_n_scheduler_delay": 0.03958333333333333,
    "avg_n_uncertainty_delay": 0.0,
    "avg_queue_size": 0.004166666666666667,
    "avg_reschedule_exec_time": 0.0548425962665951
}