{
    "conflicts": 0,
    "n_scheduler_delay": 340,
    "avg_reschedule_exec_time": 0.7580758066319707,
    "avg_active_aircrafts": 10.502777777777778,
    "makespan": 32370,
    "n_uncertainty_delay": 4,
    "n_delay": 344,
    "avg_queue_size": 0.005555555555555556
}