{
    "n_scheduler_delay": 352,
    "n_uncertainty_delay": 12,
    "avg_active_aircrafts": 11.83148148148148,
    "n_delay": 364,
    "avg_reschedule_exec_time": 0.4960131745005763,
    "conflicts": 0,
    "makespan": 32370,
    "avg_queue_size": 0.06481481481481481
}