{
    "conflicts": 0,
    "n_scheduler_delay": 301,
    "avg_reschedule_exec_time": 0.23773580667923908,
    "avg_active_aircrafts": 10.639814814814814,
    "makespan": 32370,
    "n_uncertainty_delay": 10,
    "n_delay": 311,
    "avg_queue_size": 0.001851851851851852
}