{
    "n_scheduler_delay": 323,
    "n_uncertainty_delay": 0,
    "avg_active_aircrafts": 11.730555555555556,
    "n_delay": 323,
    "avg_reschedule_exec_time": 0.4716083781663762,
    "conflicts": 0,
    "makespan": 32370,
    "avg_queue_size": 0.07407407407407407
}