{
    "n_scheduler_delay": 246,
    "n_uncertainty_delay": 0,
    "makespan": 32370,
    "conflicts": 0,
    "avg_queue_size": 0.004629629629629629,
    "avg_reschedule_exec_time": 0.42026163700015046,
    "n_delay": 246,
    "avg_active_aircrafts": 10.59537037037037
}