{
    "n_scheduler_delay": 292,
    "makespan": 32370,
    "avg_reschedule_exec_time": 0.42782860800277356,
    "n_delay": 327,
    "n_uncertainty_delay": 35,
    "avg_queue_size": 0.012962962962962963,
    "conflicts": 0,
    "avg_active_aircrafts": 10.847222222222221
}