{
    "n_uncertainty_delay": 0,
    "makespan": 32370,
    "n_delay": 297,
    "avg_queue_size": 0.009259259259259259,
    "avg_active_aircrafts": 10.796296296296296,
    "n_scheduler_delay": 297,
    "conflicts": 0,
    "avg_reschedule_exec_time": 0.471051482267158
}