{
    "makespan": 76380,
    "avg_queue_size": 0.0,
    "conflicts": 0,
    "avg_reschedule_exec_time": 0.5930019562367106,
    "avg_n_delay": 0.01146231330323029,
    "avg_n_uncertainty_delay": 0.0006946856547412296,
    "avg_n_scheduler_delay": 0.01076762764848906
}