{
    "makespan": 32370,
    "n_delay": 338,
    "conflicts": 0,
    "avg_reschedule_exec_time": 0.502720596634339,
    "n_scheduler_delay": 333,
    "avg_active_aircrafts": 10.901851851851852,
    "avg_queue_size": 0.001851851851851852,
    "n_uncertainty_delay": 5
}