{
    "n_scheduler_delay": 317,
    "n_uncertainty_delay": 0,
    "makespan": 32370,
    "conflicts": 0,
    "avg_queue_size": 0.002777777777777778,
    "avg_reschedule_exec_time": 0.4670615839403729,
    "n_delay": 317,
    "avg_active_aircrafts": 10.917592592592593
}