{
    "avg_n_uncertainty_delay": 0.0024330900243309003,
    "makespan": 76680,
    "avg_n_delay": 0.008689607229753215,
    "avg_reschedule_exec_time": 0.39435982820464344,
    "conflicts": 0,
    "avg_queue_size": 0.0010427528675703858,
    "avg_n_scheduler_delay": 0.006256517205422315
}