{
    "avg_n_scheduler_delay": 0.007997218358831711,
    "avg_queue_size": 0.0,
    "avg_n_delay": 0.011821974965229486,
    "avg_reschedule_exec_time": 0.6016719128760123,
    "conflicts": 0,
    "avg_n_uncertainty_delay": 0.0038247566063977748,
    "makespan": 76590
}