{
    "makespan": 32370,
    "avg_queue_size": 0.001851851851851852,
    "avg_reschedule_exec_time": 0.42836381002914076,
    "n_uncertainty_delay": 5,
    "conflicts": 0,
    "n_scheduler_delay": 285,
    "n_delay": 290,
    "avg_active_aircrafts": 10.400925925925925
}