{
    "conflicts": 0,
    "avg_n_delay": 0.01993006993006993,
    "avg_n_scheduler_delay": 0.012937062937062937,
    "avg_reschedule_exec_time": 0.245145943802847,
    "makespan": 76350,
    "avg_queue_size": 0.026923076923076925,
    "avg_n_uncertainty_delay": 0.006993006993006993
}