{
    "n_uncertainty_delay": 13,
    "avg_queue_size": 0.003703703703703704,
    "conflicts": 0,
    "avg_reschedule_exec_time": 0.5640510071155637,
    "n_delay": 399,
    "makespan": 32370,
    "n_scheduler_delay": 386,
    "avg_active_aircrafts": 11.264814814814814
}