{
    "avg_reschedule_exec_time": 0.4454154469246088,
    "avg_active_aircrafts": 10.408333333333333,
    "avg_queue_size": 0.003703703703703704,
    "n_uncertainty_delay": 3,
    "n_delay": 311,
    "conflicts": 0,
    "makespan": 32370,
    "n_scheduler_delay": 308
}