{
    "makespan": 76710,
    "avg_queue_size": 0.0,
    "conflicts": 0,
    "avg_reschedule_exec_time": 0.36540527808956985,
    "avg_n_delay": 0.007994438651372959,
    "avg_n_uncertainty_delay": 0.0010427528675703858,
    "avg_n_scheduler_delay": 0.006951685783802572
}