{
    "conflicts": 0,
    "avg_n_delay": 0.016783216783216783,
    "avg_n_scheduler_delay": 0.01048951048951049,
    "avg_reschedule_exec_time": 0.24507429062480657,
    "makespan": 76710,
    "avg_queue_size": 0.04965034965034965,
    "avg_n_uncertainty_delay": 0.006293706293706294
}