{
    "n_delay": 298,
    "avg_queue_size": 0.06944444444444445,
    "n_scheduler_delay": 297,
    "n_uncertainty_delay": 1,
    "makespan": 32370,
    "conflicts": 0,
    "avg_reschedule_exec_time": 0.45041015314501387,
    "avg_active_aircrafts": 11.7
}