{
    "avg_n_delay": 0.012578616352201259,
    "avg_n_scheduler_delay": 0.005939902166317261,
    "avg_queue_size": 0.011180992313067784,
    "avg_n_uncertainty_delay": 0.006638714185883997,
    "conflicts": 0,
    "avg_reschedule_exec_time": 0.19007616707041294,
    "makespan": 76380
}