{
    "conflicts": 0,
    "avg_n_delay": 0.008741258741258742,
    "avg_n_scheduler_delay": 0.008741258741258742,
    "avg_reschedule_exec_time": 0.23422680102603535,
    "makespan": 76440,
    "avg_queue_size": 0.03006993006993007,
    "avg_n_uncertainty_delay": 0.0
}