{
    "avg_n_scheduler_delay": 0.006606397774687065,
    "avg_queue_size": 0.0006954102920723226,
    "avg_n_delay": 0.011126564673157164,
    "avg_reschedule_exec_time": 0.5875011978043155,
    "conflicts": 0,
    "avg_n_uncertainty_delay": 0.004520166898470098,
    "makespan": 76440
}