{
    "conflicts": 0,
    "avg_n_delay": 0.019580419580419582,
    "avg_n_scheduler_delay": 0.012587412587412588,
    "avg_reschedule_exec_time": 0.23441281452984877,
    "makespan": 76530,
    "avg_queue_size": 0.025524475524475523,
    "avg_n_uncertainty_delay": 0.006993006993006993
}