{
    "conflicts": 0,
    "makespan": 33570,
    "avg_n_delay": 0.04236111111111111,
    "avg_n_scheduler_delay": 0.029861111111111113,
    "avg_n_uncertainty_delay": 0.0125,
    "avg_queue_size": 0.0,
    "avg_reschedule_exec_time": 0.09248652697273615
}