{
    "avg_reschedule_exec_time": 0.10175526308150012,
    "avg_n_delay": 0.011126564673157162,
    "avg_queue_size": 0.0006954102920723226,
    "conflicts": 0,
    "makespan": 76650,
    "avg_n_scheduler_delay": 0.009735744089012517,
    "avg_n_uncertainty_delay": 0.0013908205841446453
}