{
    "avg_n_delay": 0.013636363636363637,
    "avg_n_scheduler_delay": 0.01048951048951049,
    "avg_queue_size": 0.02972027972027972,
    "avg_n_uncertainty_delay": 0.003146853146853147,
    "conflicts": 0,
    "avg_reschedule_exec_time": 0.22328825064108404,
    "makespan": 76650
}