{
    "n_delay": 340,
    "avg_queue_size": 0.08888888888888889,
    "n_scheduler_delay": 338,
    "n_uncertainty_delay": 2,
    "makespan": 32370,
    "conflicts": 0,
    "avg_reschedule_exec_time": 0.485026620155157,
    "avg_active_aircrafts": 11.944444444444445
}