{
    "n_scheduler_delay": 394,
    "n_uncertainty_delay": 4,
    "makespan": 32370,
    "conflicts": 0,
    "avg_queue_size": 0.005555555555555556,
    "avg_reschedule_exec_time": 0.5386606460393861,
    "n_delay": 398,
    "avg_active_aircrafts": 10.875
}