{
    "avg_n_delay": 0.01394700139470014,
    "avg_n_scheduler_delay": 0.010460251046025104,
    "avg_queue_size": 0.0020920502092050207,
    "avg_n_uncertainty_delay": 0.003486750348675035,
    "conflicts": 0,
    "avg_reschedule_exec_time": 0.14064976948649943,
    "makespan": 76770
}