{
    "avg_n_scheduler_delay": 0.007997218358831711,
    "avg_queue_size": 0.0,
    "avg_n_delay": 0.019123783031988875,
    "avg_reschedule_exec_time": 0.588291021442679,
    "conflicts": 0,
    "avg_n_uncertainty_delay": 0.011126564673157162,
    "makespan": 76680
}