{
    "makespan": 32370,
    "avg_queue_size": 0.004629629629629629,
    "avg_reschedule_exec_time": 0.6258701124856638,
    "n_uncertainty_delay": 3,
    "conflicts": 0,
    "n_scheduler_delay": 465,
    "n_delay": 468,
    "avg_active_aircrafts": 11.128703703703703
}