{
    "n_scheduler_delay": 311,
    "n_uncertainty_delay": 4,
    "makespan": 32370,
    "conflicts": 0,
    "avg_queue_size": 0.002777777777777778,
    "avg_reschedule_exec_time": 0.2596825566402701,
    "n_delay": 315,
    "avg_active_aircrafts": 10.753703703703703
}