{
    "conflicts": 0,
    "avg_n_delay": 0.02027972027972028,
    "avg_n_scheduler_delay": 0.012237762237762238,
    "avg_reschedule_exec_time": 0.24121298924298354,
    "makespan": 76680,
    "avg_queue_size": 0.04755244755244755,
    "avg_n_uncertainty_delay": 0.008041958041958041
}