{
    "makespan": 32370,
    "avg_queue_size": 0.001851851851851852,
    "avg_reschedule_exec_time": 0.5055302087650743,
    "n_uncertainty_delay": 0,
    "conflicts": 0,
    "n_scheduler_delay": 346,
    "n_delay": 346,
    "avg_active_aircrafts": 11.063888888888888
}