{
    "conflicts": 0,
    "avg_n_delay": 0.008391608391608392,
    "avg_n_scheduler_delay": 0.0073426573426573424,
    "avg_reschedule_exec_time": 0.22370480819487235,
    "makespan": 76440,
    "avg_queue_size": 0.03951048951048951,
    "avg_n_uncertainty_delay": 0.001048951048951049
}