{
    "n_delay": 406,
    "avg_queue_size": 0.03888888888888889,
    "n_scheduler_delay": 403,
    "n_uncertainty_delay": 3,
    "makespan": 32370,
    "conflicts": 0,
    "avg_reschedule_exec_time": 0.5542277890582418,
    "avg_active_aircrafts": 12.189814814814815
}