{
    "n_delay": 274,
    "avg_queue_size": 0.06296296296296296,
    "n_scheduler_delay": 274,
    "n_uncertainty_delay": 0,
    "makespan": 32370,
    "conflicts": 0,
    "avg_reschedule_exec_time": 0.44438183806663334,
    "avg_active_aircrafts": 11.60925925925926
}