{
    "makespan": 32370,
    "avg_queue_size": 0.011111111111111112,
    "avg_reschedule_exec_time": 0.6134702294371849,
    "n_uncertainty_delay": 20,
    "conflicts": 0,
    "n_scheduler_delay": 417,
    "n_delay": 437,
    "avg_active_aircrafts": 11.227777777777778
}