{
    "n_delay": 305,
    "avg_queue_size": 0.08518518518518518,
    "n_scheduler_delay": 303,
    "n_uncertainty_delay": 2,
    "makespan": 32370,
    "conflicts": 0,
    "avg_reschedule_exec_time": 0.45690368829771527,
    "avg_active_aircrafts": 12.02962962962963
}