{
    "conflicts": 0,
    "avg_n_delay": 0.014335664335664336,
    "avg_n_scheduler_delay": 0.009790209790209791,
    "avg_reschedule_exec_time": 0.21066675723438533,
    "makespan": 76500,
    "avg_queue_size": 0.01048951048951049,
    "avg_n_uncertainty_delay": 0.004545454545454545
}