{
    "n_delay": 336,
    "n_scheduler_delay": 328,
    "avg_active_aircrafts": 10.829629629629629,
    "n_uncertainty_delay": 8,
    "makespan": 32370,
    "avg_reschedule_exec_time": 0.45725751255833824,
    "avg_queue_size": 0.000925925925925926,
    "conflicts": 0
}