{
    "makespan": 76170,
    "avg_queue_size": 0.0013903371567605145,
    "conflicts": 0,
    "avg_reschedule_exec_time": 0.6331586477233142,
    "avg_n_delay": 0.009384775808133473,
    "avg_n_uncertainty_delay": 0.0010427528675703858,
    "avg_n_scheduler_delay": 0.008342022940563087
}