{
    "n_uncertainty_delay": 14,
    "avg_queue_size": 0.003703703703703704,
    "conflicts": 0,
    "avg_reschedule_exec_time": 0.4512216767599416,
    "n_delay": 303,
    "makespan": 32370,
    "n_scheduler_delay": 289,
    "avg_active_aircrafts": 10.948148148148148
}