{
    "avg_reschedule_exec_time": 0.3123667073804279,
    "avg_active_aircrafts": 10.978703703703705,
    "avg_queue_size": 0.002777777777777778,
    "n_uncertainty_delay": 8,
    "n_delay": 423,
    "conflicts": 0,
    "makespan": 32370,
    "n_scheduler_delay": 415
}