{
    "avg_reschedule_exec_time": 0.10027984025418592,
    "avg_n_delay": 0.015299026425591099,
    "avg_queue_size": 0.0,
    "conflicts": 0,
    "makespan": 76680,
    "avg_n_scheduler_delay": 0.008344923504867872,
    "avg_n_uncertainty_delay": 0.006954102920723227
}