{
    "avg_queue_size": 0.003703703703703704,
    "n_uncertainty_delay": 7,
    "makespan": 32370,
    "n_scheduler_delay": 311,
    "avg_reschedule_exec_time": 0.2070973903273118,
    "conflicts": 0,
    "n_delay": 318,
    "avg_active_aircrafts": 10.528703703703703
}