{
    "n_uncertainty_delay": 0,
    "makespan": 32370,
    "n_delay": 365,
    "avg_queue_size": 0.007407407407407408,
    "avg_active_aircrafts": 10.814814814814815,
    "n_scheduler_delay": 365,
    "conflicts": 0,
    "avg_reschedule_exec_time": 0.43044135916188747
}