{
    "n_delay": 350,
    "conflicts": 0,
    "n_scheduler_delay": 350,
    "avg_reschedule_exec_time": 0.2929010546484659,
    "avg_active_aircrafts": 11.748148148148148,
    "avg_queue_size": 0.06296296296296296,
    "n_uncertainty_delay": 0,
    "makespan": 32370
}