{
    "n_scheduler_delay": 336,
    "n_uncertainty_delay": 4,
    "avg_active_aircrafts": 11.962962962962964,
    "n_delay": 340,
    "avg_reschedule_exec_time": 0.47695918859437453,
    "conflicts": 0,
    "makespan": 32370,
    "avg_queue_size": 0.09351851851851851
}