{
    "conflicts": 0,
    "n_scheduler_delay": 243,
    "avg_reschedule_exec_time": 0.40922311431202807,
    "avg_active_aircrafts": 10.087037037037037,
    "makespan": 32370,
    "n_uncertainty_delay": 4,
    "n_delay": 247,
    "avg_queue_size": 0.001851851851851852
}