{
    "makespan": 32370,
    "avg_queue_size": 0.005555555555555556,
    "avg_reschedule_exec_time": 0.48926119249920513,
    "n_uncertainty_delay": 20,
    "conflicts": 0,
    "n_scheduler_delay": 314,
    "n_delay": 334,
    "avg_active_aircrafts": 10.733333333333333
}