{
    "conflicts": 87,
    "makespan": 76830,
    "avg_queue_size": 0.02937062937062937,
    "avg_reschedule_exec_time": 0.5509427651553087,
    "avg_n_delay": 0.04330708661417323,
    "avg_n_scheduler_delay": 0.04330708661417323,
    "avg_n_uncertainty_delay": 0.0
}