{
    "avg_n_scheduler_delay": 0.007301808066759388,
    "avg_queue_size": 0.0,
    "avg_n_delay": 0.014603616133518776,
    "avg_reschedule_exec_time": 0.5847529641100955,
    "conflicts": 0,
    "avg_n_uncertainty_delay": 0.007301808066759388,
    "makespan": 76470
}