{
    "makespan": 32370,
    "avg_queue_size": 0.004629629629629629,
    "avg_reschedule_exec_time": 0.49343218581621034,
    "n_uncertainty_delay": 9,
    "conflicts": 0,
    "n_scheduler_delay": 329,
    "n_delay": 338,
    "avg_active_aircrafts": 10.966666666666667
}