{
    "conflicts": 0,
    "avg_n_delay": 0.015034965034965035,
    "avg_n_scheduler_delay": 0.011538461538461539,
    "avg_reschedule_exec_time": 0.2311935844555707,
    "makespan": 76680,
    "avg_queue_size": 0.062237762237762236,
    "avg_n_uncertainty_delay": 0.0034965034965034965
}