{
    "makespan": 76530,
    "avg_reschedule_exec_time": 0.37473147360395254,
    "avg_n_delay": 0.007301808066759388,
    "avg_queue_size": 0.0,
    "avg_n_uncertainty_delay": 0.0,
    "avg_n_scheduler_delay": 0.007301808066759388,
    "conflicts": 0
}