{
    "conflicts": 0,
    "makespan": 76770,
    "avg_queue_size": 0.12771929824561404,
    "avg_reschedule_exec_time": 1.5130695510417858,
    "avg_n_delay": 0.031496062992125984,
    "avg_n_scheduler_delay": 0.031496062992125984,
    "avg_n_uncertainty_delay": 0.0
}