{
    "conflicts": 0,
    "n_scheduler_delay": 406,
    "avg_reschedule_exec_time": 0.8510152386195624,
    "avg_active_aircrafts": 11.257407407407408,
    "makespan": 32370,
    "n_uncertainty_delay": 11,
    "n_delay": 417,
    "avg_queue_size": 0.005555555555555556
}