{
    "makespan": 76440,
    "avg_queue_size": 0.0,
    "conflicts": 0,
    "avg_reschedule_exec_time": 0.5954222927836285,
    "avg_n_delay": 0.01319902744008336,
    "avg_n_uncertainty_delay": 0.0006946856547412296,
    "avg_n_scheduler_delay": 0.012504341785342132
}