{
    "conflicts": 0,
    "makespan": 33330,
    "avg_n_delay": 0.05625,
    "avg_n_scheduler_delay": 0.04027777777777778,
    "avg_n_uncertainty_delay": 0.01597222222222222,
    "avg_queue_size": 0.001388888888888889,
    "avg_reschedule_exec_time": 0.09845625856128576
}