{
    "conflicts": 0,
    "avg_n_delay": 0.01013986013986014,
    "avg_n_scheduler_delay": 0.00944055944055944,
    "avg_reschedule_exec_time": 0.2104124133016022,
    "makespan": 76650,
    "avg_queue_size": 0.02097902097902098,
    "avg_n_uncertainty_delay": 0.0006993006993006993
}