{
    "avg_n_scheduler_delay": 0.01286509040333797,
    "avg_queue_size": 0.0003477051460361613,
    "avg_n_delay": 0.017385257301808066,
    "avg_reschedule_exec_time": 0.605903657033915,
    "conflicts": 0,
    "avg_n_uncertainty_delay": 0.004520166898470098,
    "makespan": 76440
}