{
    "n_delay": 338,
    "avg_queue_size": 0.07962962962962963,
    "n_scheduler_delay": 334,
    "n_uncertainty_delay": 4,
    "makespan": 32370,
    "conflicts": 0,
    "avg_reschedule_exec_time": 0.4896242818167043,
    "avg_active_aircrafts": 12.044444444444444
}