{
    "avg_n_delay": 0.014685314685314685,
    "avg_n_scheduler_delay": 0.011888111888111888,
    "avg_queue_size": 0.032167832167832165,
    "avg_n_uncertainty_delay": 0.002797202797202797,
    "conflicts": 0,
    "avg_reschedule_exec_time": 0.2516051965166432,
    "makespan": 76770
}