{
    "makespan": 76260,
    "avg_queue_size": 0.0,
    "conflicts": 0,
    "avg_reschedule_exec_time": 0.583775206498164,
    "avg_n_delay": 0.009384775808133471,
    "avg_n_uncertainty_delay": 0.0003475842891901286,
    "avg_n_scheduler_delay": 0.009037191518943343
}