{
    "makespan": 76440,
    "avg_reschedule_exec_time": 0.08886896578117408,
    "avg_queue_size": 0.0,
    "avg_n_uncertainty_delay": 0.0003473428273706148,
    "avg_n_scheduler_delay": 0.00798888502952414,
    "avg_n_delay": 0.008336227856894755,
    "conflicts": 0
}