{
    "conflicts": 0,
    "avg_n_delay": 0.014335664335664336,
    "avg_n_scheduler_delay": 0.014335664335664336,
    "avg_reschedule_exec_time": 0.24743125640170674,
    "makespan": 76500,
    "avg_queue_size": 0.01888111888111888,
    "avg_n_uncertainty_delay": 0.0
}