{
    "conflicts": 0,
    "n_scheduler_delay": 301,
    "avg_reschedule_exec_time": 0.5360053491326018,
    "avg_active_aircrafts": 11.010185185185184,
    "makespan": 32370,
    "n_uncertainty_delay": 3,
    "n_delay": 304,
    "avg_queue_size": 0.001851851851851852
}