{
    "avg_n_scheduler_delay": 0.011126564673157162,
    "avg_queue_size": 0.0,
    "avg_n_delay": 0.015994436717663423,
    "avg_reschedule_exec_time": 0.6037207918246809,
    "conflicts": 0,
    "avg_n_uncertainty_delay": 0.004867872044506259,
    "makespan": 76410
}