{
    "conflicts": 0,
    "makespan": 76710,
    "avg_queue_size": 0.12631578947368421,
    "avg_reschedule_exec_time": 0.9451320450356666,
    "avg_n_delay": 0.05791505791505792,
    "avg_n_scheduler_delay": 0.05791505791505792,
    "avg_n_uncertainty_delay": 0.0
}