{
    "conflicts": 0,
    "makespan": 76440,
    "avg_queue_size": 0.0,
    "avg_reschedule_exec_time": 0.4048979484935325,
    "avg_n_delay": 0.011126564673157162,
    "avg_n_scheduler_delay": 0.011126564673157162,
    "avg_n_uncertainty_delay": 0.0
}