{
    "conflicts": 0,
    "makespan": 76770,
    "avg_queue_size": 0.09824561403508772,
    "avg_reschedule_exec_time": 1.1242053914577403,
    "avg_n_delay": 0.05511811023622047,
    "avg_n_scheduler_delay": 0.05511811023622047,
    "avg_n_uncertainty_delay": 0.0
}