{
    "avg_reschedule_exec_time": 0.48061043273570925,
    "avg_queue_size": 0.001851851851851852,
    "conflicts": 0,
    "n_scheduler_delay": 325,
    "avg_active_aircrafts": 10.657407407407407,
    "n_delay": 350,
    "makespan": 32370,
    "n_uncertainty_delay": 25
}