{
    "makespan": 32370,
    "avg_queue_size": 0.002777777777777778,
    "avg_reschedule_exec_time": 0.5621731314548226,
    "n_uncertainty_delay": 13,
    "conflicts": 0,
    "n_scheduler_delay": 390,
    "n_delay": 403,
    "avg_active_aircrafts": 11.233333333333333
}