{
    "avg_n_delay": 0.012169680111265648,
    "avg_n_scheduler_delay": 0.0076495132127955496,
    "avg_queue_size": 0.0013908205841446453,
    "avg_n_uncertainty_delay": 0.004520166898470098,
    "conflicts": 0,
    "avg_reschedule_exec_time": 0.10299523295134223,
    "makespan": 76350
}