{
    "avg_n_delay": 0.012587412587412587,
    "avg_n_scheduler_delay": 0.01013986013986014,
    "avg_queue_size": 0.043006993006993004,
    "avg_n_uncertainty_delay": 0.0024475524475524478,
    "conflicts": 0,
    "avg_reschedule_exec_time": 0.2321803421937218,
    "makespan": 77070
}