{
    "n_scheduler_delay": 340,
    "n_uncertainty_delay": 4,
    "avg_active_aircrafts": 11.864814814814816,
    "n_delay": 344,
    "avg_reschedule_exec_time": 0.4936533772668173,
    "conflicts": 0,
    "makespan": 32370,
    "avg_queue_size": 0.06574074074074074
}