{
    "n_delay": 367,
    "conflicts": 0,
    "n_scheduler_delay": 363,
    "avg_reschedule_exec_time": 0.30915595764337583,
    "avg_active_aircrafts": 12.167592592592593,
    "avg_queue_size": 0.05740740740740741,
    "n_uncertainty_delay": 4,
    "makespan": 32370
}