{
    "n_scheduler_delay": 242,
    "n_uncertainty_delay": 16,
    "makespan": 32370,
    "conflicts": 0,
    "avg_queue_size": 0.004629629629629629,
    "avg_reschedule_exec_time": 0.2191154025321783,
    "n_delay": 258,
    "avg_active_aircrafts": 10.642592592592592
}