{
    "makespan": 32370,
    "avg_queue_size": 0.000925925925925926,
    "avg_reschedule_exec_time": 0.5249048998189527,
    "n_uncertainty_delay": 20,
    "conflicts": 0,
    "n_scheduler_delay": 353,
    "n_delay": 373,
    "avg_active_aircrafts": 11.048148148148147
}