{
    "conflicts": 0,
    "makespan": 33450,
    "avg_n_delay": 0.025,
    "avg_n_scheduler_delay": 0.025,
    "avg_n_uncertainty_delay": 0.0,
    "avg_queue_size": 0.004166666666666667,
    "avg_reschedule_exec_time": 0.05181646679105201
}