{
    "makespan": 32370,
    "avg_queue_size": 0.004629629629629629,
    "avg_reschedule_exec_time": 0.4087120022884635,
    "n_uncertainty_delay": 8,
    "conflicts": 0,
    "n_scheduler_delay": 260,
    "n_delay": 268,
    "avg_active_aircrafts": 10.568518518518518
}