{
    "n_scheduler_delay": 308,
    "n_uncertainty_delay": 6,
    "makespan": 32370,
    "conflicts": 0,
    "avg_queue_size": 0.002777777777777778,
    "avg_reschedule_exec_time": 0.26043948129166006,
    "n_delay": 314,
    "avg_active_aircrafts": 10.594444444444445
}