{
    "avg_reschedule_exec_time": 0.2707196379816809,
    "avg_active_aircrafts": 11.052777777777777,
    "avg_queue_size": 0.001851851851851852,
    "n_uncertainty_delay": 7,
    "n_delay": 351,
    "conflicts": 0,
    "makespan": 32370,
    "n_scheduler_delay": 344
}