{
    "n_uncertainty_delay": 13,
    "avg_queue_size": 0.002777777777777778,
    "conflicts": 0,
    "avg_reschedule_exec_time": 0.58092487800953,
    "n_delay": 411,
    "makespan": 32370,
    "n_scheduler_delay": 398,
    "avg_active_aircrafts": 10.989814814814816
}