{
    "n_delay": 372,
    "n_scheduler_delay": 372,
    "avg_active_aircrafts": 10.82037037037037,
    "n_uncertainty_delay": 0,
    "makespan": 32370,
    "avg_reschedule_exec_time": 0.5064633269642674,
    "avg_queue_size": 0.002777777777777778,
    "conflicts": 0
}