{
    "makespan": 76530,
    "avg_queue_size": 0.0,
    "conflicts": 0,
    "avg_reschedule_exec_time": 0.5982733477716861,
    "avg_n_delay": 0.011114970475859675,
    "avg_n_uncertainty_delay": 0.0017367141368530739,
    "avg_n_scheduler_delay": 0.0093782563390066
}