{
    "conflicts": 0,
    "n_scheduler_delay": 349,
    "avg_reschedule_exec_time": 0.7331836312564451,
    "avg_active_aircrafts": 11.162962962962963,
    "makespan": 32370,
    "n_uncertainty_delay": 4,
    "n_delay": 353,
    "avg_queue_size": 0.000925925925925926
}