{
    "conflicts": 0,
    "makespan": 33240,
    "avg_n_delay": 0.022916666666666665,
    "avg_n_scheduler_delay": 0.022916666666666665,
    "avg_n_uncertainty_delay": 0.0,
    "avg_queue_size": 0.001388888888888889,
    "avg_reschedule_exec_time": 0.05190188306951921
}