{
    "conflicts": 0,
    "n_scheduler_delay": 288,
    "avg_reschedule_exec_time": 1.6781470573554604,
    "avg_active_aircrafts": 10.889814814814814,
    "makespan": 32370,
    "n_uncertainty_delay": 7,
    "n_delay": 295,
    "avg_queue_size": 0.001851851851851852
}