{
    "n_delay": 383,
    "n_scheduler_delay": 372,
    "avg_active_aircrafts": 11.183333333333334,
    "n_uncertainty_delay": 11,
    "makespan": 32370,
    "avg_reschedule_exec_time": 0.5035624204679977,
    "avg_queue_size": 0.004629629629629629,
    "conflicts": 0
}