{
    "conflicts": 0,
    "n_scheduler_delay": 307,
    "avg_reschedule_exec_time": 0.2377996033330574,
    "avg_active_aircrafts": 10.416666666666666,
    "makespan": 32370,
    "n_uncertainty_delay": 6,
    "n_delay": 313,
    "avg_queue_size": 0.000925925925925926
}