{
    "n_delay": 341,
    "n_scheduler_delay": 329,
    "avg_active_aircrafts": 10.835185185185185,
    "n_uncertainty_delay": 12,
    "makespan": 32370,
    "avg_reschedule_exec_time": 0.44941973242648814,
    "avg_queue_size": 0.003703703703703704,
    "conflicts": 0
}