{
    "n_scheduler_delay": 325,
    "n_uncertainty_delay": 0,
    "avg_active_aircrafts": 11.643518518518519,
    "n_delay": 325,
    "avg_reschedule_exec_time": 0.4557395624559979,
    "conflicts": 0,
    "makespan": 32370,
    "avg_queue_size": 0.06481481481481481
}