{
    "n_scheduler_delay": 308,
    "n_uncertainty_delay": 29,
    "makespan": 32370,
    "conflicts": 0,
    "avg_queue_size": 0.002777777777777778,
    "avg_reschedule_exec_time": 0.45903151645216833,
    "n_delay": 337,
    "avg_active_aircrafts": 10.887962962962963
}