{
    "makespan": 32370,
    "avg_queue_size": 0.002777777777777778,
    "avg_reschedule_exec_time": 0.5327511155328085,
    "n_uncertainty_delay": 13,
    "conflicts": 0,
    "n_scheduler_delay": 348,
    "n_delay": 361,
    "avg_active_aircrafts": 11.186111111111112
}