{
    "n_delay": 366,
    "avg_queue_size": 0.07777777777777778,
    "n_scheduler_delay": 363,
    "n_uncertainty_delay": 3,
    "makespan": 32370,
    "conflicts": 0,
    "avg_reschedule_exec_time": 0.5179706373880076,
    "avg_active_aircrafts": 12.083333333333334
}