{
    "avg_reschedule_exec_time": 0.42357454521711485,
    "avg_queue_size": 0.002777777777777778,
    "conflicts": 0,
    "n_scheduler_delay": 251,
    "avg_active_aircrafts": 10.360185185185186,
    "n_delay": 291,
    "makespan": 32370,
    "n_uncertainty_delay": 40
}