{
    "makespan": 76770,
    "avg_reschedule_exec_time": 0.37120589041112195,
    "avg_n_delay": 0.006606397774687065,
    "avg_queue_size": 0.0,
    "avg_n_uncertainty_delay": 0.0,
    "avg_n_scheduler_delay": 0.006606397774687065,
    "conflicts": 0
}