{
    "avg_n_delay": 0.013986013986013986,
    "avg_n_scheduler_delay": 0.00909090909090909,
    "avg_queue_size": 0.05804195804195804,
    "avg_n_uncertainty_delay": 0.0048951048951048955,
    "conflicts": 0,
    "avg_reschedule_exec_time": 0.2325041999279613,
    "makespan": 76650
}