{
    "n_delay": 319,
    "avg_queue_size": 0.0962962962962963,
    "n_scheduler_delay": 311,
    "n_uncertainty_delay": 8,
    "makespan": 32370,
    "conflicts": 0,
    "avg_reschedule_exec_time": 0.46641032307646996,
    "avg_active_aircrafts": 11.867592592592592
}