{
    "avg_queue_size": 0.003703703703703704,
    "n_uncertainty_delay": 7,
    "makespan": 32370,
    "n_scheduler_delay": 263,
    "avg_reschedule_exec_time": 0.15278886022009888,
    "conflicts": 0,
    "n_delay": 270,
    "avg_active_aircrafts": 10.587037037037037
}