{
    "n_uncertainty_delay": 0,
    "makespan": 32370,
    "n_delay": 382,
    "avg_queue_size": 0.008333333333333333,
    "avg_active_aircrafts": 10.908333333333333,
    "n_scheduler_delay": 382,
    "conflicts": 0,
    "avg_reschedule_exec_time": 0.3759451217970144
}