{
    "n_scheduler_delay": 330,
    "n_uncertainty_delay": 4,
    "avg_active_aircrafts": 12.078703703703704,
    "n_delay": 334,
    "avg_reschedule_exec_time": 0.48667045304941575,
    "conflicts": 0,
    "makespan": 32370,
    "avg_queue_size": 0.046296296296296294
}