{
    "n_scheduler_delay": 366,
    "n_uncertainty_delay": 5,
    "avg_active_aircrafts": 11.692592592592593,
    "n_delay": 371,
    "avg_reschedule_exec_time": 0.4937796725783237,
    "conflicts": 0,
    "makespan": 32370,
    "avg_queue_size": 0.09074074074074075
}