{
    "makespan": 76230,
    "avg_queue_size": 0.0,
    "conflicts": 0,
    "avg_reschedule_exec_time": 0.5730735149708285,
    "avg_n_delay": 0.008336227856894755,
    "avg_n_uncertainty_delay": 0.0,
    "avg_n_scheduler_delay": 0.008336227856894755
}