{
    "n_delay": 345,
    "conflicts": 0,
    "n_scheduler_delay": 342,
    "avg_reschedule_exec_time": 0.2921375629513763,
    "avg_active_aircrafts": 12.392592592592592,
    "avg_queue_size": 0.062037037037037036,
    "n_uncertainty_delay": 3,
    "makespan": 32370
}