{
    "conflicts": 0,
    "avg_n_delay": 0.012937062937062937,
    "avg_n_scheduler_delay": 0.01048951048951049,
    "avg_reschedule_exec_time": 0.23654825250867387,
    "makespan": 76770,
    "avg_queue_size": 0.024475524475524476,
    "avg_n_uncertainty_delay": 0.0024475524475524478
}