{
    "conflicts": 0,
    "avg_n_delay": 0.015734265734265736,
    "avg_n_scheduler_delay": 0.012237762237762238,
    "avg_reschedule_exec_time": 0.2283418917320144,
    "makespan": 76500,
    "avg_queue_size": 0.032867132867132866,
    "avg_n_uncertainty_delay": 0.0034965034965034965
}