{
    "conflicts": 0,
    "n_scheduler_delay": 336,
    "avg_reschedule_exec_time": 0.4050150227812586,
    "avg_active_aircrafts": 10.566666666666666,
    "makespan": 32370,
    "n_uncertainty_delay": 4,
    "n_delay": 340,
    "avg_queue_size": 0.001851851851851852
}