{
    "n_uncertainty_delay": 0,
    "makespan": 32370,
    "n_delay": 370,
    "avg_queue_size": 0.003703703703703704,
    "avg_active_aircrafts": 11.059259259259258,
    "n_scheduler_delay": 370,
    "conflicts": 0,
    "avg_reschedule_exec_time": 0.372836254433337
}