{
    "avg_queue_size": 0.003703703703703704,
    "n_uncertainty_delay": 7,
    "makespan": 32370,
    "n_scheduler_delay": 354,
    "avg_reschedule_exec_time": 0.18939374814790602,
    "conflicts": 0,
    "n_delay": 361,
    "avg_active_aircrafts": 11.225925925925926
}