{
    "conflicts": 0,
    "n_scheduler_delay": 433,
    "avg_reschedule_exec_time": 0.8664986891533012,
    "avg_active_aircrafts": 11.150925925925925,
    "makespan": 32370,
    "n_uncertainty_delay": 9,
    "n_delay": 442,
    "avg_queue_size": 0.006481481481481481
}