{
    "n_uncertainty_delay": 8,
    "avg_queue_size": 0.006481481481481481,
    "conflicts": 0,
    "avg_reschedule_exec_time": 0.2445080690605696,
    "n_delay": 285,
    "makespan": 32370,
    "n_scheduler_delay": 277,
    "avg_active_aircrafts": 10.497222222222222
}