{
    "conflicts": 0,
    "makespan": 33150,
    "avg_n_delay": 0.03263888888888889,
    "avg_n_scheduler_delay": 0.03263888888888889,
    "avg_n_uncertainty_delay": 0.0,
    "avg_queue_size": 0.002777777777777778,
    "avg_reschedule_exec_time": 0.054167724917526035
}