{
    "avg_reschedule_exec_time": 0.07430208648883112,
    "avg_queue_size": 0.0,
    "avg_n_scheduler_delay": 0.029861111111111113,
    "avg_n_uncertainty_delay": 0.003472222222222222,
    "conflicts": 0,
    "avg_n_delay": 0.03333333333333333,
    "makespan": 33090
}