{
    "n_scheduler_delay": 320,
    "n_uncertainty_delay": 30,
    "makespan": 32370,
    "conflicts": 0,
    "avg_queue_size": 0.007407407407407408,
    "avg_reschedule_exec_time": 0.46201154797576194,
    "n_delay": 350,
    "avg_active_aircrafts": 10.672222222222222
}