{
    "avg_n_delay": 0.011142061281337047,
    "avg_n_scheduler_delay": 0.006615598885793872,
    "avg_queue_size": 0.003481894150417827,
    "avg_n_uncertainty_delay": 0.004526462395543176,
    "conflicts": 0,
    "avg_reschedule_exec_time": 0.12625232755138888,
    "makespan": 76230
}