{
    "n_uncertainty_delay": 0,
    "avg_queue_size": 0.005555555555555556,
    "conflicts": 0,
    "avg_reschedule_exec_time": 0.5667535327201666,
    "n_delay": 367,
    "makespan": 32370,
    "n_scheduler_delay": 367,
    "avg_active_aircrafts": 11.174074074074074
}