{
    "avg_reschedule_exec_time": 0.519740405193595,
    "avg_active_aircrafts": 10.875925925925927,
    "avg_queue_size": 0.001851851851851852,
    "n_uncertainty_delay": 0,
    "n_delay": 374,
    "conflicts": 0,
    "makespan": 32370,
    "n_scheduler_delay": 374
}