{
    "n_delay": 387,
    "avg_queue_size": 0.08703703703703704,
    "n_scheduler_delay": 387,
    "n_uncertainty_delay": 0,
    "makespan": 32370,
    "conflicts": 0,
    "avg_reschedule_exec_time": 0.5449684453565021,
    "avg_active_aircrafts": 12.167592592592593
}