{
    "avg_n_uncertainty_delay": 0.002086230876216968,
    "avg_reschedule_exec_time": 0.3792582391696388,
    "conflicts": 0,
    "avg_n_delay": 0.011821974965229486,
    "avg_queue_size": 0.0,
    "avg_n_scheduler_delay": 0.009735744089012517,
    "makespan": 76140
}