{
    "avg_n_uncertainty_delay": 0.0034770514603616135,
    "avg_n_delay": 0.013908205841446454,
    "avg_n_scheduler_delay": 0.01043115438108484,
    "conflicts": 0,
    "avg_queue_size": 0.0,
    "avg_reschedule_exec_time": 0.10150340905096537,
    "makespan": 76320
}