{
    "n_delay": 331,
    "n_scheduler_delay": 331,
    "avg_active_aircrafts": 10.705555555555556,
    "n_uncertainty_delay": 0,
    "makespan": 32370,
    "avg_reschedule_exec_time": 0.49015508696090343,
    "avg_queue_size": 0.006481481481481481,
    "conflicts": 0
}