{
    "avg_n_scheduler_delay": 0.007997218358831711,
    "avg_queue_size": 0.0,
    "avg_n_delay": 0.013212795549374132,
    "avg_reschedule_exec_time": 0.5986698188489527,
    "conflicts": 0,
    "avg_n_uncertainty_delay": 0.00521557719054242,
    "makespan": 76650
}