{
    "makespan": 76260,
    "avg_reschedule_exec_time": 0.11948548876417953,
    "avg_queue_size": 0.0006946856547412296,
    "avg_n_uncertainty_delay": 0.0003473428273706148,
    "avg_n_scheduler_delay": 0.007641542202153525,
    "avg_n_delay": 0.00798888502952414,
    "conflicts": 0
}