{
    "conflicts": 0,
    "n_scheduler_delay": 294,
    "avg_reschedule_exec_time": 1.034977760207787,
    "avg_active_aircrafts": 10.805555555555555,
    "makespan": 32370,
    "n_uncertainty_delay": 6,
    "n_delay": 300,
    "avg_queue_size": 0.004629629629629629
}