{
    "avg_n_uncertainty_delay": 0.0010427528675703858,
    "makespan": 76290,
    "avg_n_delay": 0.009384775808133473,
    "avg_reschedule_exec_time": 0.3904341534870427,
    "conflicts": 0,
    "avg_queue_size": 0.0,
    "avg_n_scheduler_delay": 0.008342022940563087
}