{
    "conflicts": 0,
    "avg_n_delay": 0.016433566433566433,
    "avg_n_scheduler_delay": 0.013986013986013986,
    "avg_reschedule_exec_time": 0.23563868059238918,
    "makespan": 76680,
    "avg_queue_size": 0.02937062937062937,
    "avg_n_uncertainty_delay": 0.0024475524475524478
}