{
    "avg_reschedule_exec_time": 0.10209624714173979,
    "avg_n_delay": 0.009735744089012517,
    "avg_queue_size": 0.0,
    "conflicts": 0,
    "makespan": 76770,
    "avg_n_scheduler_delay": 0.006954102920723227,
    "avg_n_uncertainty_delay": 0.0027816411682892906
}