{
    "conflicts": 0,
    "n_scheduler_delay": 367,
    "avg_reschedule_exec_time": 1.0575424332485022,
    "avg_active_aircrafts": 11.203703703703704,
    "makespan": 32370,
    "n_uncertainty_delay": 6,
    "n_delay": 373,
    "avg_queue_size": 0.005555555555555556
}