{
    "avg_n_scheduler_delay": 0.01043115438108484,
    "avg_queue_size": 0.0,
    "avg_n_delay": 0.013560500695410291,
    "avg_reschedule_exec_time": 0.612541149585692,
    "conflicts": 0,
    "avg_n_uncertainty_delay": 0.003129346314325452,
    "makespan": 76530
}