{
    "avg_n_uncertainty_delay": 0.002086230876216968,
    "avg_n_delay": 0.01008344923504868,
    "avg_n_scheduler_delay": 0.007997218358831711,
    "conflicts": 0,
    "avg_queue_size": 0.0,
    "avg_reschedule_exec_time": 0.09995818835447094,
    "makespan": 76290
}