{
    "makespan": 76650,
    "avg_queue_size": 0.0,
    "conflicts": 0,
    "avg_reschedule_exec_time": 0.5816736159095685,
    "avg_n_delay": 0.010427528675703858,
    "avg_n_uncertainty_delay": 0.0,
    "avg_n_scheduler_delay": 0.010427528675703858
}