{
    "n_uncertainty_delay": 11,
    "avg_queue_size": 0.004629629629629629,
    "conflicts": 0,
    "avg_reschedule_exec_time": 0.34769752302835155,
    "n_delay": 338,
    "makespan": 32370,
    "n_scheduler_delay": 327,
    "avg_active_aircrafts": 11.113888888888889
}