{
    "avg_n_scheduler_delay": 0.009735744089012517,
    "avg_queue_size": 0.0,
    "avg_n_delay": 0.009735744089012517,
    "avg_reschedule_exec_time": 0.6057831563657373,
    "conflicts": 0,
    "avg_n_uncertainty_delay": 0.0,
    "makespan": 76260
}