{
    "n_scheduler_delay": 355,
    "n_uncertainty_delay": 21,
    "makespan": 32370,
    "conflicts": 0,
    "avg_queue_size": 0.001851851851851852,
    "avg_reschedule_exec_time": 0.28812642651934955,
    "n_delay": 376,
    "avg_active_aircrafts": 10.892592592592592
}