{
    "avg_n_delay": 0.0375,
    "avg_queue_size": 0.030555555555555555,
    "makespan": 33510,
    "avg_n_scheduler_delay": 0.034027777777777775,
    "avg_n_uncertainty_delay": 0.003472222222222222,
    "conflicts": 0,
    "avg_reschedule_exec_time": 0.09140197380439385
}