{
    "makespan": 32370,
    "avg_queue_size": 0.005555555555555556,
    "avg_reschedule_exec_time": 0.46610026470450466,
    "n_uncertainty_delay": 21,
    "conflicts": 0,
    "n_scheduler_delay": 314,
    "n_delay": 335,
    "avg_active_aircrafts": 10.408333333333333
}