{
    "avg_active_aircrafts": 10.936111111111112,
    "avg_queue_size": 0.001851851851851852,
    "n_scheduler_delay": 366,
    "n_delay": 381,
    "conflicts": 0,
    "makespan": 32370,
    "n_uncertainty_delay": 15,
    "avg_reschedule_exec_time": 0.26626775098401445
}