{
    "conflicts": 0,
    "avg_n_delay": 0.013986013986013986,
    "avg_n_scheduler_delay": 0.01013986013986014,
    "avg_reschedule_exec_time": 0.1259811478601375,
    "makespan": 76770,
    "avg_queue_size": 0.04755244755244755,
    "avg_n_uncertainty_delay": 0.0038461538461538464
}