{
    "makespan": 32370,
    "avg_queue_size": 0.005555555555555556,
    "avg_reschedule_exec_time": 0.4571478899135146,
    "n_uncertainty_delay": 21,
    "conflicts": 0,
    "n_scheduler_delay": 298,
    "n_delay": 319,
    "avg_active_aircrafts": 10.573148148148148
}