{
    "avg_n_delay": 0.006954102920723227,
    "conflicts": 0,
    "makespan": 76590,
    "avg_n_uncertainty_delay": 0.0,
    "avg_reschedule_exec_time": 0.35596158743568784,
    "avg_n_scheduler_delay": 0.006954102920723227,
    "avg_queue_size": 0.0006954102920723226
}