{
    "makespan": 76590,
    "avg_reschedule_exec_time": 0.3740943799775955,
    "avg_n_delay": 0.007997218358831711,
    "avg_queue_size": 0.0,
    "avg_n_uncertainty_delay": 0.0003477051460361613,
    "avg_n_scheduler_delay": 0.0076495132127955496,
    "conflicts": 0
}