{
    "conflicts": 981,
    "makespan": 77430,
    "avg_queue_size": 0.15017543859649124,
    "avg_reschedule_exec_time": 27.90451359104466,
    "avg_n_delay": 3.4705882352941178,
    "avg_n_scheduler_delay": 0.26666666666666666,
    "avg_n_uncertainty_delay": 3.203921568627451
}