time,rs_exec_time
00:00:00,
00:19:00,0.27431774139404297
00:38:00,0.6664457321166992
00:57:00,1.4276442527770996
01:16:00,2.018777847290039
01:35:00,3.179440975189209
01:54:00,1.2772290706634521
02:13:00,7.621257066726685
02:32:00,0.896538257598877
02:51:00,1.7928502559661865
03:10:00,2.1219382286071777
03:29:00,0.7126421928405762
03:48:00,0.4237082004547119
04:07:00,0.4153892993927002
04:26:00,1.786046028137207
04:45:00,1.475045919418335
05:04:00,1.9116401672363281
05:23:00,0.8442099094390869
05:42:00,2.5703232288360596
06:01:00,0.8569421768188477
06:20:00,0.459331750869751
06:39:00,1.4142348766326904
06:58:00,1.1942448616027832
07:17:00,0.8133800029754639
07:36:00,5.005021333694458
07:55:00,1731.8819119930267
08:14:00,2.0280373096466064
08:33:00,0.8595209121704102
08:52:00,1.2043421268463135
09:11:00,0.49385619163513184
09:30:00,1.2420787811279297
09:49:00,8.46669626235962
10:08:00,1.2711007595062256
10:27:00,0.5076148509979248
10:46:00,0.9188148975372314
11:05:00,0.4078199863433838
11:24:00,2.0339441299438477
11:43:00,1.2955291271209717
12:02:00,6.045742034912109
12:21:00,2.7736430168151855
12:40:00,1.3785967826843262
12:59:00,1.9511170387268066
13:18:00,0.888375997543335
13:37:00,1.827751874923706
13:56:00,1.2976939678192139
14:15:00,1.4328398704528809
14:34:00,206.45991921424866
14:53:00,0.5553419589996338
15:12:00,0.9974749088287354
15:31:00,1.473890781402588
15:50:00,2.8877809047698975
16:09:00,1.8129241466522217
16:28:00,10.187788009643555
16:47:00,2.187108039855957
17:06:00,1.0470969676971436
17:25:00,1.5479228496551514
17:44:00,3.0359532833099365
18:03:00,1.0771660804748535
18:22:00,0.5800831317901611
18:41:00,0.5501668453216553
19:00:00,3.0223350524902344
19:19:00,5.164026260375977
19:38:00,1.5098850727081299
19:57:00,1.1323399543762207
20:16:00,1.1527798175811768
20:35:00,2.0830631256103516
20:54:00,0.6067020893096924
21:13:00,1.0162620544433594
21:32:00,0.5778110027313232
21:51:00,0.604611873626709
22:10:00,0.5094258785247803
22:29:00,0.3963310718536377
22:48:00,0.46024394035339355
23:07:00,0.45992016792297363
23:26:00,0.47202396392822266
