{
    "n_scheduler_delay": 291,
    "makespan": 32370,
    "avg_reschedule_exec_time": 0.416265654009442,
    "n_delay": 304,
    "n_uncertainty_delay": 13,
    "avg_queue_size": 0.001851851851851852,
    "conflicts": 0,
    "avg_active_aircrafts": 10.669444444444444
}