{
    "conflicts": 0,
    "avg_n_delay": 0.00909090909090909,
    "avg_n_scheduler_delay": 0.008391608391608392,
    "avg_reschedule_exec_time": 0.21411454845482195,
    "makespan": 77040,
    "avg_queue_size": 0.032867132867132866,
    "avg_n_uncertainty_delay": 0.0006993006993006993
}