{
    "conflicts": 0,
    "avg_n_delay": 0.020279720279720283,
    "avg_n_scheduler_delay": 0.01048951048951049,
    "avg_reschedule_exec_time": 0.23547545453192484,
    "makespan": 76710,
    "avg_queue_size": 0.039160839160839164,
    "avg_n_uncertainty_delay": 0.009790209790209791
}