{
    "makespan": 32370,
    "avg_queue_size": 0.003703703703703704,
    "avg_reschedule_exec_time": 0.5156102934549022,
    "n_uncertainty_delay": 14,
    "conflicts": 0,
    "n_scheduler_delay": 357,
    "n_delay": 371,
    "avg_active_aircrafts": 10.829629629629629
}