{
    "avg_reschedule_exec_time": 0.5833235186199809,
    "avg_queue_size": 0.000925925925925926,
    "conflicts": 0,
    "n_scheduler_delay": 420,
    "avg_active_aircrafts": 10.992592592592592,
    "n_delay": 424,
    "makespan": 32370,
    "n_uncertainty_delay": 4
}