{
    "n_scheduler_delay": 332,
    "makespan": 32370,
    "avg_reschedule_exec_time": 0.488684073159861,
    "n_delay": 348,
    "n_uncertainty_delay": 16,
    "avg_queue_size": 0.009259259259259259,
    "conflicts": 0,
    "avg_active_aircrafts": 11.089814814814815
}