{
    "avg_n_uncertainty_delay": 0.003129346314325452,
    "avg_reschedule_exec_time": 0.37307063251484734,
    "conflicts": 0,
    "avg_n_delay": 0.011474269819193323,
    "avg_queue_size": 0.0,
    "avg_n_scheduler_delay": 0.008344923504867872,
    "makespan": 76500
}