{
    "avg_n_scheduler_delay": 0.007301808066759388,
    "avg_queue_size": 0.0,
    "avg_n_delay": 0.01286509040333797,
    "avg_reschedule_exec_time": 0.5935705159700017,
    "conflicts": 0,
    "avg_n_uncertainty_delay": 0.005563282336578581,
    "makespan": 76440
}