{
    "avg_reschedule_exec_time": 0.09842925649499494,
    "avg_n_delay": 0.009040333796940195,
    "avg_queue_size": 0.0,
    "conflicts": 0,
    "makespan": 76650,
    "avg_n_scheduler_delay": 0.006606397774687065,
    "avg_n_uncertainty_delay": 0.0024339360222531293
}