{
    "n_delay": 373,
    "n_scheduler_delay": 365,
    "avg_active_aircrafts": 10.886111111111111,
    "n_uncertainty_delay": 8,
    "makespan": 32370,
    "avg_reschedule_exec_time": 0.5098809231159299,
    "avg_queue_size": 0.001851851851851852,
    "conflicts": 0
}