{
    "conflicts": 0,
    "n_scheduler_delay": 350,
    "avg_reschedule_exec_time": 0.4237054324947768,
    "avg_active_aircrafts": 11.000925925925927,
    "makespan": 32370,
    "n_uncertainty_delay": 7,
    "n_delay": 357,
    "avg_queue_size": 0.001851851851851852
}