{
    "conflicts": 0,
    "makespan": 33480,
    "avg_n_delay": 0.034722222222222224,
    "avg_n_scheduler_delay": 0.029861111111111113,
    "avg_n_uncertainty_delay": 0.004861111111111111,
    "avg_queue_size": 0.0,
    "avg_reschedule_exec_time": 0.051583537816337226
}