{
    "makespan": 32370,
    "avg_queue_size": 0.004629629629629629,
    "avg_reschedule_exec_time": 0.6307818878528684,
    "n_uncertainty_delay": 0,
    "conflicts": 0,
    "n_scheduler_delay": 470,
    "n_delay": 470,
    "avg_active_aircrafts": 11.286111111111111
}