{
    "avg_reschedule_exec_time": 0.4683258056640625,
    "avg_queue_size": 0.001851851851851852,
    "conflicts": 0,
    "n_scheduler_delay": 335,
    "avg_active_aircrafts": 10.825,
    "n_delay": 338,
    "makespan": 32370,
    "n_uncertainty_delay": 3
}