{
    "n_scheduler_delay": 285,
    "n_uncertainty_delay": 2,
    "makespan": 32370,
    "conflicts": 0,
    "avg_queue_size": 0.006481481481481481,
    "avg_reschedule_exec_time": 0.4522749412891477,
    "n_delay": 287,
    "avg_active_aircrafts": 10.571296296296296
}