{
    "makespan": 32370,
    "avg_queue_size": 0.003703703703703704,
    "avg_reschedule_exec_time": 0.504670972602312,
    "n_uncertainty_delay": 6,
    "conflicts": 0,
    "n_scheduler_delay": 336,
    "n_delay": 342,
    "avg_active_aircrafts": 11.032407407407407
}