{
    "conflicts": 0,
    "n_scheduler_delay": 458,
    "avg_reschedule_exec_time": 0.311623731659162,
    "avg_active_aircrafts": 11.352777777777778,
    "makespan": 32370,
    "n_uncertainty_delay": 6,
    "n_delay": 464,
    "avg_queue_size": 0.007407407407407408
}