{
    "makespan": 76440,
    "avg_reschedule_exec_time": 0.09924816156793205,
    "avg_queue_size": 0.0,
    "avg_n_uncertainty_delay": 0.0006946856547412296,
    "avg_n_scheduler_delay": 0.00868357068426537,
    "avg_n_delay": 0.009378256339006599,
    "conflicts": 0
}