{
    "avg_n_delay": 0.014285714285714287,
    "avg_n_scheduler_delay": 0.010452961672473868,
    "avg_queue_size": 0.013937282229965157,
    "avg_n_uncertainty_delay": 0.003832752613240418,
    "conflicts": 0,
    "avg_reschedule_exec_time": 0.18787303508496753,
    "makespan": 76770
}