{
    "makespan": 32370,
    "avg_queue_size": 0.002777777777777778,
    "avg_reschedule_exec_time": 0.5596173230991807,
    "n_uncertainty_delay": 31,
    "conflicts": 0,
    "n_scheduler_delay": 391,
    "n_delay": 422,
    "avg_active_aircrafts": 11.136111111111111
}