{
    "avg_n_uncertainty_delay": 0.0076495132127955496,
    "avg_reschedule_exec_time": 0.37150926576683446,
    "conflicts": 0,
    "avg_n_delay": 0.017037552155771907,
    "avg_queue_size": 0.0,
    "avg_n_scheduler_delay": 0.009388038942976356,
    "makespan": 76320
}