{
    "n_scheduler_delay": 362,
    "makespan": 32370,
    "avg_reschedule_exec_time": 0.5102194730625597,
    "n_delay": 362,
    "n_uncertainty_delay": 0,
    "avg_queue_size": 0.002777777777777778,
    "conflicts": 0,
    "avg_active_aircrafts": 10.838888888888889
}