{
    "conflicts": 0,
    "makespan": 33450,
    "avg_n_delay": 0.04375,
    "avg_n_scheduler_delay": 0.022916666666666665,
    "avg_n_uncertainty_delay": 0.020833333333333332,
    "avg_queue_size": 0.0020833333333333333,
    "avg_reschedule_exec_time": 0.09082813913775686
}