{
    "avg_n_delay": 0.03680555555555556,
    "avg_queue_size": 0.0,
    "makespan": 33420,
    "avg_n_scheduler_delay": 0.027083333333333334,
    "avg_n_uncertainty_delay": 0.009722222222222222,
    "conflicts": 0,
    "avg_reschedule_exec_time": 0.08380425125567738
}