{
    "conflicts": 0,
    "makespan": 33570,
    "avg_n_delay": 0.02777777777777778,
    "avg_n_scheduler_delay": 0.027083333333333334,
    "avg_n_uncertainty_delay": 0.0006944444444444445,
    "avg_queue_size": 0.0,
    "avg_reschedule_exec_time": 0.051905086113549874
}