{
    "avg_n_uncertainty_delay": 0.001043115438108484,
    "avg_n_delay": 0.009040333796940195,
    "avg_n_scheduler_delay": 0.007997218358831711,
    "conflicts": 0,
    "avg_queue_size": 0.0,
    "avg_reschedule_exec_time": 0.10104228128629807,
    "makespan": 76770
}