{
    "avg_n_scheduler_delay": 0.009388038942976356,
    "avg_queue_size": 0.0,
    "avg_n_delay": 0.012517385257301807,
    "avg_reschedule_exec_time": 0.6047712225767895,
    "conflicts": 0,
    "avg_n_uncertainty_delay": 0.003129346314325452,
    "makespan": 76560
}