{
    "makespan": 32370,
    "avg_queue_size": 0.006481481481481481,
    "avg_reschedule_exec_time": 0.5210400426110556,
    "n_uncertainty_delay": 3,
    "conflicts": 0,
    "n_scheduler_delay": 351,
    "n_delay": 354,
    "avg_active_aircrafts": 11.121296296296297
}