{
    "avg_n_delay": 0.011188811188811189,
    "avg_n_scheduler_delay": 0.005944055944055944,
    "avg_queue_size": 0.03006993006993007,
    "avg_n_uncertainty_delay": 0.005244755244755245,
    "conflicts": 0,
    "avg_reschedule_exec_time": 0.21442012551804662,
    "makespan": 76470
}