{
    "avg_n_delay": 0.03333333333333333,
    "avg_queue_size": 0.02638888888888889,
    "makespan": 33570,
    "avg_n_scheduler_delay": 0.030555555555555555,
    "avg_n_uncertainty_delay": 0.002777777777777778,
    "conflicts": 0,
    "avg_reschedule_exec_time": 0.08645716413751349
}