{
    "avg_n_delay": 0.016433566433566433,
    "avg_n_scheduler_delay": 0.014335664335664336,
    "avg_queue_size": 0.05804195804195804,
    "avg_n_uncertainty_delay": 0.002097902097902098,
    "conflicts": 0,
    "avg_reschedule_exec_time": 0.2734434992768044,
    "makespan": 76740
}