{
    "conflicts": 0,
    "makespan": 33240,
    "avg_n_delay": 0.034027777777777775,
    "avg_n_scheduler_delay": 0.02638888888888889,
    "avg_n_uncertainty_delay": 0.007638888888888889,
    "avg_queue_size": 0.004166666666666667,
    "avg_reschedule_exec_time": 0.0524029691903372
}