{"total_conflicts": 659, "makespan": 81870, "delay_added": 90, "avg_queue_size": 2.4935292060161, "avg_reschedule_exec_time": 0.09674091709470287}