{
    "avg_n_scheduler_delay": 0.011474269819193325,
    "avg_queue_size": 0.0,
    "avg_n_delay": 0.01808066759388039,
    "avg_reschedule_exec_time": 0.6006750027781409,
    "conflicts": 0,
    "avg_n_uncertainty_delay": 0.006606397774687065,
    "makespan": 76380
}