{
    "n_scheduler_delay": 326,
    "makespan": 32370,
    "avg_reschedule_exec_time": 0.45659491184145906,
    "n_delay": 326,
    "n_uncertainty_delay": 0,
    "avg_queue_size": 0.001851851851851852,
    "conflicts": 0,
    "avg_active_aircrafts": 10.819444444444445
}