{
    "makespan": 32370,
    "avg_queue_size": 0.000925925925925926,
    "avg_reschedule_exec_time": 0.5241190699643867,
    "n_uncertainty_delay": 7,
    "conflicts": 0,
    "n_scheduler_delay": 368,
    "n_delay": 375,
    "avg_active_aircrafts": 11.118518518518519
}