{
    "conflicts": 0,
    "makespan": 33330,
    "avg_n_delay": 0.03819444444444445,
    "avg_n_scheduler_delay": 0.029861111111111113,
    "avg_n_uncertainty_delay": 0.008333333333333333,
    "avg_queue_size": 0.0020833333333333333,
    "avg_reschedule_exec_time": 0.05349843614944841
}