{
    "n_delay": 359,
    "avg_queue_size": 0.04722222222222222,
    "n_scheduler_delay": 358,
    "n_uncertainty_delay": 1,
    "makespan": 32370,
    "conflicts": 0,
    "avg_reschedule_exec_time": 0.5172941751258318,
    "avg_active_aircrafts": 12.069444444444445
}