{
    "avg_reschedule_exec_time": 0.31048922095187875,
    "avg_active_aircrafts": 11.001851851851852,
    "avg_queue_size": 0.005555555555555556,
    "n_uncertainty_delay": 6,
    "n_delay": 378,
    "conflicts": 0,
    "makespan": 32370,
    "n_scheduler_delay": 372
}