{
    "n_uncertainty_delay": 10,
    "avg_queue_size": 0.004629629629629629,
    "conflicts": 0,
    "avg_reschedule_exec_time": 0.5138077802436296,
    "n_delay": 340,
    "makespan": 32370,
    "n_scheduler_delay": 330,
    "avg_active_aircrafts": 10.78888888888889
}