{
    "n_scheduler_delay": 368,
    "n_uncertainty_delay": 4,
    "avg_active_aircrafts": 11.862962962962962,
    "n_delay": 372,
    "avg_reschedule_exec_time": 0.5014347264933031,
    "conflicts": 0,
    "makespan": 32370,
    "avg_queue_size": 0.09166666666666666
}