{
    "n_delay": 398,
    "conflicts": 0,
    "n_scheduler_delay": 396,
    "avg_reschedule_exec_time": 0.319266612030739,
    "avg_active_aircrafts": 12.235185185185186,
    "avg_queue_size": 0.06759259259259259,
    "n_uncertainty_delay": 2,
    "makespan": 32370
}