{
    "avg_active_aircrafts": 10.830555555555556,
    "avg_queue_size": 0.001851851851851852,
    "n_scheduler_delay": 344,
    "n_delay": 344,
    "conflicts": 0,
    "makespan": 32370,
    "n_uncertainty_delay": 0,
    "avg_reschedule_exec_time": 0.2575856264247451
}