{
    "makespan": 76470,
    "avg_queue_size": 0.0,
    "conflicts": 0,
    "avg_reschedule_exec_time": 0.5952367797525043,
    "avg_n_delay": 0.006252170892671066,
    "avg_n_uncertainty_delay": 0.0006946856547412296,
    "avg_n_scheduler_delay": 0.0055574852379298365
}