{
    "n_uncertainty_delay": 0,
    "makespan": 32370,
    "n_delay": 361,
    "avg_queue_size": 0.002777777777777778,
    "avg_active_aircrafts": 10.746296296296297,
    "n_scheduler_delay": 361,
    "conflicts": 0,
    "avg_reschedule_exec_time": 0.36452234488675855
}