{
    "avg_queue_size": 0.001851851851851852,
    "n_uncertainty_delay": 7,
    "makespan": 32370,
    "n_scheduler_delay": 366,
    "avg_reschedule_exec_time": 0.18783264638321645,
    "conflicts": 0,
    "n_delay": 373,
    "avg_active_aircrafts": 10.916666666666666
}