{
    "conflicts": 0,
    "n_scheduler_delay": 297,
    "avg_reschedule_exec_time": 0.37798286281996946,
    "avg_active_aircrafts": 10.940740740740742,
    "makespan": 32370,
    "n_uncertainty_delay": 9,
    "n_delay": 306,
    "avg_queue_size": 0.002777777777777778
}