{
    "conflicts": 0,
    "makespan": 33330,
    "avg_n_delay": 0.04236111111111111,
    "avg_n_scheduler_delay": 0.022916666666666665,
    "avg_n_uncertainty_delay": 0.019444444444444445,
    "avg_queue_size": 0.002777777777777778,
    "avg_reschedule_exec_time": 0.09292227710521984
}