{
    "conflicts": 0,
    "makespan": 33300,
    "avg_n_delay": 0.02847222222222222,
    "avg_n_scheduler_delay": 0.02638888888888889,
    "avg_n_uncertainty_delay": 0.0020833333333333333,
    "avg_queue_size": 0.0006944444444444445,
    "avg_reschedule_exec_time": 0.05267626063737364
}