{
    "avg_active_aircrafts": 10.858333333333333,
    "avg_queue_size": 0.004629629629629629,
    "n_scheduler_delay": 370,
    "n_delay": 379,
    "conflicts": 0,
    "makespan": 32370,
    "n_uncertainty_delay": 9,
    "avg_reschedule_exec_time": 0.2652221968007642
}