{
    "n_scheduler_delay": 368,
    "n_uncertainty_delay": 12,
    "makespan": 32370,
    "conflicts": 0,
    "avg_queue_size": 0.004629629629629629,
    "avg_reschedule_exec_time": 0.2944290737773097,
    "n_delay": 380,
    "avg_active_aircrafts": 11.133333333333333
}