{
    "avg_n_uncertainty_delay": 0.0027816411682892906,
    "avg_reschedule_exec_time": 0.3775377237033047,
    "conflicts": 0,
    "avg_n_delay": 0.010083449235048678,
    "avg_queue_size": 0.0006954102920723226,
    "avg_n_scheduler_delay": 0.007301808066759388,
    "makespan": 76230
}