{
    "avg_n_uncertainty_delay": 0.004867872044506259,
    "avg_n_delay": 0.012517385257301807,
    "avg_n_scheduler_delay": 0.0076495132127955496,
    "conflicts": 0,
    "avg_queue_size": 0.0003477051460361613,
    "avg_reschedule_exec_time": 0.10159259918340402,
    "makespan": 76410
}