{
    "avg_n_scheduler_delay": 0.008344923504867872,
    "avg_queue_size": 0.0,
    "avg_n_delay": 0.011821974965229486,
    "avg_reschedule_exec_time": 0.5926500389502906,
    "conflicts": 0,
    "avg_n_uncertainty_delay": 0.0034770514603616135,
    "makespan": 76440
}