{
    "conflicts": 0,
    "avg_n_delay": 0.013986013986013988,
    "avg_n_scheduler_delay": 0.012587412587412588,
    "avg_reschedule_exec_time": 0.23814053770521998,
    "makespan": 76500,
    "avg_queue_size": 0.031118881118881118,
    "avg_n_uncertainty_delay": 0.0013986013986013986
}