{
    "n_delay": 305,
    "avg_queue_size": 0.07962962962962963,
    "n_scheduler_delay": 303,
    "n_uncertainty_delay": 2,
    "makespan": 32370,
    "conflicts": 0,
    "avg_reschedule_exec_time": 0.44430508946263514,
    "avg_active_aircrafts": 11.478703703703705
}