{
    "conflicts": 0,
    "n_scheduler_delay": 318,
    "avg_reschedule_exec_time": 0.8905433360661301,
    "avg_active_aircrafts": 10.769444444444444,
    "makespan": 32370,
    "n_uncertainty_delay": 5,
    "n_delay": 323,
    "avg_queue_size": 0.008333333333333333
}