{
    "avg_n_scheduler_delay": 0.012169680111265646,
    "avg_queue_size": 0.0,
    "avg_n_delay": 0.012169680111265646,
    "avg_reschedule_exec_time": 0.6048555174909926,
    "conflicts": 0,
    "avg_n_uncertainty_delay": 0.0,
    "makespan": 76530
}