{
    "makespan": 32370,
    "avg_queue_size": 0.004629629629629629,
    "avg_reschedule_exec_time": 0.5940248600272245,
    "n_uncertainty_delay": 22,
    "conflicts": 0,
    "n_scheduler_delay": 411,
    "n_delay": 433,
    "avg_active_aircrafts": 10.96111111111111
}