{
    "makespan": 76380,
    "avg_queue_size": 0.0,
    "conflicts": 0,
    "avg_reschedule_exec_time": 0.599826162194907,
    "avg_n_delay": 0.007294199374782911,
    "avg_n_uncertainty_delay": 0.0017367141368530739,
    "avg_n_scheduler_delay": 0.0055574852379298365
}