{
    "conflicts": 0,
    "makespan": 33570,
    "avg_n_delay": 0.056249999999999994,
    "avg_n_scheduler_delay": 0.041666666666666664,
    "avg_n_uncertainty_delay": 0.014583333333333334,
    "avg_queue_size": 0.001388888888888889,
    "avg_reschedule_exec_time": 0.0977075883605022
}