{
    "n_scheduler_delay": 296,
    "n_uncertainty_delay": 6,
    "avg_active_aircrafts": 11.591666666666667,
    "n_delay": 302,
    "avg_reschedule_exec_time": 0.43756272072015806,
    "conflicts": 0,
    "makespan": 32370,
    "avg_queue_size": 0.0712962962962963
}