{
    "avg_reschedule_exec_time": 0.07418441739324234,
    "avg_queue_size": 0.0,
    "avg_n_scheduler_delay": 0.02847222222222222,
    "avg_n_uncertainty_delay": 0.004166666666666667,
    "conflicts": 0,
    "avg_n_delay": 0.03263888888888889,
    "makespan": 33240
}