{
    "conflicts": 0,
    "n_scheduler_delay": 326,
    "avg_reschedule_exec_time": 1.1519622936677396,
    "avg_active_aircrafts": 10.80462962962963,
    "makespan": 32370,
    "n_uncertainty_delay": 3,
    "n_delay": 329,
    "avg_queue_size": 0.007407407407407408
}