{
    "conflicts": 0,
    "makespan": 33510,
    "avg_n_delay": 0.04652777777777778,
    "avg_n_scheduler_delay": 0.03125,
    "avg_n_uncertainty_delay": 0.015277777777777777,
    "avg_queue_size": 0.003472222222222222,
    "avg_reschedule_exec_time": 0.09641470152023443
}