{
    "avg_n_uncertainty_delay": 0.004867872044506259,
    "avg_n_delay": 0.015299026425591099,
    "avg_n_scheduler_delay": 0.01043115438108484,
    "conflicts": 0,
    "avg_queue_size": 0.0,
    "avg_reschedule_exec_time": 0.10125670824874411,
    "makespan": 76500
}