{
    "avg_n_scheduler_delay": 0.010083449235048678,
    "avg_queue_size": 0.0006954102920723226,
    "avg_n_delay": 0.013560500695410291,
    "avg_reschedule_exec_time": 0.603169479077905,
    "conflicts": 0,
    "avg_n_uncertainty_delay": 0.0034770514603616135,
    "makespan": 76650
}