{
    "conflicts": 0,
    "avg_n_delay": 0.008391608391608392,
    "avg_n_scheduler_delay": 0.006643356643356644,
    "avg_reschedule_exec_time": 0.22577209707716822,
    "makespan": 76980,
    "avg_queue_size": 0.03461538461538462,
    "avg_n_uncertainty_delay": 0.0017482517482517483
}