{
    "makespan": 76500,
    "avg_reschedule_exec_time": 0.0827999021379048,
    "avg_queue_size": 0.0,
    "avg_n_uncertainty_delay": 0.0017367141368530739,
    "avg_n_scheduler_delay": 0.009725599166377214,
    "avg_n_delay": 0.011462313303230288,
    "conflicts": 0
}