{
    "conflicts": 0,
    "avg_n_delay": 0.015734265734265736,
    "avg_n_scheduler_delay": 0.01048951048951049,
    "avg_reschedule_exec_time": 0.22763965331332783,
    "makespan": 76410,
    "avg_queue_size": 0.03006993006993007,
    "avg_n_uncertainty_delay": 0.005244755244755245
}