{
    "conflicts": 0,
    "avg_n_delay": 0.01818181818181818,
    "avg_n_scheduler_delay": 0.01048951048951049,
    "avg_reschedule_exec_time": 0.21169776479962846,
    "makespan": 76770,
    "avg_queue_size": 0.03671328671328671,
    "avg_n_uncertainty_delay": 0.007692307692307693
}