{
    "conflicts": 0,
    "avg_n_delay": 0.013636363636363637,
    "avg_n_scheduler_delay": 0.01048951048951049,
    "avg_reschedule_exec_time": 0.22837096704563625,
    "makespan": 76440,
    "avg_queue_size": 0.05944055944055944,
    "avg_n_uncertainty_delay": 0.003146853146853147
}