{
    "conflicts": 0,
    "makespan": 33300,
    "avg_n_delay": 0.03958333333333333,
    "avg_n_scheduler_delay": 0.025694444444444443,
    "avg_n_uncertainty_delay": 0.013888888888888888,
    "avg_queue_size": 0.001388888888888889,
    "avg_reschedule_exec_time": 0.09519319215524827
}