{
    "conflicts": 97,
    "makespan": 76710,
    "delay_added": 2370,
    "avg_queue_size": 0.14947368421052631,
    "avg_reschedule_exec_time": 0.8638496043834281,
    "avg_n_delay": 0.16216216216216217,
    "avg_n_scheduler_delay": 0.07335907335907337,
    "avg_n_uncertainty_delay": 0.0888030888030888
}