{
    "conflicts": 105,
    "makespan": 76710,
    "delay_added": 2490,
    "avg_queue_size": 0.010701754385964985,
    "avg_reschedule_exec_time": 0.9569497514278331
}