{
    "conflicts": 198,
    "makespan": 76710,
    "delay_added": 2460,
    "avg_queue_size": 0.14947368421052631,
    "avg_reschedule_exec_time": 0.8814525401338618
}