{
    "makespan": 32370,
    "avg_queue_size": 0.002777777777777778,
    "avg_reschedule_exec_time": 0.4627341547677683,
    "n_uncertainty_delay": 11,
    "conflicts": 0,
    "n_scheduler_delay": 311,
    "n_delay": 322,
    "avg_active_aircrafts": 10.800925925925926
}