{
    "makespan": 32370,
    "avg_queue_size": 0.007407407407407408,
    "avg_reschedule_exec_time": 0.49940190758816033,
    "n_uncertainty_delay": 14,
    "conflicts": 0,
    "n_scheduler_delay": 335,
    "n_delay": 349,
    "avg_active_aircrafts": 11.08148148148148
}