{
    "conflicts": 0,
    "makespan": 33270,
    "avg_n_delay": 0.050694444444444445,
    "avg_n_scheduler_delay": 0.025694444444444443,
    "avg_n_uncertainty_delay": 0.025,
    "avg_queue_size": 0.0020833333333333333,
    "avg_reschedule_exec_time": 0.09481719277363301
}