{
    "n_scheduler_delay": 295,
    "n_uncertainty_delay": 16,
    "makespan": 32370,
    "conflicts": 0,
    "avg_queue_size": 0.004629629629629629,
    "avg_reschedule_exec_time": 0.2593721988589265,
    "n_delay": 311,
    "avg_active_aircrafts": 10.982407407407408
}