{
    "avg_n_delay": 0.008704735376044569,
    "avg_n_scheduler_delay": 0.005222841225626741,
    "avg_queue_size": 0.0031337047353760445,
    "avg_n_uncertainty_delay": 0.003481894150417827,
    "conflicts": 0,
    "avg_reschedule_exec_time": 0.12034316036288299,
    "makespan": 76260
}