{
    "n_scheduler_delay": 364,
    "n_uncertainty_delay": 3,
    "avg_active_aircrafts": 12.03888888888889,
    "n_delay": 367,
    "avg_reschedule_exec_time": 0.5252825969873473,
    "conflicts": 0,
    "makespan": 32370,
    "avg_queue_size": 0.08425925925925926
}