{
    "conflicts": 0,
    "avg_n_delay": 0.011538461538461539,
    "avg_n_scheduler_delay": 0.009790209790209791,
    "avg_reschedule_exec_time": 0.23254604238859364,
    "makespan": 77100,
    "avg_queue_size": 0.019230769230769232,
    "avg_n_uncertainty_delay": 0.0017482517482517483
}