{
    "avg_n_delay": 0.016364902506963788,
    "avg_n_scheduler_delay": 0.010793871866295265,
    "avg_queue_size": 0.0006963788300835655,
    "avg_n_uncertainty_delay": 0.005571030640668524,
    "conflicts": 0,
    "avg_reschedule_exec_time": 0.1284839953790164,
    "makespan": 76440
}