{
    "conflicts": 0,
    "n_scheduler_delay": 380,
    "avg_reschedule_exec_time": 0.29240311895098003,
    "avg_active_aircrafts": 11.11111111111111,
    "makespan": 32370,
    "n_uncertainty_delay": 7,
    "n_delay": 387,
    "avg_queue_size": 0.005555555555555556
}