{
    "makespan": 32370,
    "n_delay": 352,
    "conflicts": 0,
    "avg_reschedule_exec_time": 0.2710946880156565,
    "n_scheduler_delay": 341,
    "avg_active_aircrafts": 11.061111111111112,
    "avg_queue_size": 0.002777777777777778,
    "n_uncertainty_delay": 11
}