{
    "makespan": 32370,
    "avg_queue_size": 0.007407407407407408,
    "avg_reschedule_exec_time": 0.5088892005210699,
    "n_uncertainty_delay": 13,
    "conflicts": 0,
    "n_scheduler_delay": 325,
    "n_delay": 338,
    "avg_active_aircrafts": 10.963888888888889
}