{
    "makespan": 32370,
    "avg_queue_size": 0.006481481481481481,
    "avg_reschedule_exec_time": 0.509312131793,
    "n_uncertainty_delay": 3,
    "conflicts": 0,
    "n_scheduler_delay": 347,
    "n_delay": 350,
    "avg_active_aircrafts": 10.936111111111112
}