{
    "makespan": 76440,
    "avg_queue_size": 0.0003475842891901286,
    "conflicts": 0,
    "avg_reschedule_exec_time": 0.5792045399142207,
    "avg_n_delay": 0.006604101494612444,
    "avg_n_uncertainty_delay": 0.0010427528675703858,
    "avg_n_scheduler_delay": 0.005561348627042058
}