{
    "makespan": 76620,
    "avg_queue_size": 0.0003473428273706148,
    "conflicts": 0,
    "avg_reschedule_exec_time": 0.5891717454661494,
    "avg_n_delay": 0.006599513720041681,
    "avg_n_uncertainty_delay": 0.0006946856547412296,
    "avg_n_scheduler_delay": 0.005904828065300452
}