{
    "n_scheduler_delay": 358,
    "makespan": 32370,
    "avg_reschedule_exec_time": 0.5115514012270196,
    "n_delay": 358,
    "n_uncertainty_delay": 0,
    "avg_queue_size": 0.004629629629629629,
    "conflicts": 0,
    "avg_active_aircrafts": 10.896296296296295
}