{
    "n_scheduler_delay": 376,
    "n_uncertainty_delay": 6,
    "makespan": 32370,
    "conflicts": 0,
    "avg_queue_size": 0.004629629629629629,
    "avg_reschedule_exec_time": 0.3218873234682305,
    "n_delay": 382,
    "avg_active_aircrafts": 11.341666666666667
}