{
    "avg_reschedule_exec_time": 0.5202790637348973,
    "avg_queue_size": 0.000925925925925926,
    "conflicts": 0,
    "n_scheduler_delay": 350,
    "avg_active_aircrafts": 10.90925925925926,
    "n_delay": 357,
    "makespan": 32370,
    "n_uncertainty_delay": 7
}