{
    "avg_reschedule_exec_time": 0.10311572498597807,
    "avg_n_delay": 0.01321279554937413,
    "avg_queue_size": 0.0,
    "conflicts": 0,
    "makespan": 76530,
    "avg_n_scheduler_delay": 0.009388038942976356,
    "avg_n_uncertainty_delay": 0.0038247566063977748
}