{
    "n_delay": 285,
    "conflicts": 0,
    "n_scheduler_delay": 285,
    "avg_reschedule_exec_time": 0.24027886723363123,
    "avg_active_aircrafts": 11.319444444444445,
    "avg_queue_size": 0.040740740740740744,
    "n_uncertainty_delay": 0,
    "makespan": 32370
}