{
    "n_scheduler_delay": 284,
    "n_uncertainty_delay": 0,
    "makespan": 32370,
    "conflicts": 0,
    "avg_queue_size": 0.005555555555555556,
    "avg_reschedule_exec_time": 0.4252892594004786,
    "n_delay": 284,
    "avg_active_aircrafts": 10.665740740740741
}