{
    "avg_active_aircrafts": 11.558333333333334,
    "avg_queue_size": 0.004629629629629629,
    "n_scheduler_delay": 392,
    "n_delay": 392,
    "conflicts": 0,
    "makespan": 32370,
    "n_uncertainty_delay": 0,
    "avg_reschedule_exec_time": 0.30979461559029514
}