{
    "avg_reschedule_exec_time": 0.435354170688363,
    "avg_queue_size": 0.001851851851851852,
    "conflicts": 0,
    "n_scheduler_delay": 271,
    "avg_active_aircrafts": 10.559259259259258,
    "n_delay": 271,
    "makespan": 32370,
    "n_uncertainty_delay": 0
}