{
    "n_scheduler_delay": 297,
    "n_uncertainty_delay": 0,
    "avg_active_aircrafts": 11.76574074074074,
    "n_delay": 297,
    "avg_reschedule_exec_time": 0.4737569343212039,
    "conflicts": 0,
    "makespan": 32370,
    "avg_queue_size": 0.08703703703703704
}