{
    "conflicts": 0,
    "avg_n_delay": 0.009790209790209791,
    "avg_n_scheduler_delay": 0.0073426573426573424,
    "avg_reschedule_exec_time": 0.21911537479346907,
    "makespan": 77310,
    "avg_queue_size": 0.03146853146853147,
    "avg_n_uncertainty_delay": 0.0024475524475524478
}