{
    "avg_active_aircrafts": 11.084259259259259,
    "avg_queue_size": 0.009259259259259259,
    "n_scheduler_delay": 410,
    "n_delay": 429,
    "conflicts": 0,
    "makespan": 32370,
    "n_uncertainty_delay": 19,
    "avg_reschedule_exec_time": 0.29985287244929826
}