{
    "conflicts": 0,
    "n_scheduler_delay": 269,
    "avg_reschedule_exec_time": 1.0845069508803518,
    "avg_active_aircrafts": 10.816326530612244,
    "makespan": 32310,
    "n_uncertainty_delay": 6,
    "n_delay": 275,
    "avg_queue_size": 0.0009276437847866419
}