{
    "makespan": 32370,
    "avg_queue_size": 0.001851851851851852,
    "avg_reschedule_exec_time": 0.4755124668742335,
    "n_uncertainty_delay": 27,
    "conflicts": 0,
    "n_scheduler_delay": 320,
    "n_delay": 347,
    "avg_active_aircrafts": 10.771296296296295
}