{
    "makespan": 32370,
    "avg_queue_size": 0.003703703703703704,
    "avg_reschedule_exec_time": 0.5502641688945682,
    "n_uncertainty_delay": 7,
    "conflicts": 0,
    "n_scheduler_delay": 399,
    "n_delay": 406,
    "avg_active_aircrafts": 11.073148148148148
}