{
    "conflicts": 103,
    "makespan": 76680,
    "avg_queue_size": 0.16210526315789472,
    "avg_reschedule_exec_time": 0.8054024665913684,
    "avg_n_delay": 0.05511811023622047,
    "avg_n_scheduler_delay": 0.031496062992125984,
    "avg_n_uncertainty_delay": 0.023622047244094488
}