{
    "conflicts": 0,
    "makespan": 33450,
    "avg_n_delay": 0.03888888888888889,
    "avg_n_scheduler_delay": 0.029166666666666667,
    "avg_n_uncertainty_delay": 0.009722222222222222,
    "avg_queue_size": 0.001388888888888889,
    "avg_reschedule_exec_time": 0.05342897598457868
}