{
    "n_scheduler_delay": 256,
    "n_uncertainty_delay": 6,
    "makespan": 32370,
    "conflicts": 0,
    "avg_queue_size": 0.002777777777777778,
    "avg_reschedule_exec_time": 0.2369906503100728,
    "n_delay": 262,
    "avg_active_aircrafts": 10.701851851851853
}