{
    "conflicts": 0,
    "n_scheduler_delay": 275,
    "avg_reschedule_exec_time": 1.8809370949583233,
    "avg_active_aircrafts": 10.636111111111111,
    "makespan": 32370,
    "n_uncertainty_delay": 3,
    "n_delay": 278,
    "avg_queue_size": 0.002777777777777778
}