{
    "n_uncertainty_delay": 1,
    "avg_queue_size": 0.006481481481481481,
    "conflicts": 0,
    "avg_reschedule_exec_time": 0.5298323819803638,
    "n_delay": 350,
    "makespan": 32370,
    "n_scheduler_delay": 349,
    "avg_active_aircrafts": 10.813888888888888
}