{
    "n_uncertainty_delay": 0,
    "avg_queue_size": 0.004629629629629629,
    "conflicts": 0,
    "avg_reschedule_exec_time": 0.5950815666553586,
    "n_delay": 390,
    "makespan": 32370,
    "n_scheduler_delay": 390,
    "avg_active_aircrafts": 11.246296296296297
}