{
    "n_delay": 371,
    "avg_queue_size": 0.053703703703703705,
    "n_scheduler_delay": 371,
    "n_uncertainty_delay": 0,
    "makespan": 32370,
    "conflicts": 0,
    "avg_reschedule_exec_time": 0.5141422526780949,
    "avg_active_aircrafts": 11.689814814814815
}