{
    "avg_reschedule_exec_time": 0.5132743558218312,
    "avg_active_aircrafts": 10.991666666666667,
    "avg_queue_size": 0.001851851851851852,
    "n_uncertainty_delay": 0,
    "n_delay": 332,
    "conflicts": 0,
    "makespan": 32370,
    "n_scheduler_delay": 332
}