{
    "conflicts": 0,
    "makespan": 76350,
    "avg_queue_size": 0.0,
    "avg_reschedule_exec_time": 0.3592118327000015,
    "avg_n_delay": 0.011126564673157164,
    "avg_n_scheduler_delay": 0.009388038942976356,
    "avg_n_uncertainty_delay": 0.0017385257301808068
}