{
    "makespan": 76320,
    "avg_reschedule_exec_time": 0.38955245376629416,
    "avg_n_delay": 0.012517385257301807,
    "avg_queue_size": 0.0,
    "avg_n_uncertainty_delay": 0.0013908205841446453,
    "avg_n_scheduler_delay": 0.011126564673157162,
    "conflicts": 0
}