{
    "conflicts": 0,
    "makespan": 33330,
    "avg_n_delay": 0.05208333333333333,
    "avg_n_scheduler_delay": 0.027777777777777776,
    "avg_n_uncertainty_delay": 0.024305555555555556,
    "avg_queue_size": 0.001388888888888889,
    "avg_reschedule_exec_time": 0.09445236121047507
}