{
    "n_scheduler_delay": 300,
    "n_uncertainty_delay": 0,
    "avg_active_aircrafts": 11.789814814814815,
    "n_delay": 300,
    "avg_reschedule_exec_time": 0.46883117875387503,
    "conflicts": 0,
    "makespan": 32370,
    "avg_queue_size": 0.05925925925925926
}