{
    "makespan": 32370,
    "avg_queue_size": 0.003703703703703704,
    "avg_reschedule_exec_time": 0.4751409464104231,
    "n_uncertainty_delay": 21,
    "conflicts": 0,
    "n_scheduler_delay": 313,
    "n_delay": 334,
    "avg_active_aircrafts": 10.719444444444445
}