{
    "n_scheduler_delay": 397,
    "n_uncertainty_delay": 23,
    "makespan": 32370,
    "conflicts": 0,
    "avg_queue_size": 0.002777777777777778,
    "avg_reschedule_exec_time": 0.31115007289620333,
    "n_delay": 420,
    "avg_active_aircrafts": 11.153703703703703
}