{
    "n_delay": 325,
    "conflicts": 0,
    "n_scheduler_delay": 323,
    "avg_reschedule_exec_time": 0.2822959800099218,
    "avg_active_aircrafts": 11.696296296296296,
    "avg_queue_size": 0.08148148148148149,
    "n_uncertainty_delay": 2,
    "makespan": 32370
}