{
    "conflicts": 0,
    "avg_n_delay": 0.017482517482517484,
    "avg_n_scheduler_delay": 0.013286713286713287,
    "avg_reschedule_exec_time": 0.242512627386711,
    "makespan": 76530,
    "avg_queue_size": 0.044055944055944055,
    "avg_n_uncertainty_delay": 0.004195804195804196
}