{
    "avg_n_scheduler_delay": 0.004172461752433936,
    "avg_queue_size": 0.0,
    "avg_n_delay": 0.004867872044506259,
    "avg_reschedule_exec_time": 0.5891036568909966,
    "conflicts": 0,
    "avg_n_uncertainty_delay": 0.0006954102920723226,
    "makespan": 76590
}