{
    "avg_queue_size": 0.0,
    "makespan": 76410,
    "conflicts": 0,
    "avg_n_delay": 0.007301808066759388,
    "avg_reschedule_exec_time": 0.10080349644578598,
    "avg_n_uncertainty_delay": 0.0006954102920723226,
    "avg_n_scheduler_delay": 0.006606397774687065
}