{
    "n_delay": 329,
    "avg_queue_size": 0.058333333333333334,
    "n_scheduler_delay": 327,
    "n_uncertainty_delay": 2,
    "makespan": 32370,
    "conflicts": 0,
    "avg_reschedule_exec_time": 0.47874949588332066,
    "avg_active_aircrafts": 11.58611111111111
}