{
    "avg_n_uncertainty_delay": 0.0,
    "makespan": 76410,
    "avg_n_delay": 0.008336227856894755,
    "avg_reschedule_exec_time": 0.36397713281846344,
    "conflicts": 0,
    "avg_queue_size": 0.0,
    "avg_n_scheduler_delay": 0.008336227856894755
}