{
    "makespan": 32370,
    "avg_queue_size": 0.004629629629629629,
    "avg_reschedule_exec_time": 0.5291146356006001,
    "n_uncertainty_delay": 0,
    "conflicts": 0,
    "n_scheduler_delay": 378,
    "n_delay": 378,
    "avg_active_aircrafts": 10.894444444444444
}