{
    "makespan": 32370,
    "avg_queue_size": 0.006481481481481481,
    "avg_reschedule_exec_time": 0.4484760373137718,
    "n_uncertainty_delay": 6,
    "conflicts": 0,
    "n_scheduler_delay": 301,
    "n_delay": 307,
    "avg_active_aircrafts": 10.774074074074074
}