{
    "n_scheduler_delay": 316,
    "n_uncertainty_delay": 8,
    "makespan": 32370,
    "conflicts": 0,
    "avg_queue_size": 0.006481481481481481,
    "avg_reschedule_exec_time": 0.27738046091656354,
    "n_delay": 324,
    "avg_active_aircrafts": 11.04351851851852
}