{
    "avg_active_aircrafts": 10.79351851851852,
    "avg_queue_size": 0.004629629629629629,
    "n_scheduler_delay": 364,
    "n_delay": 364,
    "conflicts": 0,
    "makespan": 32370,
    "n_uncertainty_delay": 0,
    "avg_reschedule_exec_time": 0.2683689405751783
}