{
    "n_scheduler_delay": 320,
    "n_uncertainty_delay": 0,
    "avg_active_aircrafts": 11.927777777777777,
    "n_delay": 320,
    "avg_reschedule_exec_time": 0.4849319768506427,
    "conflicts": 0,
    "makespan": 32370,
    "avg_queue_size": 0.06574074074074074
}