{
    "makespan": 32370,
    "avg_queue_size": 0.004629629629629629,
    "avg_reschedule_exec_time": 0.4663509069487106,
    "n_uncertainty_delay": 0,
    "conflicts": 0,
    "n_scheduler_delay": 301,
    "n_delay": 301,
    "avg_active_aircrafts": 10.582407407407407
}