{
    "conflicts": 0,
    "avg_n_delay": 0.01853146853146853,
    "avg_n_scheduler_delay": 0.013286713286713287,
    "avg_reschedule_exec_time": 0.2318135533534305,
    "makespan": 76710,
    "avg_queue_size": 0.0520979020979021,
    "avg_n_uncertainty_delay": 0.005244755244755245
}