time,rs_exec_time
00:00:00,
00:22:00,0.28363990783691406
00:44:00,0.3361680507659912
01:06:00,0.6979410648345947
01:28:00,0.38811302185058594
01:50:00,1.7093708515167236
02:12:00,1.4043629169464111
02:34:00,5.340016841888428
02:56:00,2.0194509029388428
03:18:00,1.4977271556854248
03:40:00,0.4429450035095215
04:02:00,0.793226957321167
04:24:00,1.427527904510498
04:46:00,1.8971378803253174
05:08:00,3.0559465885162354
05:30:00,1.1657860279083252
05:52:00,0.4071817398071289
06:14:00,0.47063684463500977
06:36:00,1.954874038696289
06:58:00,2.035266876220703
07:20:00,1.2194430828094482
07:42:00,1.439967155456543
08:04:00,3.005409002304077
08:26:00,0.5101492404937744
08:48:00,1.0170750617980957
09:10:00,205.35489106178284
09:32:00,4.509281158447266
09:54:00,0.585698127746582
10:16:00,2.2776551246643066
10:38:00,5.513674974441528
11:00:00,2.431809186935425
11:22:00,1.000006914138794
11:44:00,3.3044419288635254
12:06:00,1.4918200969696045
12:28:00,2.8772780895233154
12:50:00,3.0743870735168457
13:12:00,1.981196641921997
13:34:00,1.4364190101623535
13:56:00,3.736380100250244
14:18:00,0.6634581089019775
14:40:00,3.229004144668579
15:02:00,0.6579792499542236
15:24:00,391.2693421840668
15:46:00,2.02409291267395
16:08:00,15.711764812469482
16:30:00,1.71645188331604
16:52:00,1.6342580318450928
17:14:00,1.12972092628479
17:36:00,0.6411440372467041
17:58:00,3.1535370349884033
18:20:00,2.385810136795044
18:42:00,0.6199238300323486
19:04:00,0.6260459423065186
19:26:00,1.135979175567627
19:48:00,2.9422848224639893
20:10:00,0.672504186630249
20:32:00,1.7294800281524658
20:54:00,5.158891201019287
21:16:00,4.404928922653198
21:38:00,0.6232831478118896
22:00:00,0.5812768936157227
22:22:00,0.5265541076660156
22:44:00,0.5385270118713379
23:06:00,0.5074880123138428
23:28:00,0.5028197765350342
