{
    "conflicts": 16,
    "makespan": 76680,
    "avg_queue_size": 1.7912280701754386,
    "avg_reschedule_exec_time": 0.2305583192947063,
    "avg_n_delay": 0.7294117647058823,
    "avg_n_scheduler_delay": 0.6666666666666666,
    "avg_n_uncertainty_delay": 0.06274509803921569
}