{
    "makespan": 32370,
    "avg_queue_size": 0.005555555555555556,
    "avg_reschedule_exec_time": 0.2533039514408555,
    "n_uncertainty_delay": 43,
    "conflicts": 0,
    "n_scheduler_delay": 295,
    "n_delay": 338,
    "avg_active_aircrafts": 10.76574074074074
}