{
    "avg_n_delay": 0.04652777777777778,
    "avg_queue_size": 0.0,
    "makespan": 33270,
    "avg_n_scheduler_delay": 0.03680555555555556,
    "avg_n_uncertainty_delay": 0.009722222222222222,
    "conflicts": 0,
    "avg_reschedule_exec_time": 0.08443710137474686
}