{
    "conflicts": 0,
    "n_scheduler_delay": 446,
    "avg_reschedule_exec_time": 0.32742925123734906,
    "avg_active_aircrafts": 11.292592592592593,
    "makespan": 32370,
    "n_uncertainty_delay": 6,
    "n_delay": 452,
    "avg_queue_size": 0.008333333333333333
}