{
    "makespan": 32370,
    "n_delay": 325,
    "conflicts": 0,
    "avg_reschedule_exec_time": 0.2661835430725607,
    "n_scheduler_delay": 323,
    "avg_active_aircrafts": 10.935185185185185,
    "avg_queue_size": 0.001851851851851852,
    "n_uncertainty_delay": 2
}