{
    "conflicts": 0,
    "avg_n_delay": 0.02097902097902098,
    "avg_n_scheduler_delay": 0.01853146853146853,
    "avg_reschedule_exec_time": 0.24448046885745625,
    "makespan": 76650,
    "avg_queue_size": 0.045804195804195806,
    "avg_n_uncertainty_delay": 0.0024475524475524478
}