{
    "n_delay": 324,
    "avg_queue_size": 0.05462962962962963,
    "n_scheduler_delay": 324,
    "n_uncertainty_delay": 0,
    "makespan": 32370,
    "conflicts": 0,
    "avg_reschedule_exec_time": 0.4801955411600512,
    "avg_active_aircrafts": 11.741666666666667
}