{
    "n_delay": 381,
    "n_scheduler_delay": 369,
    "avg_active_aircrafts": 10.84074074074074,
    "n_uncertainty_delay": 12,
    "makespan": 32370,
    "avg_reschedule_exec_time": 0.49596438186113223,
    "avg_queue_size": 0.006481481481481481,
    "conflicts": 0
}