{
    "conflicts": 0,
    "avg_n_delay": 0.017132867132867134,
    "avg_n_scheduler_delay": 0.012587412587412588,
    "avg_reschedule_exec_time": 0.24463003957775278,
    "makespan": 76650,
    "avg_queue_size": 0.04825174825174825,
    "avg_n_uncertainty_delay": 0.004545454545454545
}