{
    "avg_n_scheduler_delay": 0.007301808066759388,
    "avg_queue_size": 0.0006954102920723226,
    "avg_n_delay": 0.008692628650904033,
    "avg_reschedule_exec_time": 0.6002169110316752,
    "conflicts": 0,
    "avg_n_uncertainty_delay": 0.0013908205841446453,
    "makespan": 76320
}