{
    "avg_n_scheduler_delay": 0.006954102920723227,
    "avg_queue_size": 0.0,
    "avg_n_delay": 0.006954102920723227,
    "avg_reschedule_exec_time": 0.6003565243691787,
    "conflicts": 0,
    "avg_n_uncertainty_delay": 0.0,
    "makespan": 76770
}