{
    "conflicts": 0,
    "avg_n_delay": 0.013286713286713287,
    "avg_n_scheduler_delay": 0.006643356643356644,
    "avg_reschedule_exec_time": 0.2255457874754785,
    "makespan": 76770,
    "avg_queue_size": 0.031118881118881118,
    "avg_n_uncertainty_delay": 0.006643356643356644
}