{
    "conflicts": 0,
    "avg_n_delay": 0.01818181818181818,
    "avg_n_scheduler_delay": 0.01048951048951049,
    "avg_reschedule_exec_time": 0.12726566993014912,
    "makespan": 76680,
    "avg_queue_size": 0.024825174825174826,
    "avg_n_uncertainty_delay": 0.007692307692307693
}