{
    "conflicts": 0,
    "n_scheduler_delay": 315,
    "avg_reschedule_exec_time": 0.3815455649422004,
    "avg_active_aircrafts": 10.676851851851852,
    "makespan": 32370,
    "n_uncertainty_delay": 8,
    "n_delay": 323,
    "avg_queue_size": 0.003703703703703704
}