{
    "avg_reschedule_exec_time": 0.2921499352122462,
    "avg_active_aircrafts": 11.016666666666667,
    "avg_queue_size": 0.000925925925925926,
    "n_uncertainty_delay": 5,
    "n_delay": 380,
    "conflicts": 0,
    "makespan": 32370,
    "n_scheduler_delay": 375
}