{
    "n_uncertainty_delay": 11,
    "avg_queue_size": 0.004629629629629629,
    "conflicts": 0,
    "avg_reschedule_exec_time": 0.5566976181296415,
    "n_delay": 375,
    "makespan": 32370,
    "n_scheduler_delay": 364,
    "avg_active_aircrafts": 11.205555555555556
}