{
    "avg_reschedule_exec_time": 0.10331229545943917,
    "avg_n_delay": 0.016689847009735744,
    "avg_queue_size": 0.0003477051460361613,
    "conflicts": 0,
    "makespan": 76770,
    "avg_n_scheduler_delay": 0.006954102920723227,
    "avg_n_uncertainty_delay": 0.009735744089012517
}