{
    "n_delay": 290,
    "avg_queue_size": 0.06851851851851852,
    "n_scheduler_delay": 290,
    "n_uncertainty_delay": 0,
    "makespan": 32370,
    "conflicts": 0,
    "avg_reschedule_exec_time": 0.44173532862995946,
    "avg_active_aircrafts": 11.444444444444445
}