{
    "avg_reschedule_exec_time": 0.495116403490998,
    "avg_active_aircrafts": 10.816666666666666,
    "avg_queue_size": 0.005555555555555556,
    "n_uncertainty_delay": 0,
    "n_delay": 334,
    "conflicts": 0,
    "makespan": 32370,
    "n_scheduler_delay": 334
}