{
    "avg_active_aircrafts": 10.766666666666667,
    "avg_queue_size": 0.005555555555555556,
    "n_scheduler_delay": 348,
    "n_delay": 358,
    "conflicts": 0,
    "makespan": 32370,
    "n_uncertainty_delay": 10,
    "avg_reschedule_exec_time": 0.2601365621699843
}