{
    "n_scheduler_delay": 338,
    "n_uncertainty_delay": 12,
    "makespan": 32370,
    "conflicts": 0,
    "avg_queue_size": 0.003703703703703704,
    "avg_reschedule_exec_time": 0.2846686751343483,
    "n_delay": 350,
    "avg_active_aircrafts": 10.564814814814815
}