{
    "n_scheduler_delay": 298,
    "makespan": 32370,
    "avg_reschedule_exec_time": 0.4214513202046239,
    "n_delay": 298,
    "n_uncertainty_delay": 0,
    "avg_queue_size": 0.002777777777777778,
    "conflicts": 0,
    "avg_active_aircrafts": 10.618518518518519
}