{
    "avg_n_delay": 0.04027777777777778,
    "avg_queue_size": 0.020833333333333332,
    "makespan": 33180,
    "avg_n_scheduler_delay": 0.029861111111111113,
    "avg_n_uncertainty_delay": 0.010416666666666666,
    "conflicts": 0,
    "avg_reschedule_exec_time": 0.08221907056243725
}