{
    "conflicts": 0,
    "avg_n_delay": 0.012237762237762238,
    "avg_n_scheduler_delay": 0.012237762237762238,
    "avg_reschedule_exec_time": 0.2488326841676739,
    "makespan": 76410,
    "avg_queue_size": 0.06923076923076923,
    "avg_n_uncertainty_delay": 0.0
}