{
    "n_scheduler_delay": 276,
    "n_uncertainty_delay": 20,
    "makespan": 32370,
    "conflicts": 0,
    "avg_queue_size": 0.003703703703703704,
    "avg_reschedule_exec_time": 0.23709951112436695,
    "n_delay": 296,
    "avg_active_aircrafts": 10.625925925925927
}