{
    "conflicts": 0,
    "makespan": 33300,
    "avg_n_delay": 0.036111111111111115,
    "avg_n_scheduler_delay": 0.025,
    "avg_n_uncertainty_delay": 0.011111111111111112,
    "avg_queue_size": 0.002777777777777778,
    "avg_reschedule_exec_time": 0.05137807811535169
}