{
    "conflicts": 0,
    "avg_n_delay": 0.009790209790209791,
    "avg_n_scheduler_delay": 0.008741258741258742,
    "avg_reschedule_exec_time": 0.22799434628285153,
    "makespan": 76770,
    "avg_queue_size": 0.04895104895104895,
    "avg_n_uncertainty_delay": 0.001048951048951049
}