{
    "conflicts": 15,
    "makespan": 76680,
    "avg_queue_size": 1.1305263157894736,
    "avg_reschedule_exec_time": 0.22688918671709427,
    "avg_n_delay": 0.7480314960629921,
    "avg_n_scheduler_delay": 0.6692913385826772,
    "avg_n_uncertainty_delay": 0.07874015748031496
}