{
    "makespan": 32370,
    "avg_queue_size": 0.000925925925925926,
    "avg_reschedule_exec_time": 0.4764244512070057,
    "n_uncertainty_delay": 0,
    "conflicts": 0,
    "n_scheduler_delay": 297,
    "n_delay": 297,
    "avg_active_aircrafts": 10.83148148148148
}