{
    "n_scheduler_delay": 280,
    "n_uncertainty_delay": 10,
    "makespan": 32370,
    "conflicts": 0,
    "avg_queue_size": 0.001851851851851852,
    "avg_reschedule_exec_time": 0.2498680968617284,
    "n_delay": 290,
    "avg_active_aircrafts": 10.758333333333333
}