{
    "n_scheduler_delay": 349,
    "n_uncertainty_delay": 12,
    "avg_active_aircrafts": 11.908333333333333,
    "n_delay": 361,
    "avg_reschedule_exec_time": 0.2577605347300685,
    "conflicts": 0,
    "makespan": 32370,
    "avg_queue_size": 0.062037037037037036
}