{
    "avg_n_delay": 0.014325646401118098,
    "avg_n_scheduler_delay": 0.009433962264150943,
    "avg_queue_size": 0.019566736547868623,
    "avg_n_uncertainty_delay": 0.004891684136967156,
    "conflicts": 0,
    "avg_reschedule_exec_time": 0.20332091820390918,
    "makespan": 76470
}