{
    "makespan": 76260,
    "avg_queue_size": 0.0003475842891901286,
    "conflicts": 0,
    "avg_reschedule_exec_time": 0.578731088522004,
    "avg_n_delay": 0.009732360097323601,
    "avg_n_uncertainty_delay": 0.0003475842891901286,
    "avg_n_scheduler_delay": 0.009384775808133473
}