{
    "makespan": 32370,
    "avg_queue_size": 0.000925925925925926,
    "avg_reschedule_exec_time": 0.5113925845124001,
    "n_uncertainty_delay": 16,
    "conflicts": 0,
    "n_scheduler_delay": 371,
    "n_delay": 387,
    "avg_active_aircrafts": 10.799074074074074
}