{
    "avg_n_delay": 0.04652777777777778,
    "avg_queue_size": 0.0125,
    "makespan": 33240,
    "avg_n_scheduler_delay": 0.041666666666666664,
    "avg_n_uncertainty_delay": 0.004861111111111111,
    "conflicts": 0,
    "avg_reschedule_exec_time": 0.10203022315722554
}