{
    "conflicts": 156,
    "makespan": 76680,
    "delay_added": 5100,
    "avg_queue_size": 0.39017543859649073,
    "avg_reschedule_exec_time": 0.23492469686142942
}