{
    "conflicts": 0,
    "makespan": 33480,
    "avg_n_delay": 0.035416666666666666,
    "avg_n_scheduler_delay": 0.029166666666666667,
    "avg_n_uncertainty_delay": 0.00625,
    "avg_queue_size": 0.0,
    "avg_reschedule_exec_time": 0.05112412978679689
}