{
    "makespan": 76710,
    "avg_queue_size": 0.0,
    "conflicts": 0,
    "avg_reschedule_exec_time": 0.5778394247443416,
    "avg_n_delay": 0.011809656130600903,
    "avg_n_uncertainty_delay": 0.0003473428273706148,
    "avg_n_scheduler_delay": 0.011462313303230288
}