{
    "avg_n_scheduler_delay": 0.009735744089012517,
    "avg_queue_size": 0.0,
    "avg_n_delay": 0.014603616133518776,
    "avg_reschedule_exec_time": 0.5992244963526394,
    "conflicts": 0,
    "avg_n_uncertainty_delay": 0.004867872044506259,
    "makespan": 76590
}