{
    "avg_n_delay": 0.03125,
    "avg_queue_size": 0.004861111111111111,
    "makespan": 33150,
    "avg_n_scheduler_delay": 0.02361111111111111,
    "avg_n_uncertainty_delay": 0.007638888888888889,
    "conflicts": 0,
    "avg_reschedule_exec_time": 0.09128297803129658
}