{
    "avg_n_delay": 0.015331010452961672,
    "avg_n_scheduler_delay": 0.011498257839721254,
    "avg_queue_size": 0.018815331010452963,
    "avg_n_uncertainty_delay": 0.003832752613240418,
    "conflicts": 0,
    "avg_reschedule_exec_time": 0.18150508754393635,
    "makespan": 76380
}