{
    "n_scheduler_delay": 308,
    "n_uncertainty_delay": 4,
    "avg_active_aircrafts": 11.87037037037037,
    "n_delay": 312,
    "avg_reschedule_exec_time": 0.45319000177605206,
    "conflicts": 0,
    "makespan": 32370,
    "avg_queue_size": 0.09537037037037037
}