{
    "avg_reschedule_exec_time": 0.2537815526474354,
    "avg_active_aircrafts": 10.767592592592592,
    "avg_queue_size": 0.002777777777777778,
    "n_uncertainty_delay": 6,
    "n_delay": 294,
    "conflicts": 0,
    "makespan": 32370,
    "n_scheduler_delay": 288
}