{
    "n_uncertainty_delay": 11,
    "avg_queue_size": 0.001851851851851852,
    "conflicts": 0,
    "avg_reschedule_exec_time": 0.4888248698655949,
    "n_delay": 331,
    "makespan": 32370,
    "n_scheduler_delay": 320,
    "avg_active_aircrafts": 10.681481481481482
}