{
    "avg_n_delay": 0.014972144846796657,
    "avg_n_scheduler_delay": 0.009052924791086351,
    "avg_queue_size": 0.002437325905292479,
    "avg_n_uncertainty_delay": 0.005919220055710306,
    "conflicts": 0,
    "avg_reschedule_exec_time": 0.12979803138605042,
    "makespan": 76530
}