{
    "avg_reschedule_exec_time": 0.10210007611755541,
    "avg_n_delay": 0.0062586926286509045,
    "avg_queue_size": 0.0,
    "conflicts": 0,
    "makespan": 76650,
    "avg_n_scheduler_delay": 0.005910987482614743,
    "avg_n_uncertainty_delay": 0.0003477051460361613
}