{
    "avg_n_delay": 0.02100840336134454,
    "avg_n_scheduler_delay": 0.015406162464985995,
    "avg_queue_size": 0.0784313725490196,
    "avg_n_uncertainty_delay": 0.0056022408963585435,
    "conflicts": 0,
    "avg_reschedule_exec_time": 0.16619451683346587,
    "makespan": 76500
}