{
    "conflicts": 0,
    "makespan": 33330,
    "avg_n_delay": 0.03680555555555555,
    "avg_n_scheduler_delay": 0.027777777777777776,
    "avg_n_uncertainty_delay": 0.009027777777777777,
    "avg_queue_size": 0.003472222222222222,
    "avg_reschedule_exec_time": 0.05288683604397149
}