{
    "makespan": 32370,
    "avg_queue_size": 0.003703703703703704,
    "avg_reschedule_exec_time": 0.3976689294327137,
    "n_uncertainty_delay": 9,
    "conflicts": 0,
    "n_scheduler_delay": 247,
    "n_delay": 256,
    "avg_active_aircrafts": 10.549074074074074
}