{
    "n_delay": 417,
    "n_scheduler_delay": 401,
    "avg_active_aircrafts": 11.332407407407407,
    "n_uncertainty_delay": 16,
    "makespan": 32370,
    "avg_reschedule_exec_time": 0.29157646534054776,
    "avg_queue_size": 0.004629629629629629,
    "conflicts": 0
}