{
    "avg_n_delay": 0.02736842105263158,
    "avg_n_scheduler_delay": 0.023508771929824562,
    "avg_queue_size": 0.13017543859649122,
    "avg_n_uncertainty_delay": 0.0038596491228070177,
    "conflicts": 0,
    "avg_reschedule_exec_time": 0.3971030331672506,
    "makespan": 76770
}