{
    "avg_n_delay": 0.017132867132867134,
    "avg_n_scheduler_delay": 0.011538461538461539,
    "avg_queue_size": 0.05244755244755245,
    "avg_n_uncertainty_delay": 0.005594405594405594,
    "conflicts": 0,
    "avg_reschedule_exec_time": 0.24796762762143632,
    "makespan": 76200
}