{
    "makespan": 32370,
    "n_delay": 330,
    "conflicts": 0,
    "avg_reschedule_exec_time": 0.25753949789921293,
    "n_scheduler_delay": 320,
    "avg_active_aircrafts": 10.574074074074074,
    "avg_queue_size": 0.002777777777777778,
    "n_uncertainty_delay": 10
}