{
    "conflicts": 0,
    "n_scheduler_delay": 295,
    "avg_reschedule_exec_time": 0.26086675567839274,
    "avg_active_aircrafts": 10.796296296296296,
    "makespan": 32370,
    "n_uncertainty_delay": 5,
    "n_delay": 300,
    "avg_queue_size": 0.004629629629629629
}