{
    "conflicts": 0,
    "makespan": 33330,
    "avg_n_delay": 0.049305555555555554,
    "avg_n_scheduler_delay": 0.034027777777777775,
    "avg_n_uncertainty_delay": 0.015277777777777777,
    "avg_queue_size": 0.003472222222222222,
    "avg_reschedule_exec_time": 0.055138036733218224
}