{
    "makespan": 32370,
    "avg_queue_size": 0.005555555555555556,
    "avg_reschedule_exec_time": 0.5603042214415794,
    "n_uncertainty_delay": 20,
    "conflicts": 0,
    "n_scheduler_delay": 380,
    "n_delay": 400,
    "avg_active_aircrafts": 11.276851851851852
}