{
    "n_delay": 309,
    "n_scheduler_delay": 299,
    "avg_active_aircrafts": 10.643518518518519,
    "n_uncertainty_delay": 10,
    "makespan": 32370,
    "avg_reschedule_exec_time": 0.45040522730627724,
    "avg_queue_size": 0.003703703703703704,
    "conflicts": 0
}