{
    "total_conflicts": 742,
    "makespan": 82950,
    "delay_added": 90,
    "avg_queue_size": 1.4508569429870568,
    "avg_reschedule_exec_time": 0.2838869025406328
}