{"total_conflicts": 509, "makespan": 83100, "delay_added": 30, "avg_queue_size": 2.128716334382649, "avg_reschedule_exec_time": 0.0813872953063076}