{
    "total_conflicts": 554,
    "makespan": 81360,
    "delay_added": 90,
    "avg_queue_size": 1.2742217558586904,
    "avg_reschedule_exec_time": 0.31043087625966487
}