{
    "avg_reschedule_exec_time": 0.10262141187875051,
    "avg_n_delay": 0.00521557719054242,
    "avg_queue_size": 0.0,
    "conflicts": 0,
    "makespan": 76440,
    "avg_n_scheduler_delay": 0.00521557719054242,
    "avg_n_uncertainty_delay": 0.0
}