{
    "avg_n_delay": 0.024125874125874126,
    "avg_n_scheduler_delay": 0.02027972027972028,
    "avg_queue_size": 0.10139860139860139,
    "avg_n_uncertainty_delay": 0.0038461538461538464,
    "conflicts": 0,
    "avg_reschedule_exec_time": 0.2852151306397324,
    "makespan": 76770
}