{
    "n_delay": 365,
    "conflicts": 0,
    "n_scheduler_delay": 365,
    "avg_reschedule_exec_time": 0.3058858638586,
    "avg_active_aircrafts": 12.13888888888889,
    "avg_queue_size": 0.05648148148148148,
    "n_uncertainty_delay": 0,
    "makespan": 32370
}