{
    "n_scheduler_delay": 321,
    "n_uncertainty_delay": 0,
    "avg_active_aircrafts": 11.878703703703703,
    "n_delay": 321,
    "avg_reschedule_exec_time": 0.47543675067812896,
    "conflicts": 0,
    "makespan": 32370,
    "avg_queue_size": 0.05648148148148148
}