{
    "avg_reschedule_exec_time": 0.5304740883583247,
    "avg_queue_size": 0.000925925925925926,
    "conflicts": 0,
    "n_scheduler_delay": 384,
    "avg_active_aircrafts": 10.95,
    "n_delay": 384,
    "makespan": 32370,
    "n_uncertainty_delay": 0
}