{
    "n_scheduler_delay": 351,
    "n_uncertainty_delay": 0,
    "makespan": 32370,
    "conflicts": 0,
    "avg_queue_size": 0.006481481481481481,
    "avg_reschedule_exec_time": 0.5048619359038596,
    "n_delay": 351,
    "avg_active_aircrafts": 11.09537037037037
}