{
    "makespan": 32370,
    "avg_queue_size": 0.005555555555555556,
    "avg_reschedule_exec_time": 0.5048881375512412,
    "n_uncertainty_delay": 0,
    "conflicts": 0,
    "n_scheduler_delay": 338,
    "n_delay": 338,
    "avg_active_aircrafts": 10.579629629629629
}