{
    "n_uncertainty_delay": 1,
    "avg_queue_size": 0.004629629629629629,
    "conflicts": 0,
    "avg_reschedule_exec_time": 0.4844169117683588,
    "n_delay": 319,
    "makespan": 32370,
    "n_scheduler_delay": 318,
    "avg_active_aircrafts": 10.875
}