{
    "avg_reschedule_exec_time": 0.564189468428146,
    "avg_active_aircrafts": 10.987962962962962,
    "avg_queue_size": 0.003703703703703704,
    "n_uncertainty_delay": 1,
    "n_delay": 382,
    "conflicts": 0,
    "makespan": 32370,
    "n_scheduler_delay": 381
}