{
    "avg_n_scheduler_delay": 0.008692628650904033,
    "avg_queue_size": 0.0,
    "avg_n_delay": 0.010431154381084839,
    "avg_reschedule_exec_time": 0.6017103181908058,
    "conflicts": 0,
    "avg_n_uncertainty_delay": 0.0017385257301808068,
    "makespan": 76110
}