{
    "conflicts": 0,
    "makespan": 33210,
    "avg_n_delay": 0.04791666666666666,
    "avg_n_scheduler_delay": 0.025,
    "avg_n_uncertainty_delay": 0.022916666666666665,
    "avg_queue_size": 0.004861111111111111,
    "avg_reschedule_exec_time": 0.09570845189532862
}