{
    "avg_n_delay": 0.013966480446927373,
    "avg_n_scheduler_delay": 0.006983240223463687,
    "avg_queue_size": 0.008729050279329608,
    "avg_n_uncertainty_delay": 0.006983240223463687,
    "conflicts": 0,
    "avg_reschedule_exec_time": 0.19255212719520826,
    "makespan": 76680
}