{
    "conflicts": 0,
    "n_scheduler_delay": 293,
    "avg_reschedule_exec_time": 2.059621257602044,
    "avg_active_aircrafts": 10.902777777777779,
    "makespan": 32370,
    "n_uncertainty_delay": 5,
    "n_delay": 298,
    "avg_queue_size": 0.004629629629629629
}