{
    "avg_n_scheduler_delay": 0.008692628650904033,
    "avg_queue_size": 0.0,
    "avg_n_delay": 0.009735744089012517,
    "avg_reschedule_exec_time": 0.607622857877471,
    "conflicts": 0,
    "avg_n_uncertainty_delay": 0.001043115438108484,
    "makespan": 76320
}