uncertainty.prob_hold,avg_active_aircrafts,conflicts,makespan,avg_queue_size,avg_reschedule_exec_time,n_delay,n_scheduler_delay,n_uncertainty_delay
0.0,11.851388888888888,0.0,32370.0,0.07185185185185186,0.28014213107353025,340.5,340.5,0.0
0.004,11.847479423868313,0.0,32370.0,0.07602880658436212,0.2724598347986699,328.27777777777777,327.1111111111111,1.1666666666666667
0.008,11.85576131687243,0.0,32370.0,0.07093621399176955,0.2697818882397595,319.94444444444446,318.1111111111111,1.8333333333333333
0.012,11.827645502645504,0.0,32370.0,0.07208994708994708,0.2710356857293467,329.7857142857143,326.7142857142857,3.0714285714285716
0.016,11.869791666666666,0.0,32370.0,0.06539351851851852,0.2673955031605654,326.375,321.375,5.0
0.02,11.844629629629628,0.0,32370.0,0.08361111111111111,0.27625129511190016,326.4,320.5,5.9
