uncertainty.prob_hold,avg_active_aircrafts,conflicts,makespan,avg_queue_size,avg_reschedule_exec_time,n_delay,n_scheduler_delay,n_uncertainty_delay
0.0,10.919583333333337,0.0,32370.0,0.003194444444444444,0.2683986037830973,352.35,352.35,0.0
0.01,10.704745370370372,0.0,32370.0,0.0028935185185185184,0.24429048452266425,316.0,313.375,2.625
0.02,10.809060846560849,0.0,32370.0,0.002843915343915344,0.2489359695650018,325.7142857142857,319.14285714285717,6.571428571428571
0.03,10.88851851851852,0.0,32370.0,0.0026851851851851854,0.2634882941356925,357.1,347.6,9.5
0.04,10.876388888888886,0.0,32370.0,0.003333333333333333,0.26544492399969766,373.1,358.2,14.9
0.05,10.964120370370368,0.0,32370.0,0.005092592592592593,0.26340223051780876,361.5,343.25,18.25
0.06,10.971031746031747,0.0,32370.0,0.003042328042328042,0.27398749918636695,383.0,363.0,20.0
0.07,10.845925925925926,0.0,32370.0,0.0059259259259259265,0.26345328774563104,372.8,341.4,31.4
0.08,10.94783950617284,0.0,32370.0,0.005864197530864197,0.2553078111752059,352.6666666666667,326.0,26.666666666666668
