uncertainty.prob_hold,avg_active_aircrafts,conflicts,makespan,avg_queue_size,avg_reschedule_exec_time,n_delay,n_scheduler_delay,n_uncertainty_delay
0.0,10.911296296296296,0.0,32370.0,0.002685185185185186,0.27251153568758524,343.96666666666664,343.96666666666664,0.0
0.03,10.976697530864202,0.0,32370.0,0.002685185185185186,0.2792793210140385,393.2,366.26666666666665,26.933333333333334
0.06,11.007727920227923,0.0,32370.0,0.0028490028490028487,0.2899609456812039,425.46153846153845,369.7692307692308,55.69230769230769
0.09,10.99456790123457,0.0,32370.0,0.003456790123456789,0.34862418995155114,444.4,377.3333333333333,67.06666666666666
0.12,11.117129629629629,0.0,32370.0,0.0025462962962962965,0.2956008819348295,522.5,411.25,111.25
0.15,10.449074074074074,0.0,32370.0,0.006481481481481481,0.2416301494626698,400.0,290.0,110.0
0.18,10.785185185185185,0.0,32370.0,0.001851851851851852,0.2800234182425023,581.0,400.0,181.0
0.27,10.971296296296297,0.0,32370.0,0.002777777777777778,0.2979546239070857,737.0,452.0,285.0
