uncertainty.prob_hold,avg_active_aircrafts,conflicts,makespan,avg_queue_size,avg_reschedule_exec_time,n_delay,n_scheduler_delay,n_uncertainty_delay
0.0,11.889351851851853,0.0,32370.0,0.06527777777777778,0.28052795654119445,305.0,305.0,0.0
0.01,11.943518518518518,0.0,32370.0,0.09259259259259259,0.3309639531512593,394.0,389.0,5.0
0.02,11.66712962962963,0.0,32370.0,0.09814814814814815,0.2785902095395465,327.0,322.5,4.5
