{
    "avg_reschedule_exec_time": 0.4398630840833797,
    "avg_queue_size": 0.005555555555555556,
    "conflicts": 0,
    "n_scheduler_delay": 271,
    "avg_active_aircrafts": 10.762037037037038,
    "n_delay": 273,
    "makespan": 32370,
    "n_uncertainty_delay": 2
}