{
    "avg_reschedule_exec_time": 0.10251542552267941,
    "avg_n_delay": 0.021905424200278162,
    "avg_queue_size": 0.001043115438108484,
    "conflicts": 0,
    "makespan": 76290,
    "avg_n_scheduler_delay": 0.011126564673157162,
    "avg_n_uncertainty_delay": 0.010778859527121001
}