{
    "total_conflicts": 573,
    "makespan": 80400,
    "delay_added": 60,
    "avg_queue_size": 1.150169056779756,
    "avg_reschedule_exec_time": 0.2769164552966368
}