{
    "total_conflicts": 435,
    "makespan": 81870,
    "delay_added": 30,
    "avg_queue_size": 1.8849247988807314,
    "avg_reschedule_exec_time": 0.361643189365424
}