{
    "total_conflicts": 427,
    "makespan": 81210,
    "delay_added": 60,
    "avg_queue_size": 1.5786405503089562,
    "avg_reschedule_exec_time": 0.30178361263089964
}