{"total_conflicts": 548, "makespan": 78450, "delay_added": 60, "avg_queue_size": 0.7158680191209054, "avg_reschedule_exec_time": 0.0820779291171472}