{
    "conflicts": 465,
    "makespan": 76830,
    "delay_added": 3360,
    "avg_queue_size": 0.1519298245614035,
    "avg_reschedule_exec_time": 0.9969443209627842,
    "avg_n_delay": 0.7799227799227799,
    "avg_n_scheduler_delay": 0.16988416988416988,
    "avg_n_uncertainty_delay": 0.61003861003861
}