{
    "conflicts": 471,
    "makespan": 76830,
    "delay_added": 3300,
    "avg_queue_size": 0.15087719298245614,
    "avg_reschedule_exec_time": 0.9849426873186802
}