{
    "avg_n_uncertainty_delay": 0.0024339360222531293,
    "avg_n_delay": 0.01043115438108484,
    "avg_n_scheduler_delay": 0.007997218358831711,
    "conflicts": 0,
    "avg_queue_size": 0.0,
    "avg_reschedule_exec_time": 0.10186394443086927,
    "makespan": 76530
}