{
    "makespan": 32370,
    "avg_queue_size": 0.009259259259259259,
    "avg_reschedule_exec_time": 0.4781278089035389,
    "n_uncertainty_delay": 23,
    "conflicts": 0,
    "n_scheduler_delay": 327,
    "n_delay": 350,
    "avg_active_aircrafts": 10.616666666666667
}