{
    "avg_n_delay": 0.017433751743375175,
    "avg_n_scheduler_delay": 0.013249651324965132,
    "avg_queue_size": 0.00906555090655509,
    "avg_n_uncertainty_delay": 0.0041841004184100415,
    "conflicts": 0,
    "avg_reschedule_exec_time": 0.1535730091463618,
    "makespan": 76530
}