{
    "n_delay": 280,
    "avg_queue_size": 0.05092592592592592,
    "n_scheduler_delay": 276,
    "n_uncertainty_delay": 4,
    "makespan": 32370,
    "conflicts": 0,
    "avg_reschedule_exec_time": 0.40840482822684354,
    "avg_active_aircrafts": 11.497222222222222
}