{
    "conflicts": 0,
    "makespan": 76620,
    "avg_queue_size": 0.24070175438596492,
    "avg_reschedule_exec_time": 0.25589239597320557,
    "avg_n_delay": 0.6532258064516129,
    "avg_n_scheduler_delay": 0.6532258064516129,
    "avg_n_uncertainty_delay": 0.0
}