{
    "conflicts": 0,
    "makespan": 76680,
    "avg_queue_size": 1.128421052631579,
    "avg_reschedule_exec_time": 0.23262512430231622,
    "avg_n_delay": 0.6692913385826772,
    "avg_n_scheduler_delay": 0.6692913385826772,
    "avg_n_uncertainty_delay": 0.0
}