{
    "avg_n_delay": 0.035416666666666666,
    "avg_queue_size": 0.022222222222222223,
    "makespan": 33330,
    "avg_n_scheduler_delay": 0.029861111111111113,
    "avg_n_uncertainty_delay": 0.005555555555555556,
    "conflicts": 0,
    "avg_reschedule_exec_time": 0.08185553950304425
}