{
    "n_uncertainty_delay": 8,
    "avg_queue_size": 0.002777777777777778,
    "conflicts": 0,
    "avg_reschedule_exec_time": 0.49911453557568924,
    "n_delay": 325,
    "makespan": 32370,
    "n_scheduler_delay": 317,
    "avg_active_aircrafts": 10.673148148148147
}