{
    "makespan": 32370,
    "avg_queue_size": 0.004629629629629629,
    "avg_reschedule_exec_time": 0.5418465891549754,
    "n_uncertainty_delay": 9,
    "conflicts": 0,
    "n_scheduler_delay": 387,
    "n_delay": 396,
    "avg_active_aircrafts": 10.91851851851852
}