{
    "conflicts": 0,
    "avg_n_delay": 0.01853146853146853,
    "avg_n_scheduler_delay": 0.01048951048951049,
    "avg_reschedule_exec_time": 0.23527520978954478,
    "makespan": 76410,
    "avg_queue_size": 0.04055944055944056,
    "avg_n_uncertainty_delay": 0.008041958041958041
}