{
    "n_scheduler_delay": 328,
    "n_uncertainty_delay": 2,
    "avg_active_aircrafts": 11.614814814814816,
    "n_delay": 330,
    "avg_reschedule_exec_time": 0.48226955103319746,
    "conflicts": 0,
    "makespan": 32370,
    "avg_queue_size": 0.06296296296296296
}