{
    "avg_reschedule_exec_time": 0.4199035866315975,
    "avg_active_aircrafts": 10.661111111111111,
    "avg_queue_size": 0.004629629629629629,
    "n_uncertainty_delay": 1,
    "n_delay": 263,
    "conflicts": 0,
    "makespan": 32370,
    "n_scheduler_delay": 262
}