{
    "n_uncertainty_delay": 7,
    "avg_queue_size": 0.003703703703703704,
    "conflicts": 0,
    "avg_reschedule_exec_time": 0.47755818477896755,
    "n_delay": 329,
    "makespan": 32370,
    "n_scheduler_delay": 322,
    "avg_active_aircrafts": 10.55462962962963
}