{
    "makespan": 32370,
    "avg_queue_size": 0.001851851851851852,
    "avg_reschedule_exec_time": 0.4800023311792418,
    "n_uncertainty_delay": 10,
    "conflicts": 0,
    "n_scheduler_delay": 344,
    "n_delay": 354,
    "avg_active_aircrafts": 10.807407407407407
}