{
    "n_scheduler_delay": 327,
    "n_uncertainty_delay": 16,
    "makespan": 32370,
    "conflicts": 0,
    "avg_queue_size": 0.002777777777777778,
    "avg_reschedule_exec_time": 0.27973795269810875,
    "n_delay": 343,
    "avg_active_aircrafts": 10.896296296296295
}