{
    "avg_reschedule_exec_time": 0.5107563107512718,
    "avg_queue_size": 0.001851851851851852,
    "conflicts": 0,
    "n_scheduler_delay": 324,
    "avg_active_aircrafts": 10.761111111111111,
    "n_delay": 347,
    "makespan": 32370,
    "n_uncertainty_delay": 23
}