{
    "makespan": 32370,
    "avg_queue_size": 0.001851851851851852,
    "avg_reschedule_exec_time": 0.5548993642940078,
    "n_uncertainty_delay": 16,
    "conflicts": 0,
    "n_scheduler_delay": 367,
    "n_delay": 383,
    "avg_active_aircrafts": 11.185185185185185
}