{
    "n_delay": 303,
    "avg_queue_size": 0.09166666666666666,
    "n_scheduler_delay": 299,
    "n_uncertainty_delay": 4,
    "makespan": 32370,
    "conflicts": 0,
    "avg_reschedule_exec_time": 0.4430398064990376,
    "avg_active_aircrafts": 12.018518518518519
}