{
    "avg_n_delay": 0.018207282913165264,
    "avg_n_scheduler_delay": 0.01330532212885154,
    "avg_queue_size": 0.029411764705882353,
    "avg_n_uncertainty_delay": 0.004901960784313725,
    "conflicts": 0,
    "avg_reschedule_exec_time": 0.23955735715769105,
    "makespan": 76650
}