{
    "conflicts": 0,
    "makespan": 33510,
    "avg_n_delay": 0.03819444444444444,
    "avg_n_scheduler_delay": 0.034027777777777775,
    "avg_n_uncertainty_delay": 0.004166666666666667,
    "avg_queue_size": 0.0,
    "avg_reschedule_exec_time": 0.05445869985065088
}