{
    "makespan": 32370,
    "avg_queue_size": 0.001851851851851852,
    "avg_reschedule_exec_time": 0.49829584498738133,
    "n_uncertainty_delay": 13,
    "conflicts": 0,
    "n_scheduler_delay": 336,
    "n_delay": 349,
    "avg_active_aircrafts": 10.842592592592593
}