{
    "conflicts": 0,
    "makespan": 33270,
    "avg_n_delay": 0.03888888888888889,
    "avg_n_scheduler_delay": 0.03680555555555556,
    "avg_n_uncertainty_delay": 0.0020833333333333333,
    "avg_queue_size": 0.0,
    "avg_reschedule_exec_time": 0.05351505638165062
}