{
    "avg_n_delay": 0.021617852161785217,
    "avg_n_scheduler_delay": 0.017433751743375175,
    "avg_queue_size": 0.014644351464435146,
    "avg_n_uncertainty_delay": 0.0041841004184100415,
    "conflicts": 0,
    "avg_reschedule_exec_time": 0.1611549253223323,
    "makespan": 76440
}