{
    "avg_reschedule_exec_time": 0.49046506327252054,
    "avg_active_aircrafts": 10.631481481481481,
    "avg_queue_size": 0.003703703703703704,
    "n_uncertainty_delay": 2,
    "n_delay": 336,
    "conflicts": 0,
    "makespan": 32370,
    "n_scheduler_delay": 334
}