{
    "n_uncertainty_delay": 2,
    "avg_queue_size": 0.001851851851851852,
    "conflicts": 0,
    "avg_reschedule_exec_time": 0.5315048483915107,
    "n_delay": 355,
    "makespan": 32370,
    "n_scheduler_delay": 353,
    "avg_active_aircrafts": 11.082407407407407
}