{
    "conflicts": 0,
    "makespan": 33300,
    "avg_n_delay": 0.04791666666666666,
    "avg_n_scheduler_delay": 0.03194444444444444,
    "avg_n_uncertainty_delay": 0.01597222222222222,
    "avg_queue_size": 0.0,
    "avg_reschedule_exec_time": 0.0962074075236626
}