{
    "makespan": 32370,
    "avg_queue_size": 0.007407407407407408,
    "avg_reschedule_exec_time": 0.4584678195243658,
    "n_uncertainty_delay": 12,
    "conflicts": 0,
    "n_scheduler_delay": 281,
    "n_delay": 293,
    "avg_active_aircrafts": 10.858333333333333
}