{
    "avg_n_uncertainty_delay": 0.0006954102920723226,
    "avg_n_delay": 0.010778859527121001,
    "avg_n_scheduler_delay": 0.010083449235048678,
    "conflicts": 0,
    "avg_queue_size": 0.0,
    "avg_reschedule_exec_time": 0.10514887860226432,
    "makespan": 76140
}