{
    "avg_n_scheduler_delay": 0.008344923504867872,
    "avg_queue_size": 0.0,
    "avg_n_delay": 0.008344923504867872,
    "avg_reschedule_exec_time": 0.6049498073901971,
    "conflicts": 0,
    "avg_n_uncertainty_delay": 0.0,
    "makespan": 76410
}