{
    "n_delay": 340,
    "avg_queue_size": 0.058333333333333334,
    "n_scheduler_delay": 337,
    "n_uncertainty_delay": 3,
    "makespan": 32370,
    "conflicts": 0,
    "avg_reschedule_exec_time": 0.4842840549557708,
    "avg_active_aircrafts": 11.82037037037037
}