{
    "conflicts": 0,
    "n_scheduler_delay": 404,
    "avg_reschedule_exec_time": 0.6409279940514591,
    "avg_active_aircrafts": 11.005555555555556,
    "makespan": 32370,
    "n_uncertainty_delay": 8,
    "n_delay": 412,
    "avg_queue_size": 0.002777777777777778
}