{
    "makespan": 32370,
    "avg_queue_size": 0.001851851851851852,
    "avg_reschedule_exec_time": 0.424328828412433,
    "n_uncertainty_delay": 22,
    "conflicts": 0,
    "n_scheduler_delay": 279,
    "n_delay": 301,
    "avg_active_aircrafts": 10.635185185185184
}