{
    "n_delay": 390,
    "n_scheduler_delay": 378,
    "avg_active_aircrafts": 10.767592592592592,
    "n_uncertainty_delay": 12,
    "makespan": 32370,
    "avg_reschedule_exec_time": 0.5029228055199911,
    "avg_queue_size": 0.002777777777777778,
    "conflicts": 0
}