{
    "avg_reschedule_exec_time": 0.5604851778163467,
    "avg_queue_size": 0.006481481481481481,
    "conflicts": 0,
    "n_scheduler_delay": 358,
    "avg_active_aircrafts": 11.152777777777779,
    "n_delay": 383,
    "makespan": 32370,
    "n_uncertainty_delay": 25
}