{
    "conflicts": 0,
    "n_scheduler_delay": 304,
    "avg_reschedule_exec_time": 1.4922613302866619,
    "avg_active_aircrafts": 10.5,
    "makespan": 32130,
    "n_uncertainty_delay": 8,
    "n_delay": 312,
    "avg_queue_size": 0.0046641791044776115
}