{
    "makespan": 32370,
    "avg_queue_size": 0.004629629629629629,
    "avg_reschedule_exec_time": 0.5039738355680954,
    "n_uncertainty_delay": 11,
    "conflicts": 0,
    "n_scheduler_delay": 367,
    "n_delay": 378,
    "avg_active_aircrafts": 10.69537037037037
}