{
    "conflicts": 0,
    "n_scheduler_delay": 313,
    "avg_reschedule_exec_time": 1.8222029734466036,
    "avg_active_aircrafts": 10.655555555555555,
    "makespan": 32370,
    "n_uncertainty_delay": 5,
    "n_delay": 318,
    "avg_queue_size": 0.001851851851851852
}