{
    "n_scheduler_delay": 399,
    "n_uncertainty_delay": 4,
    "avg_active_aircrafts": 12.080555555555556,
    "n_delay": 403,
    "avg_reschedule_exec_time": 0.5493550289508908,
    "conflicts": 0,
    "makespan": 32370,
    "avg_queue_size": 0.0824074074074074
}