{
    "conflicts": 0,
    "n_scheduler_delay": 361,
    "avg_reschedule_exec_time": 0.41186430906274507,
    "avg_active_aircrafts": 11.00462962962963,
    "makespan": 32370,
    "n_uncertainty_delay": 8,
    "n_delay": 369,
    "avg_queue_size": 0.002777777777777778
}