{
    "avg_n_delay": 0.02377622377622378,
    "avg_n_scheduler_delay": 0.02132867132867133,
    "avg_queue_size": 0.09230769230769231,
    "avg_n_uncertainty_delay": 0.0024475524475524478,
    "conflicts": 0,
    "avg_reschedule_exec_time": 0.1582249107710812,
    "makespan": 77610
}