{
    "conflicts": 0,
    "n_scheduler_delay": 354,
    "avg_reschedule_exec_time": 0.5824373474334206,
    "avg_active_aircrafts": 11.003703703703703,
    "makespan": 32370,
    "n_uncertainty_delay": 11,
    "n_delay": 365,
    "avg_queue_size": 0.002777777777777778
}