{
    "conflicts": 123,
    "makespan": 76710,
    "delay_added": 5100,
    "avg_queue_size": 0.38783625730994103,
    "avg_reschedule_exec_time": 0.23311749164094317
}