{
    "avg_n_uncertainty_delay": 0.0003475842891901286,
    "makespan": 76440,
    "avg_n_delay": 0.005908932916232186,
    "avg_reschedule_exec_time": 0.35986184949416955,
    "conflicts": 0,
    "avg_queue_size": 0.0,
    "avg_n_scheduler_delay": 0.005561348627042058
}