{
    "makespan": 32370,
    "avg_queue_size": 0.004629629629629629,
    "avg_reschedule_exec_time": 0.4947436820629031,
    "n_uncertainty_delay": 0,
    "conflicts": 0,
    "n_scheduler_delay": 318,
    "n_delay": 318,
    "avg_active_aircrafts": 10.822222222222223
}