{
    "makespan": 32370,
    "avg_queue_size": 0.000925925925925926,
    "avg_reschedule_exec_time": 0.5870096373003583,
    "n_uncertainty_delay": 21,
    "conflicts": 0,
    "n_scheduler_delay": 440,
    "n_delay": 461,
    "avg_active_aircrafts": 11.305555555555555
}