{
    "conflicts": 0,
    "n_scheduler_delay": 345,
    "avg_reschedule_exec_time": 0.2884445385057099,
    "avg_active_aircrafts": 11.203703703703704,
    "makespan": 32370,
    "n_uncertainty_delay": 13,
    "n_delay": 358,
    "avg_queue_size": 0.003703703703703704
}