{
    "makespan": 76680,
    "avg_queue_size": 0.0,
    "conflicts": 0,
    "avg_reschedule_exec_time": 0.5802355660387821,
    "avg_n_delay": 0.007641542202153525,
    "avg_n_uncertainty_delay": 0.0,
    "avg_n_scheduler_delay": 0.007641542202153525
}