{
    "makespan": 76770,
    "avg_queue_size": 0.0,
    "conflicts": 0,
    "avg_reschedule_exec_time": 0.5927951460342566,
    "avg_n_delay": 0.012165450121654502,
    "avg_n_uncertainty_delay": 0.0010427528675703858,
    "avg_n_scheduler_delay": 0.011122697254084116
}