{
    "conflicts": 0,
    "n_scheduler_delay": 302,
    "avg_reschedule_exec_time": 0.2517388906461188,
    "avg_active_aircrafts": 10.815740740740742,
    "makespan": 32370,
    "n_uncertainty_delay": 8,
    "n_delay": 310,
    "avg_queue_size": 0.002777777777777778
}