{
    "n_uncertainty_delay": 0,
    "makespan": 32370,
    "n_delay": 380,
    "avg_queue_size": 0.005555555555555556,
    "avg_active_aircrafts": 10.825,
    "n_scheduler_delay": 380,
    "conflicts": 0,
    "avg_reschedule_exec_time": 0.5535928792731707
}