{
    "conflicts": 25,
    "makespan": 77430,
    "avg_queue_size": 0.0992982456140351,
    "avg_reschedule_exec_time": 0.8178011178970337,
    "avg_n_delay": 0.042801556420233464,
    "avg_n_scheduler_delay": 0.038910505836575876,
    "avg_n_uncertainty_delay": 0.0038910505836575876
}