{
    "n_delay": 312,
    "n_scheduler_delay": 312,
    "avg_active_aircrafts": 10.797222222222222,
    "n_uncertainty_delay": 0,
    "makespan": 32370,
    "avg_reschedule_exec_time": 0.4592875602633454,
    "avg_queue_size": 0.001851851851851852,
    "conflicts": 0
}