{
    "n_scheduler_delay": 308,
    "makespan": 32370,
    "avg_reschedule_exec_time": 0.4667225682458212,
    "n_delay": 342,
    "n_uncertainty_delay": 34,
    "avg_queue_size": 0.008333333333333333,
    "conflicts": 0,
    "avg_active_aircrafts": 11.2
}