{
    "n_delay": 333,
    "avg_queue_size": 0.06296296296296296,
    "n_scheduler_delay": 328,
    "n_uncertainty_delay": 5,
    "makespan": 32370,
    "conflicts": 0,
    "avg_reschedule_exec_time": 0.47108361111130825,
    "avg_active_aircrafts": 11.908333333333333
}