{
    "conflicts": 0,
    "makespan": 33570,
    "avg_n_delay": 0.04236111111111111,
    "avg_n_scheduler_delay": 0.022222222222222223,
    "avg_n_uncertainty_delay": 0.02013888888888889,
    "avg_queue_size": 0.0,
    "avg_reschedule_exec_time": 0.09138088704483754
}