{
    "avg_reschedule_exec_time": 0.1030038890732364,
    "avg_n_delay": 0.01043115438108484,
    "avg_queue_size": 0.0,
    "conflicts": 0,
    "makespan": 76770,
    "avg_n_scheduler_delay": 0.0076495132127955496,
    "avg_n_uncertainty_delay": 0.0027816411682892906
}