{
    "makespan": 32370,
    "avg_queue_size": 0.004629629629629629,
    "avg_reschedule_exec_time": 0.5588673014973485,
    "n_uncertainty_delay": 0,
    "conflicts": 0,
    "n_scheduler_delay": 376,
    "n_delay": 376,
    "avg_active_aircrafts": 10.896296296296295
}