{
    "n_scheduler_delay": 304,
    "n_uncertainty_delay": 0,
    "avg_active_aircrafts": 11.768518518518519,
    "n_delay": 304,
    "avg_reschedule_exec_time": 0.47856435332187386,
    "conflicts": 0,
    "makespan": 32370,
    "avg_queue_size": 0.07592592592592592
}