{
    "n_scheduler_delay": 352,
    "n_uncertainty_delay": 0,
    "makespan": 32370,
    "conflicts": 0,
    "avg_queue_size": 0.000925925925925926,
    "avg_reschedule_exec_time": 0.4752090232316838,
    "n_delay": 352,
    "avg_active_aircrafts": 10.806481481481482
}