{
    "conflicts": 0,
    "n_scheduler_delay": 385,
    "avg_reschedule_exec_time": 0.29239783216274734,
    "avg_active_aircrafts": 10.730555555555556,
    "makespan": 32370,
    "n_uncertainty_delay": 11,
    "n_delay": 396,
    "avg_queue_size": 0.005555555555555556
}