{
    "n_delay": 381,
    "avg_queue_size": 0.0962962962962963,
    "n_scheduler_delay": 380,
    "n_uncertainty_delay": 1,
    "makespan": 32370,
    "conflicts": 0,
    "avg_reschedule_exec_time": 0.5501035579415254,
    "avg_active_aircrafts": 12.199074074074074
}