{
    "avg_n_delay": 0.02202797202797203,
    "avg_n_scheduler_delay": 0.019580419580419582,
    "avg_queue_size": 0.0986013986013986,
    "avg_n_uncertainty_delay": 0.0024475524475524478,
    "conflicts": 0,
    "avg_reschedule_exec_time": 0.27638160198106676,
    "makespan": 76560
}