{
    "avg_n_delay": 0.010125698324022346,
    "avg_n_scheduler_delay": 0.00803072625698324,
    "avg_queue_size": 0.029329608938547486,
    "avg_n_uncertainty_delay": 0.002094972067039106,
    "conflicts": 0,
    "avg_reschedule_exec_time": 0.2090563599982958,
    "makespan": 76530
}