{
    "avg_n_delay": 0.012203626220362621,
    "avg_n_scheduler_delay": 0.009762900976290097,
    "avg_queue_size": 0.006276150627615063,
    "avg_n_uncertainty_delay": 0.0024407252440725243,
    "conflicts": 0,
    "avg_reschedule_exec_time": 0.14052463980282054,
    "makespan": 76440
}