{
    "n_delay": 337,
    "n_scheduler_delay": 327,
    "avg_active_aircrafts": 10.828703703703704,
    "n_uncertainty_delay": 10,
    "makespan": 32370,
    "avg_reschedule_exec_time": 0.47205668604651163,
    "avg_queue_size": 0.000925925925925926,
    "conflicts": 0
}