{
    "avg_active_aircrafts": 10.89537037037037,
    "avg_queue_size": 0.001851851851851852,
    "n_scheduler_delay": 300,
    "n_delay": 305,
    "conflicts": 0,
    "makespan": 32370,
    "n_uncertainty_delay": 5,
    "avg_reschedule_exec_time": 0.23994161361871763
}