{
    "n_delay": 346,
    "conflicts": 0,
    "n_scheduler_delay": 338,
    "avg_reschedule_exec_time": 0.2956699770550395,
    "avg_active_aircrafts": 11.771296296296295,
    "avg_queue_size": 0.08703703703703704,
    "n_uncertainty_delay": 8,
    "makespan": 32370
}