{
    "n_uncertainty_delay": 0,
    "makespan": 32370,
    "n_delay": 311,
    "avg_queue_size": 0.007407407407407408,
    "avg_active_aircrafts": 11.075,
    "n_scheduler_delay": 311,
    "conflicts": 0,
    "avg_reschedule_exec_time": 0.4882053918616716
}