{
    "avg_queue_size": 0.003703703703703704,
    "n_uncertainty_delay": 11,
    "makespan": 32370,
    "n_scheduler_delay": 346,
    "avg_reschedule_exec_time": 0.2677303236584331,
    "conflicts": 0,
    "n_delay": 357,
    "avg_active_aircrafts": 10.925925925925926
}