{
    "conflicts": 0,
    "avg_n_delay": 0.015384615384615384,
    "avg_n_scheduler_delay": 0.010839160839160839,
    "avg_reschedule_exec_time": 0.23381398933034547,
    "makespan": 76380,
    "avg_queue_size": 0.044405594405594405,
    "avg_n_uncertainty_delay": 0.004545454545454545
}