{
    "makespan": 32370,
    "avg_queue_size": 0.003703703703703704,
    "avg_reschedule_exec_time": 0.5322549154592114,
    "n_uncertainty_delay": 0,
    "conflicts": 0,
    "n_scheduler_delay": 358,
    "n_delay": 358,
    "avg_active_aircrafts": 11.166666666666666
}