{
    "makespan": 76320,
    "avg_reschedule_exec_time": 0.09781892605444438,
    "avg_queue_size": 0.0,
    "avg_n_uncertainty_delay": 0.0013893713094824591,
    "avg_n_scheduler_delay": 0.008336227856894755,
    "avg_n_delay": 0.009725599166377214,
    "conflicts": 0
}