{
    "conflicts": 0,
    "avg_n_delay": 0.010139860139860141,
    "avg_n_scheduler_delay": 0.008741258741258742,
    "avg_reschedule_exec_time": 0.22259967595758573,
    "makespan": 76770,
    "avg_queue_size": 0.04825174825174825,
    "avg_n_uncertainty_delay": 0.0013986013986013986
}