{
    "n_uncertainty_delay": 4,
    "avg_queue_size": 0.001851851851851852,
    "conflicts": 0,
    "avg_reschedule_exec_time": 0.492573226884354,
    "n_delay": 339,
    "makespan": 32370,
    "n_scheduler_delay": 335,
    "avg_active_aircrafts": 10.689814814814815
}