{
    "n_delay": 246,
    "avg_queue_size": 0.06111111111111111,
    "n_scheduler_delay": 242,
    "n_uncertainty_delay": 4,
    "makespan": 32370,
    "conflicts": 0,
    "avg_reschedule_exec_time": 0.3853566746379054,
    "avg_active_aircrafts": 11.48611111111111
}