{
    "makespan": 32370,
    "avg_queue_size": 0.001851851851851852,
    "avg_reschedule_exec_time": 0.5249095218126164,
    "n_uncertainty_delay": 2,
    "conflicts": 0,
    "n_scheduler_delay": 382,
    "n_delay": 384,
    "avg_active_aircrafts": 11.057407407407407
}