{
    "conflicts": 79,
    "makespan": 77700,
    "avg_queue_size": 0.1519298245614035,
    "avg_reschedule_exec_time": 0.9924284143650786,
    "avg_n_delay": 0.12048192771084337,
    "avg_n_scheduler_delay": 0.05220883534136546,
    "avg_n_uncertainty_delay": 0.06827309236947791
}