{
    "conflicts": 19,
    "makespan": 76680,
    "avg_queue_size": 0.09333333333333334,
    "avg_reschedule_exec_time": 0.8040645274710148,
    "avg_n_delay": 0.02834008097165992,
    "avg_n_scheduler_delay": 0.02834008097165992,
    "avg_n_uncertainty_delay": 0.0
}