{
    "avg_reschedule_exec_time": 0.32480097704155503,
    "avg_active_aircrafts": 11.40462962962963,
    "avg_queue_size": 0.006481481481481481,
    "n_uncertainty_delay": 5,
    "n_delay": 434,
    "conflicts": 0,
    "makespan": 32370,
    "n_scheduler_delay": 429
}