{
    "n_uncertainty_delay": 8,
    "avg_queue_size": 0.004629629629629629,
    "conflicts": 0,
    "avg_reschedule_exec_time": 0.5283567561659702,
    "n_delay": 357,
    "makespan": 32370,
    "n_scheduler_delay": 349,
    "avg_active_aircrafts": 11.276851851851852
}