{
    "conflicts": 0,
    "makespan": 33240,
    "avg_n_delay": 0.04652777777777778,
    "avg_n_scheduler_delay": 0.03194444444444444,
    "avg_n_uncertainty_delay": 0.014583333333333334,
    "avg_queue_size": 0.001388888888888889,
    "avg_reschedule_exec_time": 0.09687129036629764
}