{
    "n_delay": 301,
    "n_scheduler_delay": 294,
    "avg_active_aircrafts": 10.637962962962963,
    "n_uncertainty_delay": 7,
    "makespan": 32370,
    "avg_reschedule_exec_time": 0.41752624179041664,
    "avg_queue_size": 0.000925925925925926,
    "conflicts": 0
}