{
    "n_scheduler_delay": 389,
    "makespan": 32370,
    "avg_reschedule_exec_time": 0.529780947884848,
    "n_delay": 409,
    "n_uncertainty_delay": 20,
    "avg_queue_size": 0.002777777777777778,
    "conflicts": 0,
    "avg_active_aircrafts": 11.097222222222221
}