{
    "makespan": 32370,
    "avg_queue_size": 0.005555555555555556,
    "avg_reschedule_exec_time": 0.5342903558598008,
    "n_uncertainty_delay": 4,
    "conflicts": 0,
    "n_scheduler_delay": 353,
    "n_delay": 357,
    "avg_active_aircrafts": 10.944444444444445
}