{
    "avg_reschedule_exec_time": 0.48676551330921264,
    "avg_queue_size": 0.011111111111111112,
    "conflicts": 0,
    "n_scheduler_delay": 325,
    "avg_active_aircrafts": 10.647222222222222,
    "n_delay": 357,
    "makespan": 32370,
    "n_uncertainty_delay": 32
}