{
    "makespan": 32370,
    "avg_queue_size": 0.005555555555555556,
    "avg_reschedule_exec_time": 0.5853952884674072,
    "n_uncertainty_delay": 0,
    "conflicts": 0,
    "n_scheduler_delay": 416,
    "n_delay": 416,
    "avg_active_aircrafts": 10.96111111111111
}