{
    "avg_reschedule_exec_time": 0.1040899521129045,
    "avg_n_delay": 0.011126564673157162,
    "avg_queue_size": 0.0,
    "conflicts": 0,
    "makespan": 76470,
    "avg_n_scheduler_delay": 0.011126564673157162,
    "avg_n_uncertainty_delay": 0.0
}