{
    "conflicts": 0,
    "n_scheduler_delay": 289,
    "avg_reschedule_exec_time": 0.8159642197261346,
    "avg_active_aircrafts": 10.874074074074073,
    "makespan": 32370,
    "n_uncertainty_delay": 14,
    "n_delay": 303,
    "avg_queue_size": 0.003703703703703704
}