{
    "n_delay": 299,
    "n_scheduler_delay": 289,
    "avg_active_aircrafts": 10.790740740740741,
    "n_uncertainty_delay": 10,
    "makespan": 32370,
    "avg_reschedule_exec_time": 0.4242667974427689,
    "avg_queue_size": 0.006481481481481481,
    "conflicts": 0
}