{
    "avg_n_delay": 0.014613778705636744,
    "avg_n_scheduler_delay": 0.009046624913013222,
    "avg_queue_size": 0.0,
    "avg_n_uncertainty_delay": 0.0055671537926235215,
    "conflicts": 0,
    "avg_reschedule_exec_time": 0.11358649810487755,
    "makespan": 76470
}