{
    "conflicts": 0,
    "n_scheduler_delay": 266,
    "avg_reschedule_exec_time": 0.35534922606882996,
    "avg_active_aircrafts": 10.448148148148148,
    "makespan": 32370,
    "n_uncertainty_delay": 4,
    "n_delay": 270,
    "avg_queue_size": 0.005555555555555556
}