{
    "makespan": 32370,
    "avg_queue_size": 0.006481481481481481,
    "avg_reschedule_exec_time": 0.48216113711512365,
    "n_uncertainty_delay": 9,
    "conflicts": 0,
    "n_scheduler_delay": 335,
    "n_delay": 344,
    "avg_active_aircrafts": 10.785185185185185
}