{
    "conflicts": 0,
    "n_scheduler_delay": 352,
    "avg_reschedule_exec_time": 0.5636555455916421,
    "avg_active_aircrafts": 10.969444444444445,
    "makespan": 32370,
    "n_uncertainty_delay": 7,
    "n_delay": 359,
    "avg_queue_size": 0.003703703703703704
}