{
    "conflicts": 0,
    "n_scheduler_delay": 317,
    "avg_reschedule_exec_time": 0.6666685075902227,
    "avg_active_aircrafts": 10.852777777777778,
    "makespan": 32370,
    "n_uncertainty_delay": 7,
    "n_delay": 324,
    "avg_queue_size": 0.003703703703703704
}