{
    "conflicts": 0,
    "n_scheduler_delay": 329,
    "avg_reschedule_exec_time": 1.9102038933058916,
    "avg_active_aircrafts": 10.52037037037037,
    "makespan": 32370,
    "n_uncertainty_delay": 9,
    "n_delay": 338,
    "avg_queue_size": 0.001851851851851852
}