{
    "avg_n_delay": 0.019230769230769232,
    "avg_n_scheduler_delay": 0.013636363636363636,
    "avg_queue_size": 0.03461538461538462,
    "avg_n_uncertainty_delay": 0.005594405594405594,
    "conflicts": 0,
    "avg_reschedule_exec_time": 0.27044189623159953,
    "makespan": 77070
}