{
    "conflicts": 0,
    "n_scheduler_delay": 438,
    "avg_reschedule_exec_time": 0.8767950783914594,
    "avg_active_aircrafts": 11.21111111111111,
    "makespan": 32370,
    "n_uncertainty_delay": 5,
    "n_delay": 443,
    "avg_queue_size": 0.003703703703703704
}