{
    "conflicts": 0,
    "n_scheduler_delay": 350,
    "avg_reschedule_exec_time": 0.3759114591605601,
    "avg_active_aircrafts": 10.825925925925926,
    "makespan": 32370,
    "n_uncertainty_delay": 2,
    "n_delay": 352,
    "avg_queue_size": 0.003703703703703704
}