{
    "conflicts": 0,
    "avg_n_delay": 0.012587412587412587,
    "avg_n_scheduler_delay": 0.011888111888111888,
    "avg_reschedule_exec_time": 0.24462534172434203,
    "makespan": 76680,
    "avg_queue_size": 0.045454545454545456,
    "avg_n_uncertainty_delay": 0.0006993006993006993
}