{
    "conflicts": 0,
    "n_scheduler_delay": 316,
    "avg_reschedule_exec_time": 0.6984452080370774,
    "avg_active_aircrafts": 10.577777777777778,
    "makespan": 32370,
    "n_uncertainty_delay": 8,
    "n_delay": 324,
    "avg_queue_size": 0.008333333333333333
}