{
    "conflicts": 0,
    "n_scheduler_delay": 312,
    "avg_reschedule_exec_time": 0.4091119402846439,
    "avg_active_aircrafts": 10.897222222222222,
    "makespan": 32370,
    "n_uncertainty_delay": 9,
    "n_delay": 321,
    "avg_queue_size": 0.008333333333333333
}