{
    "n_delay": 303,
    "avg_queue_size": 0.0962962962962963,
    "n_scheduler_delay": 303,
    "n_uncertainty_delay": 0,
    "makespan": 32370,
    "conflicts": 0,
    "avg_reschedule_exec_time": 0.46159146552862124,
    "avg_active_aircrafts": 11.54351851851852
}