{
    "avg_n_delay": 0.019163763066202093,
    "avg_n_scheduler_delay": 0.014634146341463415,
    "avg_queue_size": 0.007317073170731708,
    "avg_n_uncertainty_delay": 0.004529616724738676,
    "conflicts": 0,
    "avg_reschedule_exec_time": 0.1522400604261385,
    "makespan": 76470
}