{
    "n_scheduler_delay": 377,
    "n_uncertainty_delay": 6,
    "makespan": 32370,
    "conflicts": 0,
    "avg_queue_size": 0.003703703703703704,
    "avg_reschedule_exec_time": 0.3045773739038512,
    "n_delay": 383,
    "avg_active_aircrafts": 11.025925925925925
}