{
    "n_delay": 318,
    "conflicts": 0,
    "n_scheduler_delay": 310,
    "avg_reschedule_exec_time": 0.2712911084640858,
    "avg_active_aircrafts": 11.837962962962964,
    "avg_queue_size": 0.07407407407407407,
    "n_uncertainty_delay": 8,
    "makespan": 32370
}