{
    "avg_active_aircrafts": 10.60925925925926,
    "avg_queue_size": 0.002777777777777778,
    "n_scheduler_delay": 314,
    "n_delay": 322,
    "conflicts": 0,
    "makespan": 32370,
    "n_uncertainty_delay": 8,
    "avg_reschedule_exec_time": 0.24287932196328807
}