{
    "avg_reschedule_exec_time": 0.47930379911910653,
    "avg_queue_size": 0.000925925925925926,
    "conflicts": 0,
    "n_scheduler_delay": 317,
    "avg_active_aircrafts": 10.641666666666667,
    "n_delay": 320,
    "makespan": 32370,
    "n_uncertainty_delay": 3
}