{
    "makespan": 32370,
    "avg_queue_size": 0.000925925925925926,
    "avg_reschedule_exec_time": 0.5228271118430204,
    "n_uncertainty_delay": 9,
    "conflicts": 0,
    "n_scheduler_delay": 357,
    "n_delay": 366,
    "avg_active_aircrafts": 11.057407407407407
}