{
    "conflicts": 0,
    "makespan": 33330,
    "avg_n_delay": 0.04236111111111111,
    "avg_n_scheduler_delay": 0.029166666666666667,
    "avg_n_uncertainty_delay": 0.013194444444444444,
    "avg_queue_size": 0.003472222222222222,
    "avg_reschedule_exec_time": 0.09648333220096683
}