{
    "n_scheduler_delay": 319,
    "makespan": 32370,
    "avg_reschedule_exec_time": 0.4598364009413608,
    "n_delay": 325,
    "n_uncertainty_delay": 6,
    "avg_queue_size": 0.004629629629629629,
    "conflicts": 0,
    "avg_active_aircrafts": 10.683333333333334
}