{
    "conflicts": 0,
    "makespan": 33210,
    "avg_n_delay": 0.04375,
    "avg_n_scheduler_delay": 0.024305555555555556,
    "avg_n_uncertainty_delay": 0.019444444444444445,
    "avg_queue_size": 0.001388888888888889,
    "avg_reschedule_exec_time": 0.09137503151109956
}