{
    "conflicts": 0,
    "makespan": 33450,
    "avg_n_delay": 0.027083333333333334,
    "avg_n_scheduler_delay": 0.025,
    "avg_n_uncertainty_delay": 0.0020833333333333333,
    "avg_queue_size": 0.001388888888888889,
    "avg_reschedule_exec_time": 0.05220671218085754
}