{
    "avg_reschedule_exec_time": 0.5295529398807259,
    "avg_queue_size": 0.004629629629629629,
    "conflicts": 0,
    "n_scheduler_delay": 363,
    "avg_active_aircrafts": 10.953703703703704,
    "n_delay": 387,
    "makespan": 32370,
    "n_uncertainty_delay": 24
}