{
    "n_scheduler_delay": 346,
    "n_uncertainty_delay": 8,
    "makespan": 32370,
    "conflicts": 0,
    "avg_queue_size": 0.003703703703703704,
    "avg_reschedule_exec_time": 0.28308858095213424,
    "n_delay": 354,
    "avg_active_aircrafts": 10.9
}