{
    "makespan": 32370,
    "avg_queue_size": 0.010185185185185186,
    "avg_reschedule_exec_time": 0.5010865488717723,
    "n_uncertainty_delay": 6,
    "conflicts": 0,
    "n_scheduler_delay": 329,
    "n_delay": 335,
    "avg_active_aircrafts": 10.539814814814815
}