{
    "avg_reschedule_exec_time": 0.06831945869307952,
    "avg_queue_size": 0.0,
    "avg_n_scheduler_delay": 0.024305555555555556,
    "avg_n_uncertainty_delay": 0.005555555555555556,
    "conflicts": 0,
    "avg_n_delay": 0.029861111111111113,
    "makespan": 33090
}