{
    "n_scheduler_delay": 375,
    "makespan": 32370,
    "avg_reschedule_exec_time": 0.5220281079758046,
    "n_delay": 383,
    "n_uncertainty_delay": 8,
    "avg_queue_size": 0.009259259259259259,
    "conflicts": 0,
    "avg_active_aircrafts": 10.977777777777778
}