{
    "avg_queue_size": 0.002777777777777778,
    "n_uncertainty_delay": 12,
    "makespan": 32370,
    "n_scheduler_delay": 364,
    "avg_reschedule_exec_time": 0.154836621487959,
    "conflicts": 0,
    "n_delay": 376,
    "avg_active_aircrafts": 10.99074074074074
}