{
    "conflicts": 0,
    "n_scheduler_delay": 294,
    "avg_reschedule_exec_time": 0.35837049998315296,
    "avg_active_aircrafts": 10.85925925925926,
    "makespan": 32370,
    "n_uncertainty_delay": 5,
    "n_delay": 299,
    "avg_queue_size": 0.003703703703703704
}