{
    "avg_n_delay": 0.013908205841446454,
    "avg_n_scheduler_delay": 0.009388038942976356,
    "avg_queue_size": 0.0,
    "avg_n_uncertainty_delay": 0.004520166898470098,
    "conflicts": 0,
    "avg_reschedule_exec_time": 0.09988398704688196,
    "makespan": 76200
}