{
    "conflicts": 0,
    "makespan": 33270,
    "avg_n_delay": 0.03194444444444445,
    "avg_n_scheduler_delay": 0.029861111111111113,
    "avg_n_uncertainty_delay": 0.0020833333333333333,
    "avg_queue_size": 0.005555555555555556,
    "avg_reschedule_exec_time": 0.052928011397465356
}