{
    "conflicts": 285,
    "makespan": 77670,
    "avg_queue_size": 0.09964912280701754,
    "avg_reschedule_exec_time": 1.038176381841619,
    "avg_n_delay": 0.44881889763779526,
    "avg_n_scheduler_delay": 0.15354330708661418,
    "avg_n_uncertainty_delay": 0.2952755905511811
}