{
    "makespan": 32370,
    "avg_queue_size": 0.006481481481481481,
    "avg_reschedule_exec_time": 0.49196120971857116,
    "n_uncertainty_delay": 21,
    "conflicts": 0,
    "n_scheduler_delay": 314,
    "n_delay": 335,
    "avg_active_aircrafts": 10.577777777777778
}