{
    "conflicts": 1432,
    "makespan": 77190,
    "delay_added": 8430,
    "avg_queue_size": 0.740546218487395,
    "avg_reschedule_exec_time": 3.9094543409347535,
    "avg_n_delay": 9.23166023166023,
    "avg_n_scheduler_delay": 1.0694980694980696,
    "avg_n_uncertainty_delay": 8.162162162162161
}