{
    "total_conflicts": 15662,
    "makespan": 85740,
    "delay_added": 13320,
    "avg_queue_size": 0.05931144755908761,
    "avg_reschedule_exec_time": 55.397286581543256
}