{
    "avg_n_delay": 0.04375,
    "avg_queue_size": 0.04513888888888889,
    "makespan": 33330,
    "avg_n_scheduler_delay": 0.03958333333333333,
    "avg_n_uncertainty_delay": 0.004166666666666667,
    "conflicts": 0,
    "avg_reschedule_exec_time": 0.10584117184166147
}