{
    "avg_n_delay": 0.013937282229965157,
    "avg_n_scheduler_delay": 0.008013937282229966,
    "avg_queue_size": 0.022996515679442508,
    "avg_n_uncertainty_delay": 0.005923344947735192,
    "conflicts": 0,
    "avg_reschedule_exec_time": 0.18080845183017208,
    "makespan": 76680
}