{
    "avg_n_delay": 0.024912280701754386,
    "avg_n_scheduler_delay": 0.021052631578947368,
    "avg_queue_size": 0.062456140350877196,
    "avg_n_uncertainty_delay": 0.0038596491228070177,
    "conflicts": 0,
    "avg_reschedule_exec_time": 0.3886947834745367,
    "makespan": 77340
}