{
    "n_scheduler_delay": 402,
    "makespan": 32370,
    "avg_reschedule_exec_time": 0.5464819176252498,
    "n_delay": 408,
    "n_uncertainty_delay": 6,
    "avg_queue_size": 0.005555555555555556,
    "conflicts": 0,
    "avg_active_aircrafts": 11.101851851851851
}