{
    "conflicts": 0,
    "makespan": 33330,
    "avg_n_delay": 0.03888888888888889,
    "avg_n_scheduler_delay": 0.019444444444444445,
    "avg_n_uncertainty_delay": 0.019444444444444445,
    "avg_queue_size": 0.0020833333333333333,
    "avg_reschedule_exec_time": 0.09283709990945035
}