{
    "avg_reschedule_exec_time": 0.101091985250914,
    "avg_n_delay": 0.01564673157162726,
    "avg_queue_size": 0.0,
    "conflicts": 0,
    "makespan": 76290,
    "avg_n_scheduler_delay": 0.0076495132127955496,
    "avg_n_uncertainty_delay": 0.007997218358831711
}