{
    "conflicts": 0,
    "n_scheduler_delay": 408,
    "avg_reschedule_exec_time": 0.32202761779247274,
    "avg_active_aircrafts": 11.205555555555556,
    "makespan": 32370,
    "n_uncertainty_delay": 13,
    "n_delay": 421,
    "avg_queue_size": 0.002777777777777778
}