{
    "makespan": 32370,
    "n_delay": 360,
    "conflicts": 0,
    "avg_reschedule_exec_time": 0.27376625223814444,
    "n_scheduler_delay": 346,
    "avg_active_aircrafts": 10.579629629629629,
    "avg_queue_size": 0.002777777777777778,
    "n_uncertainty_delay": 14
}