{
    "n_scheduler_delay": 364,
    "n_uncertainty_delay": 22,
    "makespan": 32370,
    "conflicts": 0,
    "avg_queue_size": 0.002777777777777778,
    "avg_reschedule_exec_time": 0.30451216032338696,
    "n_delay": 386,
    "avg_active_aircrafts": 11.15
}