{
    "makespan": 32370,
    "avg_queue_size": 0.000925925925925926,
    "avg_reschedule_exec_time": 0.5093077304751374,
    "n_uncertainty_delay": 12,
    "conflicts": 0,
    "n_scheduler_delay": 326,
    "n_delay": 338,
    "avg_active_aircrafts": 11.172222222222222
}