{
    "conflicts": 0,
    "n_scheduler_delay": 393,
    "avg_reschedule_exec_time": 0.8072006079688001,
    "avg_active_aircrafts": 10.933333333333334,
    "makespan": 32370,
    "n_uncertainty_delay": 7,
    "n_delay": 400,
    "avg_queue_size": 0.005555555555555556
}