{
    "avg_reschedule_exec_time": 0.10283806994764917,
    "avg_n_delay": 0.006954102920723227,
    "avg_queue_size": 0.0,
    "conflicts": 0,
    "makespan": 76470,
    "avg_n_scheduler_delay": 0.006606397774687065,
    "avg_n_uncertainty_delay": 0.0003477051460361613
}