{
    "makespan": 32370,
    "avg_queue_size": 0.003703703703703704,
    "avg_reschedule_exec_time": 0.5978422763735749,
    "n_uncertainty_delay": 8,
    "conflicts": 0,
    "n_scheduler_delay": 422,
    "n_delay": 430,
    "avg_active_aircrafts": 11.394444444444444
}