{
    "avg_reschedule_exec_time": 0.2446335426596708,
    "avg_active_aircrafts": 10.676851851851852,
    "avg_queue_size": 0.004629629629629629,
    "n_uncertainty_delay": 3,
    "n_delay": 288,
    "conflicts": 0,
    "makespan": 32370,
    "n_scheduler_delay": 285
}