{
    "makespan": 32370,
    "avg_queue_size": 0.003703703703703704,
    "avg_reschedule_exec_time": 0.501743928776231,
    "n_uncertainty_delay": 0,
    "conflicts": 0,
    "n_scheduler_delay": 354,
    "n_delay": 354,
    "avg_active_aircrafts": 10.855555555555556
}