{
    "avg_n_uncertainty_delay": 0.0013908205841446453,
    "avg_n_delay": 0.010083449235048678,
    "avg_n_scheduler_delay": 0.008692628650904033,
    "conflicts": 0,
    "avg_queue_size": 0.0,
    "avg_reschedule_exec_time": 0.10463531037227025,
    "makespan": 76380
}