{
    "avg_reschedule_exec_time": 0.10569834875197132,
    "avg_n_delay": 0.013908205841446452,
    "avg_queue_size": 0.001043115438108484,
    "conflicts": 0,
    "makespan": 76380,
    "avg_n_scheduler_delay": 0.012517385257301807,
    "avg_n_uncertainty_delay": 0.0013908205841446453
}