{
    "n_scheduler_delay": 311,
    "makespan": 32370,
    "avg_reschedule_exec_time": 0.4507363607717115,
    "n_delay": 311,
    "n_uncertainty_delay": 0,
    "avg_queue_size": 0.008333333333333333,
    "conflicts": 0,
    "avg_active_aircrafts": 10.641666666666667
}