{
    "avg_reschedule_exec_time": 0.540235665787098,
    "avg_active_aircrafts": 11.237037037037037,
    "avg_queue_size": 0.003703703703703704,
    "n_uncertainty_delay": 1,
    "n_delay": 366,
    "conflicts": 0,
    "makespan": 32370,
    "n_scheduler_delay": 365
}