{
    "avg_n_scheduler_delay": 0.009388038942976356,
    "avg_queue_size": 0.0,
    "avg_n_delay": 0.01773296244784423,
    "avg_reschedule_exec_time": 0.5999936562726756,
    "conflicts": 0,
    "avg_n_uncertainty_delay": 0.008344923504867872,
    "makespan": 76470
}