{
    "n_scheduler_delay": 317,
    "n_uncertainty_delay": 8,
    "avg_active_aircrafts": 11.728703703703705,
    "n_delay": 325,
    "avg_reschedule_exec_time": 0.4566390015358149,
    "conflicts": 0,
    "makespan": 32370,
    "avg_queue_size": 0.06666666666666667
}