{
    "makespan": 76380,
    "avg_reschedule_exec_time": 0.12663747682804014,
    "avg_queue_size": 0.0003475842891901286,
    "avg_n_uncertainty_delay": 0.0010427528675703858,
    "avg_n_scheduler_delay": 0.011470281543274244,
    "avg_n_delay": 0.01251303441084463,
    "conflicts": 0
}