{
    "n_delay": 284,
    "n_scheduler_delay": 271,
    "avg_active_aircrafts": 10.812962962962963,
    "n_uncertainty_delay": 13,
    "makespan": 32370,
    "avg_reschedule_exec_time": 0.41075027820675875,
    "avg_queue_size": 0.000925925925925926,
    "conflicts": 0
}