{
    "n_scheduler_delay": 395,
    "n_uncertainty_delay": 19,
    "makespan": 32370,
    "conflicts": 0,
    "avg_queue_size": 0.001851851851851852,
    "avg_reschedule_exec_time": 0.30010930992836177,
    "n_delay": 414,
    "avg_active_aircrafts": 10.727777777777778
}