{
    "conflicts": 0,
    "makespan": 33570,
    "avg_n_delay": 0.04722222222222222,
    "avg_n_scheduler_delay": 0.025,
    "avg_n_uncertainty_delay": 0.022222222222222223,
    "avg_queue_size": 0.001388888888888889,
    "avg_reschedule_exec_time": 0.09220145074105861
}