{
    "conflicts": 0,
    "n_scheduler_delay": 473,
    "avg_reschedule_exec_time": 0.7024587599258849,
    "avg_active_aircrafts": 11.226851851851851,
    "makespan": 32370,
    "n_uncertainty_delay": 8,
    "n_delay": 481,
    "avg_queue_size": 0.001851851851851852
}