{
    "n_uncertainty_delay": 2,
    "avg_queue_size": 0.004629629629629629,
    "conflicts": 0,
    "avg_reschedule_exec_time": 0.5291991843733677,
    "n_delay": 369,
    "makespan": 32370,
    "n_scheduler_delay": 367,
    "avg_active_aircrafts": 10.610185185185186
}