{
    "avg_reschedule_exec_time": 0.4361917029979617,
    "avg_active_aircrafts": 10.673148148148147,
    "avg_queue_size": 0.001851851851851852,
    "n_uncertainty_delay": 1,
    "n_delay": 292,
    "conflicts": 0,
    "makespan": 32370,
    "n_scheduler_delay": 291
}