{
    "n_delay": 285,
    "conflicts": 0,
    "n_scheduler_delay": 283,
    "avg_reschedule_exec_time": 0.24967978166979413,
    "avg_active_aircrafts": 12.001851851851852,
    "avg_queue_size": 0.058333333333333334,
    "n_uncertainty_delay": 2,
    "makespan": 32370
}