{
    "conflicts": 0,
    "n_scheduler_delay": 329,
    "avg_reschedule_exec_time": 0.2411951496782462,
    "avg_active_aircrafts": 10.86574074074074,
    "makespan": 32370,
    "n_uncertainty_delay": 5,
    "n_delay": 334,
    "avg_queue_size": 0.003703703703703704
}