{
    "avg_n_delay": 0.015734265734265736,
    "avg_n_scheduler_delay": 0.011888111888111888,
    "avg_queue_size": 0.015384615384615385,
    "avg_n_uncertainty_delay": 0.0038461538461538464,
    "conflicts": 0,
    "avg_reschedule_exec_time": 0.22611055071924774,
    "makespan": 76530
}