{
    "n_scheduler_delay": 326,
    "n_uncertainty_delay": 4,
    "avg_active_aircrafts": 11.925925925925926,
    "n_delay": 330,
    "avg_reschedule_exec_time": 0.45980505832405977,
    "conflicts": 0,
    "makespan": 32370,
    "avg_queue_size": 0.04259259259259259
}