{
    "conflicts": 0,
    "makespan": 33330,
    "avg_n_delay": 0.03263888888888889,
    "avg_n_scheduler_delay": 0.025,
    "avg_n_uncertainty_delay": 0.007638888888888889,
    "avg_queue_size": 0.0020833333333333333,
    "avg_reschedule_exec_time": 0.05208115059685242
}