{
    "makespan": 32370,
    "avg_queue_size": 0.000925925925925926,
    "avg_reschedule_exec_time": 0.5481509308482325,
    "n_uncertainty_delay": 3,
    "conflicts": 0,
    "n_scheduler_delay": 384,
    "n_delay": 387,
    "avg_active_aircrafts": 11.121296296296297
}