{
    "conflicts": 0,
    "n_scheduler_delay": 340,
    "avg_reschedule_exec_time": 0.7507126366914209,
    "avg_active_aircrafts": 10.839814814814815,
    "makespan": 32370,
    "n_uncertainty_delay": 8,
    "n_delay": 348,
    "avg_queue_size": 0.002777777777777778
}