{
    "avg_n_uncertainty_delay": 0.005563282336578581,
    "avg_n_delay": 0.015994436717663423,
    "avg_n_scheduler_delay": 0.01043115438108484,
    "conflicts": 0,
    "avg_queue_size": 0.0006954102920723226,
    "avg_reschedule_exec_time": 0.10195088751800876,
    "makespan": 76530
}