{
    "avg_n_scheduler_delay": 0.00521557719054242,
    "avg_queue_size": 0.0,
    "avg_n_delay": 0.01008344923504868,
    "avg_reschedule_exec_time": 0.5860371885193424,
    "conflicts": 0,
    "avg_n_uncertainty_delay": 0.004867872044506259,
    "makespan": 76320
}