{
    "conflicts": 0,
    "makespan": 33180,
    "avg_n_delay": 0.05138888888888889,
    "avg_n_scheduler_delay": 0.02847222222222222,
    "avg_n_uncertainty_delay": 0.022916666666666665,
    "avg_queue_size": 0.004861111111111111,
    "avg_reschedule_exec_time": 0.09795567517825156
}