{
    "avg_reschedule_exec_time": 0.10200714367677906,
    "avg_n_delay": 0.010083449235048678,
    "avg_queue_size": 0.0,
    "conflicts": 0,
    "makespan": 76470,
    "avg_n_scheduler_delay": 0.007301808066759388,
    "avg_n_uncertainty_delay": 0.0027816411682892906
}