{
    "makespan": 76590,
    "avg_reschedule_exec_time": 0.11460354482455642,
    "avg_queue_size": 0.0,
    "avg_n_uncertainty_delay": 0.0003473428273706148,
    "avg_n_scheduler_delay": 0.006599513720041681,
    "avg_n_delay": 0.0069468565474122956,
    "conflicts": 0
}