{
    "n_scheduler_delay": 323,
    "makespan": 32370,
    "avg_reschedule_exec_time": 0.45889049130816795,
    "n_delay": 334,
    "n_uncertainty_delay": 11,
    "avg_queue_size": 0.001851851851851852,
    "conflicts": 0,
    "avg_active_aircrafts": 10.65925925925926
}