{
    "avg_queue_size": 0.001851851851851852,
    "n_uncertainty_delay": 6,
    "makespan": 32370,
    "n_scheduler_delay": 251,
    "avg_reschedule_exec_time": 0.21380327136017555,
    "conflicts": 0,
    "n_delay": 257,
    "avg_active_aircrafts": 10.396296296296295
}