{
    "conflicts": 0,
    "n_scheduler_delay": 350,
    "avg_reschedule_exec_time": 0.4043859956876053,
    "avg_active_aircrafts": 10.855555555555556,
    "makespan": 32370,
    "n_uncertainty_delay": 6,
    "n_delay": 356,
    "avg_queue_size": 0.001851851851851852
}