{
    "avg_n_delay": 0.013636363636363637,
    "avg_n_scheduler_delay": 0.011188811188811189,
    "avg_queue_size": 0.06083916083916084,
    "avg_n_uncertainty_delay": 0.0024475524475524478,
    "conflicts": 0,
    "avg_reschedule_exec_time": 0.24721625978632492,
    "makespan": 76740
}