{
    "avg_reschedule_exec_time": 0.10214689149830003,
    "avg_n_delay": 0.014951321279554938,
    "avg_queue_size": 0.0,
    "conflicts": 0,
    "makespan": 76650,
    "avg_n_scheduler_delay": 0.01043115438108484,
    "avg_n_uncertainty_delay": 0.004520166898470098
}