{
    "conflicts": 0,
    "makespan": 75360,
    "avg_queue_size": 0.0,
    "avg_reschedule_exec_time": 0.05517876081812016,
    "avg_n_delay": 0.001043115438108484,
    "avg_n_scheduler_delay": 0.0,
    "avg_n_uncertainty_delay": 0.001043115438108484
}