{
    "conflicts": 0,
    "n_scheduler_delay": 361,
    "avg_reschedule_exec_time": 1.232374877072452,
    "avg_active_aircrafts": 10.90462962962963,
    "makespan": 32370,
    "n_uncertainty_delay": 1,
    "n_delay": 362,
    "avg_queue_size": 0.000925925925925926
}