{
    "n_delay": 359,
    "conflicts": 0,
    "n_scheduler_delay": 353,
    "avg_reschedule_exec_time": 0.29457325270009593,
    "avg_active_aircrafts": 12.148148148148149,
    "avg_queue_size": 0.09259259259259259,
    "n_uncertainty_delay": 6,
    "makespan": 32370
}