{
    "avg_n_uncertainty_delay": 0.003129346314325452,
    "avg_n_delay": 0.01286509040333797,
    "avg_n_scheduler_delay": 0.009735744089012517,
    "conflicts": 0,
    "avg_queue_size": 0.0,
    "avg_reschedule_exec_time": 0.10345722539843291,
    "makespan": 76410
}