{
    "conflicts": 0,
    "avg_n_delay": 0.011888111888111888,
    "avg_n_scheduler_delay": 0.01013986013986014,
    "avg_reschedule_exec_time": 0.21657488379679934,
    "makespan": 76710,
    "avg_queue_size": 0.03076923076923077,
    "avg_n_uncertainty_delay": 0.0017482517482517483
}