{
    "n_scheduler_delay": 308,
    "n_uncertainty_delay": 0,
    "avg_active_aircrafts": 11.998148148148148,
    "n_delay": 308,
    "avg_reschedule_exec_time": 0.4890673925710279,
    "conflicts": 0,
    "makespan": 32370,
    "avg_queue_size": 0.044444444444444446
}