{
    "n_scheduler_delay": 324,
    "n_uncertainty_delay": 0,
    "makespan": 32370,
    "conflicts": 0,
    "avg_queue_size": 0.003703703703703704,
    "avg_reschedule_exec_time": 0.49246248866236486,
    "n_delay": 324,
    "avg_active_aircrafts": 10.750925925925927
}