{
    "avg_n_scheduler_delay": 0.006954102920723227,
    "avg_queue_size": 0.0,
    "avg_n_delay": 0.012517385257301807,
    "avg_reschedule_exec_time": 0.5954474652378008,
    "conflicts": 0,
    "avg_n_uncertainty_delay": 0.005563282336578581,
    "makespan": 76260
}