{
    "avg_n_delay": 0.03611111111111111,
    "avg_queue_size": 0.004166666666666667,
    "makespan": 33210,
    "avg_n_scheduler_delay": 0.030555555555555555,
    "avg_n_uncertainty_delay": 0.005555555555555556,
    "conflicts": 0,
    "avg_reschedule_exec_time": 0.09484857171358836
}