{
    "conflicts": 0,
    "avg_n_delay": 0.013986013986013988,
    "avg_n_scheduler_delay": 0.007692307692307693,
    "avg_reschedule_exec_time": 0.21914247895630312,
    "makespan": 76770,
    "avg_queue_size": 0.03531468531468532,
    "avg_n_uncertainty_delay": 0.006293706293706294
}