{
    "avg_n_delay": 0.025694444444444443,
    "avg_queue_size": 0.0,
    "makespan": 33480,
    "avg_n_scheduler_delay": 0.021527777777777778,
    "avg_n_uncertainty_delay": 0.004166666666666667,
    "conflicts": 0,
    "avg_reschedule_exec_time": 0.1085227862561597
}