{
    "makespan": 76320,
    "avg_queue_size": 0.00034782608695652176,
    "conflicts": 0,
    "avg_reschedule_exec_time": 0.6063513901175522,
    "avg_n_delay": 0.010434782608695653,
    "avg_n_uncertainty_delay": 0.0010434782608695651,
    "avg_n_scheduler_delay": 0.009391304347826087
}