{
    "conflicts": 0,
    "n_scheduler_delay": 347,
    "avg_reschedule_exec_time": 0.4199811853883878,
    "avg_active_aircrafts": 11.155555555555555,
    "makespan": 32370,
    "n_uncertainty_delay": 10,
    "n_delay": 357,
    "avg_queue_size": 0.001851851851851852
}