{
    "avg_reschedule_exec_time": 0.10422130248672783,
    "avg_n_delay": 0.02121001390820584,
    "avg_queue_size": 0.0,
    "conflicts": 0,
    "makespan": 76320,
    "avg_n_scheduler_delay": 0.011126564673157162,
    "avg_n_uncertainty_delay": 0.010083449235048678
}