{
    "n_scheduler_delay": 364,
    "n_uncertainty_delay": 4,
    "avg_active_aircrafts": 11.901851851851852,
    "n_delay": 368,
    "avg_reschedule_exec_time": 0.49722240802853607,
    "conflicts": 0,
    "makespan": 32370,
    "avg_queue_size": 0.044444444444444446
}