{
    "avg_reschedule_exec_time": 0.07164426956680436,
    "avg_queue_size": 0.0,
    "avg_n_scheduler_delay": 0.021527777777777778,
    "avg_n_uncertainty_delay": 0.005555555555555556,
    "conflicts": 0,
    "avg_n_delay": 0.027083333333333334,
    "makespan": 33240
}