{
    "makespan": 32370,
    "avg_queue_size": 0.001851851851851852,
    "avg_reschedule_exec_time": 0.2931091818698617,
    "n_uncertainty_delay": 33,
    "conflicts": 0,
    "n_scheduler_delay": 343,
    "n_delay": 376,
    "avg_active_aircrafts": 10.809259259259258
}