{
    "avg_reschedule_exec_time": 0.32256899988928506,
    "avg_active_aircrafts": 11.315740740740742,
    "avg_queue_size": 0.002777777777777778,
    "n_uncertainty_delay": 7,
    "n_delay": 419,
    "conflicts": 0,
    "makespan": 32370,
    "n_scheduler_delay": 412
}