{
    "conflicts": 0,
    "makespan": 33570,
    "avg_n_delay": 0.034027777777777775,
    "avg_n_scheduler_delay": 0.02847222222222222,
    "avg_n_uncertainty_delay": 0.005555555555555556,
    "avg_queue_size": 0.004861111111111111,
    "avg_reschedule_exec_time": 0.0524505951278389
}