{
    "makespan": 76290,
    "avg_queue_size": 0.0,
    "conflicts": 0,
    "avg_reschedule_exec_time": 0.6051818551917525,
    "avg_n_delay": 0.013217391304347827,
    "avg_n_uncertainty_delay": 0.002434782608695652,
    "avg_n_scheduler_delay": 0.010782608695652174
}