{
    "n_delay": 365,
    "conflicts": 0,
    "n_scheduler_delay": 362,
    "avg_reschedule_exec_time": 0.29043599062187725,
    "avg_active_aircrafts": 11.962037037037037,
    "avg_queue_size": 0.062037037037037036,
    "n_uncertainty_delay": 3,
    "makespan": 32370
}