{
    "conflicts": 0,
    "avg_n_delay": 0.01013986013986014,
    "avg_n_scheduler_delay": 0.008391608391608392,
    "avg_reschedule_exec_time": 0.21452577684966612,
    "makespan": 76470,
    "avg_queue_size": 0.03531468531468532,
    "avg_n_uncertainty_delay": 0.0017482517482517483
}