{
    "n_uncertainty_delay": 0,
    "makespan": 32370,
    "n_delay": 397,
    "avg_queue_size": 0.001851851851851852,
    "avg_active_aircrafts": 11.124074074074073,
    "n_scheduler_delay": 397,
    "conflicts": 0,
    "avg_reschedule_exec_time": 0.1303681366083465
}