{
    "conflicts": 0,
    "avg_n_delay": 0.014685314685314685,
    "avg_n_scheduler_delay": 0.010839160839160839,
    "avg_reschedule_exec_time": 0.22661723721195276,
    "makespan": 76770,
    "avg_queue_size": 0.03006993006993007,
    "avg_n_uncertainty_delay": 0.0038461538461538464
}