{
    "avg_n_delay": 0.01888111888111888,
    "avg_n_scheduler_delay": 0.016433566433566433,
    "avg_queue_size": 0.03636363636363636,
    "avg_n_uncertainty_delay": 0.0024475524475524478,
    "conflicts": 0,
    "avg_reschedule_exec_time": 0.14705098440887732,
    "makespan": 76740
}