{
    "avg_reschedule_exec_time": 0.5486982412116472,
    "avg_active_aircrafts": 11.094444444444445,
    "avg_queue_size": 0.005555555555555556,
    "n_uncertainty_delay": 1,
    "n_delay": 375,
    "conflicts": 0,
    "makespan": 32370,
    "n_scheduler_delay": 374
}