{
    "n_uncertainty_delay": 2,
    "avg_queue_size": 0.001851851851851852,
    "conflicts": 0,
    "avg_reschedule_exec_time": 0.5285298580347105,
    "n_delay": 340,
    "makespan": 32370,
    "n_scheduler_delay": 338,
    "avg_active_aircrafts": 10.746296296296297
}