{
    "n_delay": 316,
    "n_scheduler_delay": 313,
    "avg_active_aircrafts": 10.733333333333333,
    "n_uncertainty_delay": 3,
    "makespan": 32370,
    "avg_reschedule_exec_time": 0.4669294590173766,
    "avg_queue_size": 0.000925925925925926,
    "conflicts": 0
}