{
    "conflicts": 0,
    "n_scheduler_delay": 363,
    "avg_reschedule_exec_time": 0.27412959551766986,
    "avg_active_aircrafts": 10.967592592592593,
    "makespan": 32370,
    "n_uncertainty_delay": 11,
    "n_delay": 374,
    "avg_queue_size": 0.003703703703703704
}