{
    "avg_n_delay": 0.024305555555555556,
    "avg_queue_size": 0.008333333333333333,
    "makespan": 33150,
    "avg_n_scheduler_delay": 0.019444444444444445,
    "avg_n_uncertainty_delay": 0.004861111111111111,
    "conflicts": 0,
    "avg_reschedule_exec_time": 0.10880839076501056
}