{
    "n_delay": 360,
    "n_scheduler_delay": 360,
    "avg_active_aircrafts": 10.850925925925926,
    "n_uncertainty_delay": 0,
    "makespan": 32370,
    "avg_reschedule_exec_time": 0.5011144992917083,
    "avg_queue_size": 0.001851851851851852,
    "conflicts": 0
}