{
    "avg_reschedule_exec_time": 0.10501821990796782,
    "avg_n_delay": 0.015994436717663423,
    "avg_queue_size": 0.0,
    "conflicts": 0,
    "makespan": 76470,
    "avg_n_scheduler_delay": 0.013560500695410291,
    "avg_n_uncertainty_delay": 0.0024339360222531293
}