{
    "avg_reschedule_exec_time": 0.10445643699932895,
    "avg_n_delay": 0.011126564673157162,
    "avg_queue_size": 0.0,
    "conflicts": 0,
    "makespan": 76770,
    "avg_n_scheduler_delay": 0.011126564673157162,
    "avg_n_uncertainty_delay": 0.0
}