{
    "n_scheduler_delay": 292,
    "n_uncertainty_delay": 4,
    "avg_active_aircrafts": 11.74074074074074,
    "n_delay": 296,
    "avg_reschedule_exec_time": 0.44121326845745706,
    "conflicts": 0,
    "makespan": 32370,
    "avg_queue_size": 0.040740740740740744
}