{
    "n_delay": 367,
    "conflicts": 0,
    "n_scheduler_delay": 363,
    "avg_reschedule_exec_time": 0.3009222485298334,
    "avg_active_aircrafts": 12.135185185185184,
    "avg_queue_size": 0.0962962962962963,
    "n_uncertainty_delay": 4,
    "makespan": 32370
}