{
    "n_uncertainty_delay": 0,
    "makespan": 32370,
    "n_delay": 359,
    "avg_queue_size": 0.002777777777777778,
    "avg_active_aircrafts": 11.007407407407408,
    "n_scheduler_delay": 359,
    "conflicts": 0,
    "avg_reschedule_exec_time": 0.26936976454032374
}