{
    "avg_queue_size": 0.001851851851851852,
    "n_uncertainty_delay": 11,
    "makespan": 32370,
    "n_scheduler_delay": 308,
    "avg_reschedule_exec_time": 0.1344739935172511,
    "conflicts": 0,
    "n_delay": 319,
    "avg_active_aircrafts": 10.908333333333333
}