{
    "makespan": 76410,
    "avg_reschedule_exec_time": 0.11717883928334788,
    "avg_queue_size": 0.0,
    "avg_n_uncertainty_delay": 0.0010420284821118443,
    "avg_n_scheduler_delay": 0.010072941993747829,
    "avg_n_delay": 0.011114970475859673,
    "conflicts": 0
}