{
    "conflicts": 15,
    "makespan": 76680,
    "avg_queue_size": 0.14175438596491227,
    "avg_reschedule_exec_time": 0.8891421176017599,
    "avg_n_delay": 0.044,
    "avg_n_scheduler_delay": 0.044,
    "avg_n_uncertainty_delay": 0.0
}