{
    "conflicts": 0,
    "makespan": 33330,
    "avg_n_delay": 0.021527777777777778,
    "avg_n_scheduler_delay": 0.02013888888888889,
    "avg_n_uncertainty_delay": 0.001388888888888889,
    "avg_queue_size": 0.0020833333333333333,
    "avg_reschedule_exec_time": 0.05056241827090802
}