{
    "n_scheduler_delay": 344,
    "makespan": 32370,
    "avg_reschedule_exec_time": 0.45430249502492503,
    "n_delay": 362,
    "n_uncertainty_delay": 18,
    "avg_queue_size": 0.001851851851851852,
    "conflicts": 0,
    "avg_active_aircrafts": 10.849074074074075
}