{
    "conflicts": 0,
    "avg_n_delay": 0.01013986013986014,
    "avg_n_scheduler_delay": 0.00909090909090909,
    "avg_reschedule_exec_time": 0.2622064217715196,
    "makespan": 76440,
    "avg_queue_size": 0.032867132867132866,
    "avg_n_uncertainty_delay": 0.001048951048951049
}