{
    "conflicts": 0,
    "n_scheduler_delay": 299,
    "avg_reschedule_exec_time": 0.2608661576414374,
    "avg_active_aircrafts": 10.777777777777779,
    "makespan": 32370,
    "n_uncertainty_delay": 10,
    "n_delay": 309,
    "avg_queue_size": 0.001851851851851852
}