{
    "n_delay": 338,
    "n_scheduler_delay": 334,
    "avg_active_aircrafts": 10.680555555555555,
    "n_uncertainty_delay": 4,
    "makespan": 32370,
    "avg_reschedule_exec_time": 0.4618717393209768,
    "avg_queue_size": 0.003703703703703704,
    "conflicts": 0
}