{
    "n_uncertainty_delay": 0,
    "makespan": 32370,
    "n_delay": 388,
    "avg_queue_size": 0.007407407407407408,
    "avg_active_aircrafts": 11.241666666666667,
    "n_scheduler_delay": 388,
    "conflicts": 0,
    "avg_reschedule_exec_time": 0.2940217617049067
}