{
    "n_delay": 358,
    "n_scheduler_delay": 354,
    "avg_active_aircrafts": 10.722222222222221,
    "n_uncertainty_delay": 4,
    "makespan": 32370,
    "avg_reschedule_exec_time": 0.4759431595026061,
    "avg_queue_size": 0.002777777777777778,
    "conflicts": 0
}