{
    "conflicts": 0,
    "avg_n_delay": 0.01853146853146853,
    "avg_n_scheduler_delay": 0.015384615384615385,
    "avg_reschedule_exec_time": 0.2532922852207238,
    "makespan": 76530,
    "avg_queue_size": 0.023776223776223775,
    "avg_n_uncertainty_delay": 0.003146853146853147
}