{
    "conflicts": 0,
    "n_scheduler_delay": 267,
    "avg_reschedule_exec_time": 1.0021293672283045,
    "avg_active_aircrafts": 10.641666666666667,
    "makespan": 32370,
    "n_uncertainty_delay": 8,
    "n_delay": 275,
    "avg_queue_size": 0.002777777777777778
}