{
    "avg_queue_size": 0.002777777777777778,
    "n_uncertainty_delay": 4,
    "makespan": 32370,
    "n_scheduler_delay": 334,
    "avg_reschedule_exec_time": 0.17116824431671737,
    "conflicts": 0,
    "n_delay": 338,
    "avg_active_aircrafts": 10.667592592592593
}