{
    "n_uncertainty_delay": 0,
    "makespan": 32370,
    "n_delay": 298,
    "avg_queue_size": 0.003703703703703704,
    "avg_active_aircrafts": 10.764814814814814,
    "n_scheduler_delay": 298,
    "conflicts": 0,
    "avg_reschedule_exec_time": 0.3246840261815318
}