{
    "avg_queue_size": 0.001851851851851852,
    "n_uncertainty_delay": 7,
    "makespan": 32370,
    "n_scheduler_delay": 309,
    "avg_reschedule_exec_time": 0.1333215550721687,
    "conflicts": 0,
    "n_delay": 316,
    "avg_active_aircrafts": 10.846296296296297
}