{
    "avg_n_delay": 0.01321279554937413,
    "avg_n_scheduler_delay": 0.009388038942976356,
    "avg_queue_size": 0.0,
    "avg_n_uncertainty_delay": 0.0038247566063977748,
    "conflicts": 0,
    "avg_reschedule_exec_time": 0.09919057749108019,
    "makespan": 76320
}