{
    "conflicts": 0,
    "makespan": 33240,
    "avg_n_delay": 0.04722222222222222,
    "avg_n_scheduler_delay": 0.03611111111111111,
    "avg_n_uncertainty_delay": 0.011111111111111112,
    "avg_queue_size": 0.0020833333333333333,
    "avg_reschedule_exec_time": 0.09489133895937779
}