{
    "n_scheduler_delay": 336,
    "n_uncertainty_delay": 0,
    "avg_active_aircrafts": 11.941666666666666,
    "n_delay": 336,
    "avg_reschedule_exec_time": 0.5100637214128361,
    "conflicts": 0,
    "makespan": 32370,
    "avg_queue_size": 0.07592592592592592
}