{
    "avg_n_uncertainty_delay": 0.0006946856547412296,
    "makespan": 76410,
    "avg_n_delay": 0.012156998957971517,
    "avg_reschedule_exec_time": 0.35726974224199265,
    "conflicts": 0,
    "avg_queue_size": 0.0,
    "avg_n_scheduler_delay": 0.011462313303230288
}